"individuo","outfit","z.outfit","infit","z.infit","Zh"
1,0.643576780048699,-0.878961265599816,0.818200212579283,-0.859582816311469,0.917559675006956
2,0.90700089320136,-0.146594085391691,1.04610144069569,0.29801956385773,-0.0817321076638162
3,0.719739579525012,-1.45833359775213,0.775065424615979,-1.32543116923195,1.31103493915772
4,0.979508558861065,0.0330326210765636,1.10043696725392,0.609826258997999,-0.37509964139339
5,0.223670296032689,-0.488072544690467,0.509296942089369,-1.04517692185306,1.00134502897233
6,1.09231364502847,0.368048839724657,1.01883650222752,0.16191214342375,-0.184345766553568
7,0.91499981532074,-0.397305889263665,0.910278354674624,-0.581553913290993,0.554314083415903
8,0.973273925577872,-0.0769768041522705,0.88477813956316,-0.76575320110178,0.60198893114932
9,1.43046574934914,2.07714454821313,1.3381680654764,2.15987550358086,-2.32068599898075
10,0.90776208145332,-0.426070545250237,0.933373219249835,-0.355698224725864,0.426826806835177
11,1.19727356324886,0.918960857225416,0.990908438907371,-0.00705547014275577,-0.21046334388032
12,0.882509506350846,-0.252906387095933,1.04502082973339,0.305434842363221,-0.0365889307347808
13,1.03082492537371,0.21433581225984,1.05938783132094,0.432891850730849,-0.337759848007445
14,0.937308879531892,-0.254791087285052,0.971403370118413,-0.14477253948692,0.222818485670762
15,0.714785380494214,-1.47657687007863,0.758681323169045,-1.42381918019572,1.36794062088544
16,0.233518760867871,-0.844900467196581,0.498104460731926,-1.43294545993633,1.26671250781878
17,0.41936789266834,-0.324297840951415,0.77146325233199,-0.413337110981968,0.605524013905212
18,0.649829938986185,-0.196770715170255,0.883050330183577,-0.223098592611376,0.36345406595615
19,0.876663859377531,-0.655413788457204,0.910470182009345,-0.581181712114999,0.634343320565439
20,0.768553934199631,-1.35093534669007,0.814852703463038,-1.27529029437087,1.26297407164694
21,0.912875693966675,-0.236160668047692,0.984972319154959,-0.0322009710620331,0.151201733291945
22,0.683113161962608,-0.620912285148488,0.902321380075596,-0.39970506621208,0.581695936739053
23,1.49080654446013,0.956560090777457,0.985460069688509,0.0287744292298597,-0.267084223033024
24,0.503632707134413,-0.498388951337766,0.764168739660833,-0.641827184127263,0.730974554054151
25,0.806854865661618,-1.05235172256771,0.85067697349311,-0.934614790231172,0.972431810123728
26,1.09972347597357,0.363615047772292,0.981728375022662,-0.00893030716887104,-0.00210858193226377
27,0.988613079355999,-0.00491621325198018,1.00034106275416,0.0514917958031665,0.0130386465066823
28,0.182296941166423,-0.565273976804898,0.482004249612058,-1.15217358783762,1.08860928764932
29,0.869196597444747,-0.0695103120189903,0.871079606793235,-0.444801639637133,0.369302095015521
30,0.945899481936977,-0.222228717953295,0.990494138319014,-0.0159204745560085,0.128132433291777
31,0.720735738609232,0.189042205774647,0.650287230784334,-0.584470985853399,0.481652287424306
32,0.855109436301968,-0.789373817383443,0.860696110492713,-0.962252094282017,0.912162487716632
33,0.881520172627359,-0.195798803914053,0.920604535431777,-0.334698913616738,0.356529894680262
34,1.12478296697946,0.732184393543711,1.10438170623562,0.734329369802638,-0.713439555935928
35,1.23804433170427,0.749575213943732,1.06667619049682,0.408428487298163,-0.478134985996953
36,0.72200454754929,-0.426611259662727,0.994052958400215,0.0540865546013601,0.235109648517989
37,0.512017506200643,-0.646423984578363,0.833398501973745,-0.484755263060312,0.695034159708102
38,1.03915761298867,0.274228112673794,0.962746864225224,-0.210771294362591,0.119411245092721
39,0.92849586336071,-0.330253857380554,0.971281732567539,-0.149899160526571,0.254537953337007
40,0.992094498525688,0.0153003456840501,1.02170009661117,0.193607657878191,-0.0834995599373282
41,0.512156412734205,-3.0863133173624,0.554523905599364,-3.21022452497434,2.67348157525065
42,0.683236459585152,-0.374263464257666,0.872942574301151,-0.398213591843513,0.489951558697766
43,0.799963297274016,-1.08399719458032,0.821529463697597,-1.25875245811799,1.17968612592469
44,0.707188702925476,-0.119850285186214,0.875618833517707,-0.256059096783486,0.327693465303388
45,1.03469246178659,0.251223528400782,0.981869552543614,-0.0709359324424447,0.0228824539831648
46,0.995516317031155,0.0358713501239083,1.03442675322099,0.271261178218625,-0.142643250991213
47,0.844547948368096,-0.844802346646533,0.900876701895091,-0.611197333116489,0.713870547995946
48,0.410858592108957,-0.762123079352799,0.6172978474966,-1.25119840346412,1.12359342496238
49,0.476255526838854,-0.546903900152595,0.8254491878199,-0.430529448465964,0.65083154487182
50,1.09615558645669,0.575715728899449,1.14408289782256,0.992875652204117,-0.847467075745005
51,0.907072224124747,-0.458686597863717,0.930323840985896,-0.442547721164717,0.482721456172217
52,1.00704616599376,0.0999107162417097,1.03466628644449,0.28457895326202,-0.181354124424087
53,0.9801094755536,-0.0371933272137767,0.994767598263097,0.0251089261531996,0.0501515620209579
54,0.454136181414176,-0.87864621074372,0.710202788694335,-1.07250268155222,1.09103099698479
55,1.03095702826393,0.230773829379627,1.04145687024098,0.321438558427487,-0.246576429017933
56,0.733432625362441,-1.5774999667864,0.784047272066826,-1.52269332663622,1.46718995258057
57,1.21084510376299,1.07869812437618,1.1960541418829,1.16244218165982,-1.14907610298431
58,1.03572340928791,0.223874180145228,1.10262586962073,0.68341149237328,-0.508244332540244
59,0.918850033378844,-0.0252776469340328,0.90071338068532,-0.37253726402907,0.352599066218972
60,0.688672774439327,-1.23116894328645,0.775051705552092,-1.41617628884685,1.32666570430487
61,0.485580141488972,-0.220128511514301,0.811504724647166,-0.308563705326146,0.490359383728195
62,0.821585257447792,-0.939744084497126,0.86426113427838,-0.926979078797252,0.938318107881174
63,1.06336330785986,0.398251942777557,1.05448584321044,0.396148999322385,-0.356177296007532
64,0.650435128186483,-1.16005707175747,0.796798972500007,-1.1583851416652,1.17570563606344
65,0.328228483949127,-0.917028336171164,0.585978483466743,-1.34386553277108,1.23662891255195
66,1.16495714473171,0.510897334147475,1.06158282095385,0.365202374055184,-0.350101422089875
67,1.11461609305382,0.660529778780616,1.13913752123418,0.964485690171899,-0.863289529277917
68,1.02617281986392,0.198084466383554,0.984218504971151,-0.0111728240565463,0.0108892609151
69,0.754187724293405,-0.228476141672994,1.03746962614457,0.226352580801629,0.0545078999478018
70,1.43981778490268,0.819405713836011,1.18852435117783,0.727361720098541,-0.861459364649658
71,1.02193665414373,0.179356118416308,1.0612836474619,0.438117767006878,-0.306409544070726
72,0.990038904585069,0.020517975690168,0.932713788159571,-0.324092704188363,0.268979467518364
73,1.32685508570174,1.71859607047818,1.23855597700016,1.53532628378851,-1.67706211675089
74,0.867670442269748,-0.549096081925773,0.944368333605868,-0.323711856648449,0.449254370274652
75,0.750203399351636,-1.35154093355237,0.820834840111726,-1.09233040120329,1.15365465199986
76,1.10560804655853,0.627036732799107,1.10986760679609,0.747494081754693,-0.683685364585811
77,0.434118222345042,-0.110036305838844,0.631027036387219,-0.655085229512927,0.655499033559798
78,1.0130562906715,0.132314340200539,1.04536672441914,0.348483401411893,-0.228648258697061
79,0.997828601238411,0.0498551338401566,0.998614916733713,0.0443586337886813,0.00780821731202137
80,0.718254163829831,-1.53074551992013,0.787261913476286,-1.52834222106239,1.47621362799631
81,0.857743804661545,-0.257111422912685,0.954250570959606,-0.160881119206323,0.25599736193365
82,0.626196341589515,-0.561293812597557,0.862260104524733,-0.447497619774509,0.603485226346203
83,1.06866722079425,0.391872732945116,1.02911200504815,0.221876742356665,-0.214209160241919
84,0.913163646417269,-0.426651844873267,0.912546849786296,-0.525974954349312,0.531022721893016
85,1.45887267156075,1.98323165937717,1.2291618834581,1.45091858697911,-1.73692769021904
86,1.0508817127915,0.327675396242959,1.09873660944192,0.70325446293894,-0.562540378667323
87,1.11349326014387,0.398542102073048,0.944760415827055,-0.198574470672118,0.0728839527391456
88,1.02598884807575,0.212832676140426,1.1440628643503,0.676897338130585,-0.491475961050417
89,0.836391810414419,-0.909346889207119,0.861809161599591,-0.935267223869248,0.933169868117928
90,0.894978896223543,-0.510514579290711,0.944154774204512,-0.297865437063237,0.414703260741787
91,0.68355317512105,-0.59420893801622,0.959180620658786,-0.108042300122777,0.408732057979166
92,1.26380265160968,1.24314107851815,1.18327504037913,1.02585069590348,-1.10803214877671
93,0.950887829506617,-0.159032406649268,0.961316589603976,-0.205531993703993,0.231217401863263
94,0.886866047347496,-0.118408290282088,1.07572268989988,0.416695435903864,-0.155505699318273
95,0.948288671980975,-0.000478003650112524,0.847309543061899,-0.743674174750547,0.567365953739608
96,0.871595067576285,-0.352018948972712,0.979290506505154,-0.0594085472309292,0.221658437186853
97,0.697877708525195,-0.416087742511871,0.945970197250613,-0.137764732447159,0.353707382883262
98,0.864742916940518,-0.00836737277472249,0.87621335902803,-0.348804595949423,0.321467452250036
99,0.766896122143471,-1.13390965888399,0.81759676206589,-1.22790150259251,1.18506400209941
100,1.01516070019112,0.143364611780533,0.990339021439624,-0.0098002185799657,0.020154484084434
101,1.1782266669546,0.709870645370509,1.08393987080982,0.548800266219644,-0.605612954222951
102,0.733855147715557,-1.04836495445819,0.821169935827459,-1.17046049563316,1.14093261701289
103,0.995371150198132,0.0443263759982425,1.0019591219427,0.0630625992705499,-0.0102467774416484
104,1.04261568809564,0.291910595067524,1.03393161257606,0.268651243801665,-0.228871730495578
105,0.737078405924286,-0.759817284558988,0.870293134679513,-0.672991681794772,0.760069715247133
106,0.659929191512417,-1.95491073795787,0.707477732282839,-2.16807201868286,1.94437065600071
107,0.792471851978414,-0.757530546443427,0.819223777565196,-1.11558035607538,1.00307446386016
108,0.322000418393337,-0.367293703361199,0.663410786033404,-0.620395612268245,0.765672492904712
109,0.969235911010166,-0.114518276177219,1.00119588836641,0.0578632436275178,0.0494360735020422
110,0.705538336378059,-1.66596806540041,0.764062365681518,-1.71741994777628,1.61551953525864
111,0.656303830270149,-0.504143346099708,0.901406727703767,-0.317366297635155,0.50069700868179
112,1.36992260898448,1.00269745880313,1.21323648912927,1.0572934700175,-1.11170495730419
113,1.45985397783679,1.37842095659439,1.15938752849723,0.907860419353586,-1.13086167214662
114,1.15262984271642,0.451282134104468,1.04006309725911,0.242718104571219,-0.253958274460077
115,1.1012675121804,0.456555186266284,1.08362939678913,0.545817937898121,-0.497970418631419
116,0.897849456470398,-0.47526119194445,0.926302287272794,-0.386696558292926,0.463836018365212
117,0.985887822194583,-0.00495589101923602,0.984286062919729,-0.0340025713266801,0.0826633508973716
118,0.287873124864913,-0.249243910845994,0.622706900940188,-0.524781202323471,0.665150162409328
119,0.587155363452104,-0.102219805395939,0.784640209666523,-0.397481380824118,0.481909046871393
120,0.932706333666541,-0.301769110930165,0.959096084692398,-0.234693816158405,0.297710695931338
121,0.614030581295154,-0.583781193118967,0.820043602145008,-0.620142105380864,0.707567586857901
122,0.60077167638613,-0.638005754529209,0.846429771667174,-0.55089348711615,0.691786475153498
123,0.75666987102584,-1.366214511884,0.809497113844863,-1.35133639646353,1.320993374999
124,0.913069485741808,-0.374145392904473,0.927642337588293,-0.36437055829713,0.4156612934243
125,1.14117704231433,0.764703496024229,1.07880305462216,0.517862910387068,-0.553118687414744
126,0.339159775851482,-0.242360663049425,0.592975958840572,-0.694625220773101,0.73718502526248
127,1.2738085882551,0.628808653843745,0.972678780482984,-0.0187517540000275,-0.115550032954313
128,0.89580029374555,0.0617981199239603,0.934232839597749,-0.124989607205053,0.192722450698562
129,0.643140052489315,-0.111261487788232,0.84654719976181,-0.284494941188876,0.389851383967427
130,1.17836049029961,0.828612902927126,1.1841677927308,1.22918515013697,-1.1423781034962
131,1.03338148557394,0.225854038188171,1.03479883918826,0.249820948629566,-0.175334016436998
132,0.573064667142655,-0.792834599774091,0.791091770784657,-0.857801899716985,0.910400262229464
133,0.603533401111626,-0.294841790086636,0.84617588418861,-0.351884474300085,0.483653069851987
134,0.550491290703377,-1.4779798843387,0.683713995704293,-1.84277839169584,1.62597933582774
135,0.322000418393337,-0.367293703361199,0.663410786033404,-0.620395612268245,0.765672492904712
136,0.858993408018074,-0.28940370862513,0.876714965945894,-0.625043627088298,0.561077696639082
137,1.08627741556313,0.49882871526316,1.05049987953638,0.352194736703665,-0.352055951870083
138,0.64227898754578,-1.86361765727642,0.696248513208835,-1.80107088272225,1.6712001220219
139,1.13002891413561,0.505385059287966,1.08770294352656,0.530832828398083,-0.53356633996367
140,1.19480140068906,1.06843499229866,1.10804315083158,0.768080636185378,-0.863112033973039
141,1.08194997550387,0.326678190307069,1.01253862547646,0.130066309662229,-0.129753327091368
142,0.775900130346626,0.217954492065072,0.980593504866164,0.12071697310053,0.011510525868338
143,0.314241970889446,-0.612852197999576,0.617910740349796,-0.963279042415182,0.986498126774842
144,1.15406422271356,0.880084894857859,1.14624304832074,0.981225972758941,-0.94451522636569
145,0.945208576350436,-0.206460551580216,0.970426974152935,-0.149426099023168,0.213714491630842
146,1.0348367064233,0.24264281548561,0.955114341665489,-0.260909613096167,0.154177848734096
147,0.389990486305622,-0.108645890966122,0.641946917825274,-0.544816592528848,0.613795917304836
148,1.19259294271508,0.616079285923809,1.18927127561357,1.02562145397692,-0.942684845220735
149,0.568949096729586,-0.432293075782069,0.830748107348911,-0.450511711201192,0.592684760312083
150,0.447892655135274,-0.504236323823298,0.743899858717366,-0.637709775143146,0.754880069239363
151,0.899252335681055,-0.516240441240832,0.958824672417771,-0.236278510279624,0.374186512519201
152,1.21039911543361,1.16220664034591,1.2317373090451,1.52844659404038,-1.46354253941125
153,0.900611509034203,-0.461798412103689,0.937468238933156,-0.385369964088159,0.450417725163752
154,1.07732366462026,0.477854402192012,1.0546438649878,0.422688823213834,-0.415659250316242
155,1.11152416076796,0.662876370864841,1.13424444861319,0.926371389621642,-0.829740792095451
156,0.732824731783719,-0.707505415388759,0.878426064333206,-0.588204746104857,0.696211482612872
157,0.8876831216629,-0.58764141605305,0.93153541037575,-0.431120357503585,0.519908756435066
158,0.771874933924571,-1.10325646823524,0.778494228616635,-1.52099490681515,1.35214585182259
159,0.986955168271563,0.0272698714933942,1.0809087690619,0.543954307107718,-0.327820035710109
160,0.812650413634305,-0.96512712363446,0.85882817685721,-0.837651431354469,0.889018664064639
161,0.418119985424327,-0.672350431217256,0.735115100275306,-0.746022076922721,0.873129608651957
162,0.500949951347557,-0.610586184146948,0.835470973240078,-0.455913630958084,0.676886480512608
163,1.08473273570616,0.511719920991961,1.09927202116529,0.709671963293593,-0.62339904814049
164,0.91649546421176,-0.206945052363959,1.01244163471234,0.129360945294846,0.0407424858464969
165,0.988233520485247,0.00505935206465772,0.98363782804853,-0.0627783404510888,0.0754860166229274
166,0.971924273523626,-0.0892115696244966,1.00496325610707,0.0824865549293402,0.0226036256938186
167,0.820014758146525,-0.653379513285701,0.859050601753968,-0.837851958231453,0.806347410574764
168,0.870852649334324,-0.215092047344915,0.899687594105196,-0.437937958889507,0.437193121235762
169,1.10185711808579,0.609388774070388,1.09802406911412,0.704998973204412,-0.659434944101316
170,0.897514141845938,-0.400478256238159,0.984174624514738,-0.051690001618186,0.224172052377426
171,0.793179515242545,-0.380571911084387,0.981523355429099,-0.0204358727907328,0.2297216611807
172,0.685311091447236,-1.70061734155189,0.737890805018453,-1.87982625301866,1.72257206989513
173,1.16004081848336,0.791769491145668,1.06843236917521,0.495346964763969,-0.559359938417485
174,1.06779854682361,0.373639959660104,1.05362747202103,0.342547950114434,-0.294731408255101
175,1.5209480046325,1.1973207656804,1.19259242387454,0.948578975155991,-1.10015764545484
176,1.07459070896751,0.450094774864474,1.05234563598713,0.369500437168778,-0.347482787844813
177,1.04248045971938,0.255415129214306,1.00477074791857,0.0829396715936674,-0.0958027439379835
178,1.1209070687707,0.531795397619554,1.08468635156043,0.550059333396443,-0.532703035232341
179,0.816245013574863,-0.174386894449505,1.10509829947587,0.49568727746048,-0.165789720027864
180,0.624509677430334,-0.707540025168488,0.805490093158137,-0.80137391585758,0.839433885264164
181,0.444817669566112,-0.876512888631288,0.71064341817832,-1.01111742180383,1.04742850790342
182,0.602897504776915,-0.955074431624953,0.818060709321368,-0.858955131790774,0.963274590860812
183,0.662068279369778,-2.10272369915287,0.697066116234789,-2.27831614729055,2.02434764980038
184,0.794370194810506,-1.02501917702538,0.848482382021498,-1.03717402692365,1.03742530406067
185,0.941120171312754,-0.113808562147799,0.96787048059375,-0.131831214965051,0.197794255094
186,0.765263625909821,-0.724426022951977,0.889420344191396,-0.592333146768889,0.694655875333698
187,0.9361804796168,-0.168777429201037,1.06202606391612,0.427348159960283,-0.168043439615247
188,1.13821979892339,0.668581497602695,1.09224206333558,0.653466069317075,-0.659619711412157
189,1.02728450653547,0.19360915829237,1.12277900759142,0.795563684351745,-0.573252127876974
190,0.795278284335696,-0.79370561307147,0.902446829290997,-0.569246111905591,0.697172235172897
191,0.915254624642432,-0.115936763243475,0.845672800163757,-0.774167807241232,0.603659784027308
192,0.976792022417129,-0.0682987558841233,1.00134460292702,0.0576643343138044,0.0283969898410117
193,0.78636734853804,-0.422708111874674,0.967364483432032,-0.0928639867022481,0.292127884487868
194,1.02288612348068,0.186268161088586,1.10580729098708,0.600450474235387,-0.4409166845383
195,0.963303451826287,-0.0315096668427287,1.03911352188522,0.285644086371402,-0.132011386940323
196,0.979785290792242,-0.0478763322414049,0.955306463368159,-0.232517599258721,0.230391988035813
197,0.945639235077578,-0.224867106070878,0.905422219480106,-0.623128039383,0.546975903533867
198,1.40438688490093,1.00366113761733,1.02311715948549,0.180440077905572,-0.445665346382123
199,1.03684393852779,0.249977784627584,1.03163089381379,0.26012186603647,-0.229415452808798
200,1.06616140753669,0.419438457720927,1.05881077248441,0.444948980998005,-0.399740734000655
201,1.23035169128124,0.7309639844062,1.13350685261847,0.765147705357,-0.73914643635166
202,0.710309718463985,-0.0783140508507658,0.949092040003073,-0.020342103198218,0.193483166141564
203,0.987984485531569,0.058747131232077,1.03888678618052,0.275634890032032,-0.144712035474608
204,0.721002789715846,-1.39099979776736,0.779555044413274,-1.25895252611485,1.25537285726124
205,1.25906997827852,1.28102393787529,1.15880593855535,1.07311142803428,-1.16177921013822
206,0.96129831935081,-0.13849928980149,0.937150613667865,-0.324705074861395,0.310560488984825
207,0.826410461910276,-0.272332372913871,0.934387747989157,-0.236867857965671,0.319189235243263
208,0.804884114888918,-0.872922076418362,0.88120406493457,-0.778021217116444,0.841804198865572
209,0.881670500018414,-0.633376532868484,0.928902051090859,-0.449219815064525,0.546380235367495
210,1.25124837058529,0.590031831813763,1.17856177095409,0.731507828941775,-0.758423251163213
211,0.998569278511933,0.114054108693506,1.15477529040286,0.848854196879642,-0.561704750178351
212,1.01977473834068,0.215315600085409,1.05844223211067,0.315319856586174,-0.218491401900931
213,0.933268475774373,-0.310685294990297,0.938909951345286,-0.342609033519427,0.380645255961707
214,0.792801378493779,-1.13706715727725,0.813922351208812,-1.20854464981228,1.15956734311923
215,1.11087670501154,0.387664667444873,1.05490817024995,0.278097748770852,-0.277162923447365
216,0.817185353732682,-0.405738051665362,0.945487208000943,-0.237489438008324,0.3744824369253
217,0.726840361277751,-0.531927139494785,0.876609018048206,-0.500339347024188,0.59622574813535
218,1.26603780356567,1.35388149836108,1.14382940325267,0.988365479017342,-1.12349736865599
219,0.887502221676475,-0.591356719789781,0.906311723720199,-0.603238256558812,0.628442760697602
220,1.08638065473163,0.406170857140978,0.849259067574789,-0.278724349033229,0.213917070734663
221,1.04210570543368,0.236259845373492,1.0965450867258,0.525649756073928,-0.399288550259253
222,1.13749734657577,0.732340171327691,1.09566338494222,0.597178821181153,-0.610121225672531
223,0.927049242180921,-0.352836683630631,0.923564666803244,-0.49383279813605,0.485217207553639
224,0.636998816886035,-0.0666240677337578,0.830378675843693,-0.295966764653177,0.385891508028844
225,1.3726509849116,1.87894372446085,1.27864065041395,1.80946785937115,-1.96521078201227
226,0.79789862316113,-1.1132004176079,0.831030824934653,-1.18707385308513,1.15120163054984
227,0.973267723698248,-0.06835718206397,0.972674518586754,-0.134770047418992,0.155569440915497
228,0.750894378261145,-0.555158582252018,0.825190924392649,-0.861489057098255,0.786806862378657
229,0.646602886526509,-0.561806625406084,0.893334564869139,-0.35284223921518,0.537922482047772
230,0.456767031668952,-1.16924120690563,0.673341701111607,-1.42350302759617,1.33155980210221
231,0.771226533799161,-0.526223765409416,0.960152079265712,-0.146880209307208,0.372669784231266
232,1.18564458438241,0.485851424425961,0.941113805586297,-0.0606636288916206,0.0030745478020567
233,1.11013701847361,0.643356255995577,1.08866938772752,0.615685498155388,-0.591595073202007
234,0.724344654616015,-1.31859381270411,0.774867538672102,-1.24345441970577,1.2214046533135
235,0.301203595063183,-0.327456002439371,0.566428810087679,-0.788349985893445,0.814872490495986
236,0.683135751750237,-0.887259966028162,0.848523622247348,-0.807101720320239,0.896536729192472
237,0.835234492400396,-0.922694950777863,0.840826594849838,-1.09475300781844,1.03493284459616
238,1.00638284190078,0.0950984413066299,1.02588724538211,0.223452264007549,-0.133636282513211
239,0.401611607011663,-0.813866004446718,0.658720498664514,-1.09902334284056,1.07636019994859
240,1.05756018747938,0.280867983395826,1.11235714109839,0.655052557505616,-0.522471100726681
241,0.808235012905221,-0.625205867904458,0.895384703909954,-0.608499931955115,0.66463918638976
242,0.580900247948966,-1.07620930767756,0.747372704210269,-1.30835679629546,1.23399398393696
243,0.717189525213587,-1.58204822203701,0.768973538842683,-1.67051200435962,1.56487193864137
244,0.880148429200081,-0.111617825200734,1.00165963220307,0.0843844781743139,0.0559925417992126
245,1.08054272252597,0.475903120916306,1.07744183494422,0.526644650645589,-0.462306917659434
246,0.375081555609591,-0.941311105498192,0.636778936162015,-1.26823977492993,1.21372645252705
247,1.55769593025298,2.50772388799223,1.33249127033732,2.0808896599362,-2.45364737331391
248,1.03675227207296,0.254562673872321,1.01367501932105,0.141852774556835,-0.131170254235381
249,0.698780850048875,-1.81443596371753,0.75708042053228,-1.76051490178566,1.67003115859784
250,0.766385865770974,-1.08677394580619,0.808944924118468,-1.27747508455182,1.19820709280163
251,0.590852021882805,-0.308882950591466,0.805381452161922,-0.483941675955678,0.568485883330659
252,0.87577526737851,-0.411543466424422,0.992442217054767,0.00689832759054634,0.200665100600188
253,1.03176917217857,0.288639385147737,0.917656488534075,-0.162183430317095,0.145559843576833
254,0.896183886651775,-0.488292754958445,0.903924684342396,-0.538912805473707,0.56144367433874
255,1.00637475771334,0.0973782306257376,0.956973185268393,-0.254768915635201,0.220002019010251
256,0.433328127366734,-0.200361142378956,0.585444447442938,-0.832889646272327,0.765975268465456
257,0.993338849184893,0.0643116653337635,1.08047223285734,0.540099326020158,-0.347668677815361
258,1.21522885735605,0.651911922179536,1.14732211491271,0.756152550634322,-0.759086007731586
259,1.42235056836091,1.32152435692343,1.12513986530488,0.730504273339519,-0.900630367941977
260,0.479112428206139,-0.578041996225991,0.760991972879426,-0.67497812291854,0.776820620748592
261,1.16071249715433,0.915184156373134,1.14245131725081,0.966615839607298,-0.944340606559049
262,0.663574472933453,-0.408780489407674,0.905491373054868,-0.260437046074236,0.42873621715296
263,0.959302614130722,-0.133298187689632,0.963293026368967,-0.151869506018539,0.199876057765438
264,0.85801724600032,0.0308685808136734,0.971477652314961,0.0127233246499419,0.0678789218973159
265,0.76525900754011,-0.808638560869575,0.832501699468455,-1.00602936762727,0.960976058876204
266,0.738247834012628,0.206274985998646,0.987150556641423,0.145975292590519,0.0301026879051246
267,0.687040119387121,-0.911217285195171,0.848743620067375,-0.79601216729345,0.890881679251515
268,0.564683614367681,-1.37805158487122,0.714220978887237,-1.62782381437072,1.4933259389269
269,1.01882180796564,0.159105854506822,0.978262144139112,-0.0622865771076693,0.053930593285115
270,0.640839311980122,-0.827622950879225,0.825390599676863,-0.822921677651498,0.885880352321139
271,1.05550392744437,0.321377406737582,1.11124681198084,0.752861168830749,-0.595931526237998
272,0.962094750203521,-0.0364952770009012,1.01086903586809,0.120217078469767,-0.00773983570781748
273,0.914551552582793,-0.154153465018801,0.913604079747362,-0.420377951627061,0.404286453063141
274,0.510055080418697,-1.39231798178381,0.672484545769363,-1.79734777768065,1.58347774278064
275,1.56865737245525,2.73120916793024,1.46513823541561,2.84729241474784,-3.194035252668
276,1.04504373338536,0.266944531390226,0.954728644526396,-0.0854852364426923,0.0460921757415456
277,1.14399281399814,0.749122925178943,1.17647895443971,1.04374362180077,-0.937173859289054
278,1.01535264630362,0.143882299386602,1.04830551914768,0.348322458337582,-0.232652214941878
279,0.685766220697215,-1.76906046506588,0.746365478125164,-1.85095716143499,1.72092637502723
280,1.04029084853502,0.263530462623744,1.07015946092242,0.511271354626953,-0.399532172937856
281,0.878341375518126,-0.474204932388527,0.85989838616071,-0.878279618397708,0.768152295625351
282,0.874150133841692,-0.653726293626108,0.909907803533595,-0.59022571988094,0.640127626387694
283,0.963019215505494,-0.0760336083875796,0.966322301657123,-0.164366625636467,0.186956849426486
284,0.85612620030195,-0.769344195200617,0.899855092386465,-0.625477445600681,0.70083655549419
285,0.752839501933118,-1.28228700717136,0.812261200504928,-1.32109042237659,1.28327135474905
286,1.30640987518653,1.53882090045066,1.2287998684841,1.36221352931804,-1.48461530568791
287,0.79988302559095,-0.960452078527375,0.846074043305603,-0.8514726567153,0.898143272386248
288,0.861030700329127,-0.673943463876478,0.872783175425424,-0.736516294915338,0.741249164401259
289,1.19128529078138,1.03041034965721,1.18091336879077,1.13588940734585,-1.11666327706064
290,1.0745760490259,0.311721323971392,1.04022420177774,0.257356098489164,-0.231582115610034
291,0.843311279372324,-0.265054301100834,0.959776830720892,-0.13566200927536,0.254270588135369
292,1.2199749440755,1.18111727967791,1.16296938507495,1.10135396020787,-1.15059288182268
293,1.0333203016615,0.230011668637773,0.926332608691978,-0.455492628338664,0.313304657080212
294,1.17384872122848,0.937424222957671,1.15340852509358,0.962658085576931,-0.954304872239097
295,0.941836129739051,-0.26680616487232,0.954601470783535,-0.24916654717069,0.300973704143703
296,0.825957523073914,-0.916363472274595,0.840282979355673,-0.977438289664181,0.961522543048604
297,1.34435264460717,0.98887946269794,1.33446188215589,1.62514590339915,-1.56635192991964
298,0.79490236856706,-1.06981158268177,0.828154796232314,-1.03156593587256,1.0364322790949
299,0.951151789230726,-0.188551260471983,0.939280257506295,-0.309648372197232,0.321025714372747
300,0.868398459571177,-0.640113820266331,0.893547336115459,-0.603179518289931,0.649680002760375
301,0.981648183424641,-0.00244155813765158,0.942538191273702,-0.231355631575152,0.224227445917983
302,0.648858970226486,-1.44473284651352,0.748770132554336,-1.65947986200897,1.53764595354216
303,0.939375274034435,-0.248426133305865,0.909875258717879,-0.583305231416579,0.526525831682553
304,0.640363798146795,-0.682802435256507,0.898076990968441,-0.371236540401186,0.596272225125319
305,1.07874289659749,0.321448093528041,1.0032038451047,0.0869138492658869,-0.117053538213391
306,0.709657008124808,-1.66808771404976,0.766063779933329,-1.51901251556857,1.48348412594951
307,1.01918874322031,0.163728970063036,1.07590286974427,0.555110551580837,-0.393805332076436
308,0.828186691894508,-0.964487965461113,0.835195261537665,-1.14133080980144,1.07480936980955
309,1.09920988570381,0.580669737484028,0.971213934391172,-0.150904978392167,-0.00982314543306756
310,0.799601778165853,-0.930116956481222,0.827268183660413,-0.93170468819223,0.9371827286038
311,0.743911462970875,-1.16035740919044,0.824073378234158,-1.14580958562205,1.153073293082
312,0.70828651875345,-1.76958304758764,0.763292259823304,-1.6931333742728,1.6190816600924
313,0.848408007001098,-0.431056106598683,0.926607360987884,-0.370663493049645,0.441524995364105
314,0.853159368827519,-0.00163702307742356,0.841105909420706,-0.474167193778549,0.432123716016044
315,0.663638001463326,-1.59175085057917,0.656220332496237,-1.94171405474639,1.67551281262361
316,0.728672120217938,-0.366048450823916,0.988839539043802,0.036173300751202,0.221197971733826
317,0.624147042674507,-1.43340953030286,0.722494395255511,-1.82667188901147,1.62594076855191
318,1.17408793624501,0.469866015529048,1.11360767540304,0.447514137193912,-0.485814200881885
319,0.726761452039598,-1.59107465331687,0.784605247960408,-1.55443279879234,1.49796265447908
320,1.04803174985179,0.309402624084786,1.07526237812305,0.557530546266266,-0.446978365683105
321,1.00517779137924,0.0959108409732698,0.98915816547916,0.00289592656125568,0.037107652101033
322,0.825308753575469,-0.93610490537023,0.866354979342483,-0.830327749576383,0.874485756725251
323,0.986108632643872,0.131939062882426,1.07489453909316,0.398755698106827,-0.230832516870313
324,0.615999847667844,-2.17401838842514,0.677198292346739,-2.41740276103256,2.13336717837491
325,0.856641950489052,-0.655069230149797,0.829052259177358,-0.951729679862929,0.865340369870388
326,1.29292701214972,0.695652525752188,1.04019036599749,0.246699812674988,-0.334762845227984
327,0.98792462683235,-0.00680165645430496,0.960856656806785,-0.206891755203551,0.200623899548555
328,0.97921503266391,-0.0381930114469928,1.00370133276371,0.0781185045789054,0.0205456493873647
329,0.71452804331589,-1.01234929234821,0.799550539107703,-1.25481097606568,1.1724236486828
330,0.826878041450124,-0.590107946375295,0.898412768184363,-0.56935235766909,0.617654234148062
331,0.928506239586491,-0.350820669302494,0.94076456555201,-0.364354889276422,0.398787421654468
332,1.21759188611867,0.570167676467594,0.998789640833498,0.0712960298418838,-0.229116199561981
333,0.522979254730928,-0.11836405930382,0.867956265892199,-0.153559407286925,0.36370790531566
334,0.873696761669875,-0.549626264181579,0.868446967299775,-0.691318954381323,0.67948240470544
335,0.856487417711322,-0.42670095081264,0.988578682851096,-0.0123148566936672,0.225686576343073
336,1.36424855362891,1.72190805486976,1.32267518354496,1.79725876347849,-1.88971748339492
337,0.895996488114869,-0.0319228848579672,0.80678985000535,-0.766000571490925,0.593787524644328
338,0.810479671801112,-1.0767749076354,0.847832766075009,-1.02375150301064,1.03482568948866
339,0.996292826259479,0.0402340223504964,1.01970166868795,0.178460371267691,-0.0818834179950007
340,0.902678618998038,-0.490861015762942,0.89789290890596,-0.684199984575235,0.646921070525203
341,0.874149459539014,-0.61725597637042,0.891607878669403,-0.616650174137477,0.647115631966759
342,0.0537589673677013,-0.849318918285579,0.129793546747272,-1.84136873205999,1.13217140841985
343,0.753558604229972,-1.26548912224034,0.790406959818406,-1.23707822259345,1.20636100665247
344,0.74867284717786,-0.772458604537257,0.868253856229092,-0.720713620700042,0.787006578410967
345,0.58984695277153,-0.12130129533536,0.756079992349002,-0.499728535400439,0.549540195654492
346,1.49879210933009,1.40394673600578,1.2784069074737,1.48576062030757,-1.60002111016949
347,0.133045838960072,-0.566984582191287,0.389364572486813,-1.15096460718832,1.04791593419658
348,0.999699599636257,0.0963196157833366,1.02043259541134,0.174800615819779,-0.110730363911895
349,1.19662264675572,1.01057291257137,1.16602462409865,0.983237424569027,-0.991824997416012
350,0.789662305598706,-1.19727001324307,0.835194514024957,-1.10068657815098,1.11669592783035
351,0.914558174827959,-0.345710687589692,0.942589045622661,-0.333498464130166,0.375774232587703
352,0.737401563492004,-1.43413761927975,0.76427543526456,-1.48390690933656,1.3958105614911
353,0.94980965965068,-0.190447693354644,0.940880430878455,-0.295625621293283,0.310983665113888
354,0.105881154116984,-0.646365356347817,0.310692298738268,-1.51682444370236,1.16384003448551
355,0.793038522586528,-1.03528937935753,0.840135254741799,-1.08103649003742,1.06560713061442
356,0.361924045260117,-0.448842085326417,0.684297796443965,-0.700280646948538,0.806185456235651
357,0.948281482170569,-0.219792308737654,0.971104385468569,-0.151496625235027,0.219456866579459
358,0.89262630536003,-0.560943861409367,0.919823201885814,-0.509652418767856,0.561227982749317
359,0.668366726892904,-0.722092181732565,0.853996621017817,-0.663187784500977,0.75747822724875
360,0.831272853536674,-0.838679157268456,0.882413909521939,-0.663270987327237,0.747136516391233
361,0.951794122686096,-0.0343660058897225,1.0988491857669,0.583561128283563,-0.323485003722225
362,0.927144157737201,-0.353403883389417,0.953576641573399,-0.256328502557924,0.333993020484935
363,0.39839591467399,-0.789226156478584,0.678816180284626,-1.00207713117887,1.02894091708569
364,0.926661075310948,-0.332691378602307,0.92083116315503,-0.437702011318974,0.447704649967532
365,0.301203595063183,-0.327456002439371,0.566428810087679,-0.788349985893445,0.814872490495986
366,1.06711390165366,0.312958358719046,1.19610014952539,0.752044308362169,-0.610477247554801
367,0.981188130367709,0.0138469684522231,1.02085132572939,0.181791782597185,-0.091097449506009
368,1.53461894742749,1.87336745674593,1.15484963413307,0.948230082726707,-1.24548039481162
369,0.752933713600574,-0.625471262556621,0.877295595723399,-0.597588580497585,0.669502264535852
370,0.677190802501139,-1.10948509715465,0.812115383199488,-1.11767023537227,1.13901281500438
371,0.697669395651082,-1.84692890046126,0.743818192524988,-1.86712552179767,1.73692849559072
372,1.49472580418835,1.52477612832394,0.965175984159273,-0.145615286321277,-0.174904201180245
373,0.732835590054955,-0.202364906363555,0.856146291535484,-0.403148872552586,0.446158581366738
374,0.927094748936435,-0.24717968373096,0.98132852135861,-0.069751233481253,0.177524073036778
375,1.35789600346016,1.59895488246417,1.13363687326057,0.892492429036681,-1.11777971459095
376,0.980656630925526,-0.0480231010522007,0.983687055655372,-0.0574665601910312,0.101430153450161
377,0.909174289826295,-0.393371130761378,0.863186396925698,-0.924271244610821,0.796120936667195
378,1.3244534533141,1.70699471406264,1.27413584596724,1.73381450639261,-1.83172988282136
379,0.879945648726297,-0.587978253975751,0.933341650675399,-0.364199668690772,0.483384675698442
380,1.03601509418267,0.240158257474031,0.992488971795888,0.0174206470086317,-0.0250510865404865
381,0.883555693362713,-0.444665171578799,0.9387952498381,-0.340456045385418,0.426174139566763
382,1.00373624311131,0.0804115035400423,0.963719830620677,-0.19599420731518,0.156170485728906
383,0.645896417682579,-1.74262673473001,0.704845480981373,-1.66536075420142,1.561776660821
384,0.848280028628461,-0.804893979748882,0.893799962814709,-0.638718433779033,0.718932546082569
385,0.908842545147528,-0.188936875076934,0.826385392733353,-0.988892691328735,0.768173879403452
386,1.15049786183404,0.500169049307555,1.11246753421373,0.597893114437747,-0.528256555400937
387,0.960325888793551,-0.154428404930146,0.916816987338608,-0.478558906405636,0.421067234961559
388,1.00027399375534,0.0635610275093357,1.02773619619191,0.237017468203369,-0.137428815104706
389,1.04325830216889,0.294007626368759,1.01828881095094,0.169017662016149,-0.163424071098142
390,0.964489247315615,-0.0988026889729483,1.02333987870586,0.202791474247541,-0.0569994029474515
391,0.233518760867871,-0.844900467196581,0.498104460731926,-1.43294545993633,1.26671250781878
392,1.27286812798371,1.33021725457502,1.23599465141356,1.35696102691421,-1.39334400663959
393,0.480847978053119,-0.56375144228932,0.725590980317844,-0.788615431955967,0.827955370806279
394,1.08508357659122,0.440439820213519,1.07475702883794,0.441722077802022,-0.393735004572444
395,0.842726276522412,-0.744048273716747,0.911971015977211,-0.563471618117476,0.662970384935998
396,1.17135514493137,0.68772765851319,1.11391254445199,0.719602044177039,-0.685068664831282
397,0.638539022795211,-0.789319561956981,0.869423179598408,-0.572891295167043,0.748555172249628
398,1.08421521840023,0.34303780051442,1.09612709121427,0.528654008869963,-0.462331753362863
399,1.00464064156253,0.0865093472302135,1.01034269761669,0.118911066086371,-0.0591760296736588
400,1.09692427713377,0.528331978668847,1.08576322916645,0.603564326104903,-0.578567380050824
401,0.433820320085166,-0.592073087291892,0.778668433941121,-0.563781160566042,0.753145283200631
402,0.75219963654628,0.0204570998451041,1.05989706840068,0.280547326714415,-0.0505583637074771
403,0.346118135150173,-0.685402633335656,0.607795054281041,-1.1026461235385,1.05382119756198
404,0.836628977513126,-0.281687510147509,0.962799854653747,-0.114392451763077,0.25270740396226
405,0.603609842021484,-0.471247544875132,0.850409938067873,-0.44028293455438,0.575661327096747
406,0.80257416210087,-1.13078317735044,0.851637102525461,-1.00441177083727,1.04063361820209
407,1.0212084432163,0.393766530512515,0.797680899645878,-0.351962718691367,0.263912468362333
408,0.887864105773219,-0.569609099524968,0.859286954480705,-0.877376638626016,0.803139054235627
409,0.801876744334358,-0.949039205992305,0.879403566665227,-0.796022962134659,0.875874470717359
410,1.17187453435558,0.946470187473505,1.1590204966702,1.0167052612909,-0.998393152786645
411,1.01521174286967,0.289049040915378,0.829395824147205,-0.412937614863417,0.307515008837299
412,0.792094575530001,-0.984596712146209,0.834331271639522,-1.10017321856636,1.06185341641134
413,0.924979758571226,-0.373562067998133,0.969890191864951,-0.158061207052124,0.274883427700564
414,0.77005418195755,-0.568992234954344,0.926328162345105,-0.330151537237304,0.489366150846595
415,0.70137470567593,-0.787486502313806,0.869899948233689,-0.667401738708755,0.780409906698836
416,0.635814708320302,-0.488859470832523,0.784045523529871,-0.752390625482784,0.741880706501742
417,1.08881865717289,0.520725034116128,1.10118927892038,0.671569203780741,-0.58481764727771
418,0.806989145756708,-0.838528667648015,0.799039214452238,-1.32679058725829,1.16005290755991
419,1.40377835011154,2.05343080131371,1.31423805846308,1.96592658501165,-2.15002897422598
420,0.913587155664123,-0.176701240448689,0.912686679958385,-0.44785957451588,0.412279551989434
421,0.846201863882705,-0.670425413758329,0.859741992760879,-0.905638019045718,0.848648380383786
422,0.571979647246943,-1.64924290150717,0.688461160195043,-1.95135514009695,1.74037166131385
423,0.528112831184022,-0.395747625970801,0.886084778495264,-0.215512403351325,0.466991330410244
424,1.16397298650082,0.485021832121362,1.07311378571275,0.392426000334097,-0.44836005966138
425,0.805922132951421,-0.0362365786487996,1.0796976113901,0.350656287531306,-0.109911377622415
426,0.602976355824859,-0.032371145245978,0.68934901365794,-0.604592514650247,0.583307393086019
427,1.14423164123834,0.766175276090873,1.09701675620186,0.60786752078036,-0.623664532326591
428,1.01450389988507,0.140642287296013,1.08933293149075,0.595878528092028,-0.417849919724453
429,1.05322326843066,0.273708722264653,1.06743572640338,0.362044259951203,-0.317320347170531
430,0.855698296956649,-0.732878868691003,0.908297887203846,-0.595390805601619,0.674763174932533
431,1.08427207909199,0.386733552086739,1.03160135849746,0.2414828545314,-0.244802474821814
432,0.933515003168137,0.0215500105540375,0.974178549724412,-0.042651920725399,0.108869126710409
433,1.05768558288289,0.369726344188743,1.04264659517787,0.322169922416261,-0.295621929188855
434,0.752395989337608,-1.43700134464446,0.790573061842937,-1.41191387111716,1.36048572862301
435,0.676298510369482,-0.837410033382735,0.874206513375468,-0.581340894606598,0.751029397145062
436,0.798343720178245,-0.185988356677128,1.00889897302208,0.120912619477652,0.079692164060883
437,0.414023296662663,-0.493100216550487,0.74930065683739,-0.582331132659949,0.736639060386709
438,0.748489019637004,-1.41585153551712,0.783908332601282,-1.38887034354147,1.33896519042156
439,0.537542552929136,-0.0620100245066839,0.882533368464809,-0.0946795318738758,0.312791870756167
440,0.744629621849364,-0.8460512487003,0.763035078483901,-1.40315477732041,1.20076064997579
441,1.11201911236384,0.660406790969381,1.05915385273462,0.432294541788974,-0.46139272775012
442,1.230242069603,0.575933499565102,0.87364910702387,-0.4456262795443,0.228617713170525
443,0.930545806487836,-0.128851820080424,0.937609122071144,-0.297165275529701,0.301984950872543
444,0.899264928452135,-0.469423812671853,0.889989320492599,-0.620501307009923,0.604925363709442
445,0.748901587804455,-0.708958933389776,0.86160888959952,-0.774031620288742,0.807307247306892
446,1.20446006280392,1.01088438280487,1.21071017684643,1.18837876405184,-1.14836651745588
447,0.782205157843547,-0.56046813812752,0.903480399586459,-0.488776629623651,0.579787232093553
448,0.639019651603137,-1.20872473567752,0.760976384658499,-1.38942646808714,1.30916498839319
449,0.371551902451564,-0.970522008815389,0.626863018868957,-1.29205209844895,1.22365266515275
450,1.20298274239897,1.09322930957986,1.12925496605514,0.834995596512227,-0.910671380988402
451,1.22568786161613,0.8364685366289,1.17796213415774,1.0478667750554,-1.00596174091435
452,0.612165665270738,-0.539711827646147,0.841064026153831,-0.535332303028408,0.649108325640575
453,0.834682552027468,-0.71852169474296,0.851435758279392,-0.765297347449354,0.774013445518658
454,0.514743037524861,-0.80119139824888,0.757908213837986,-0.878760359167647,0.933497873617399
455,1.22069885108515,1.1691980316561,1.21442172276457,1.30440309054131,-1.28822577432995
456,0.904171550910215,-0.401874546778375,0.95236872149112,-0.210080772818968,0.329796011871851
457,1.05103723476203,0.329276659547304,1.00629589119632,0.0926143738772434,-0.107868393147956
458,0.699596791959626,-1.54533482282254,0.762406837794029,-1.66354467296706,1.55876197109642
459,0.849604597434769,-0.589450578062601,0.855326958145482,-0.911078805024333,0.829377064900648
460,0.581853578632037,-0.644125299329681,0.815802139468109,-0.660318900853013,0.761735217246238
461,1.15408478776355,0.875091833024566,1.10172037592261,0.70546725376688,-0.734080057807016
462,0.948221820171593,-0.232143503436178,0.994694090584072,0.0162473025733265,0.117915813886671
463,0.887001224961334,-0.600529434505411,0.897222776982495,-0.670343273136985,0.679722572195962
464,0.914891301531656,-0.0901289436389665,1.03492515249292,0.241639806643027,-0.0697049950514239
465,0.562823221451356,-1.117414268982,0.741329121491758,-1.33614998667438,1.26819811096499
466,0.898352114169282,0.0288228453958382,1.10372152326884,0.456667348954854,-0.241485532778072
467,0.870995307601481,-0.39524690169288,1.00296964960201,0.0729424031250727,0.157725102797307
468,0.703752154205869,-0.749087862470834,0.839450135005946,-0.833783793096632,0.858150163392636
469,0.847089778939607,-0.650760974864836,0.933784219268998,-0.418569516615833,0.551096420522076
470,0.738924628981925,-1.39765843470626,0.808058590906696,-1.16090441311207,1.20544708384514
471,0.738532595874282,-1.11487613127707,0.781313732160953,-1.43892809722107,1.30329772034921
472,0.311156055432211,-0.72545215548342,0.60309134925727,-1.08436594168583,1.07515774272537
473,0.682525693949387,-0.445401306521838,0.888705476151949,-0.353121609283455,0.497156014523489
474,0.966365285883694,0.216463771319947,0.899972407563729,-0.201078171325488,0.123557210505569
475,1.43117921496132,2.1445046031648,1.35922894644075,2.19236251964391,-2.37774077270578
476,0.971281733234137,-0.000465365789299552,1.08922326128331,0.560632329437481,-0.330391790008824
477,1.0175921905672,0.167757171234386,1.05891849267956,0.361090057939469,-0.26427552623358
478,0.772995667744457,-1.32084890678455,0.813239898643,-1.32622737071595,1.28698932388635
479,0.834813122870567,-0.887201317268067,0.867392603393292,-0.907376094046903,0.909660311322702
480,0.533709955321123,-0.447121992046632,0.819351884899357,-0.455731273485696,0.618233087262907
481,0.779943792223923,-0.42397760723543,0.868640073349917,-0.574730420293473,0.576965949334738
482,1.05375942550071,0.352701430873812,1.02587026475039,0.224662233007896,-0.208640846700125
483,0.661280083217999,-1.81988755780768,0.715761298746441,-1.72238695674433,1.62411143092444
484,0.512874647309908,-0.212421198582256,0.803483947941907,-0.343554119765794,0.494459919673335
485,0.867433342670538,-0.696282419076855,0.876979277326546,-0.786495968003973,0.774926883162351
486,0.970365186954488,-0.0827232917115792,0.999118774217271,0.0509270699098157,0.0522527568771362
487,1.1207914431109,0.612439471740251,1.13838225853032,0.779658486148155,-0.695566122522647
488,0.959076647905702,0.0813951221793219,1.01473038343236,0.140179005201844,-0.0474973961186691
489,0.838302655222353,-0.722536864548265,0.84345455408791,-1.0227799094688,0.938639189112096
490,0.708440638511267,-0.323449657548256,0.958320721070849,-0.0610355996619526,0.276915578210402
491,1.21058412214575,0.631818754182594,1.15127320506625,0.76658596136492,-0.764398023529526
492,0.905529380481141,-0.452194192877273,0.962381894428735,-0.215768993370195,0.341611584941305
493,0.938035683676568,-0.0792556745735442,1.02503038278788,0.19702227294897,-0.0557893806829184
494,0.746891555225581,-1.34414111035144,0.790431279173022,-1.47035133287226,1.39003824961762
495,1.15467251196686,0.563464385027467,1.06852182525467,0.430788811400059,-0.451563496259037
496,1.20677394575975,0.604208315305791,1.07110059924212,0.398856791973659,-0.416707756918816
497,0.423044199925824,-0.816428259014385,0.646286944407619,-1.19047248223555,1.11059478302533
498,1.18499420165099,1.03543430575116,1.17496427274426,1.1911756035593,-1.16894660052366
499,0.577199116847018,-0.730447218806203,0.804971241392313,-0.769287747617954,0.849192001525009
500,0.613714992636715,-2.22545094976694,0.669562702854598,-2.15700121555317,1.96052954910287
501,0.26068230540244,-0.627356876719329,0.54043913002788,-1.08622064625824,1.06335018529095
502,1.09227998261427,0.539053700013427,1.08667863368214,0.579417565430111,-0.530134719407493
503,1.09813255767554,0.418757924398909,1.03226037272775,0.247468700340479,-0.283986501791264
504,1.00732424616827,0.102660392770769,1.03319396354546,0.270874163723597,-0.176598645397853
505,0.908445600067887,-0.313609532387405,0.909885587834419,-0.523492453509618,0.494490947635452
506,1.16022808781789,0.911033645291818,1.06614565811041,0.492296587498852,-0.5825953706356
507,0.82251678432922,-0.846030576361521,0.864033271900752,-0.89311675768632,0.892218019881092
508,0.820464147631302,-0.441035584927474,0.931534116298148,-0.309328911242951,0.417005082442358
509,0.991203859785188,0.0110071078502057,1.01804934154579,0.170330310967776,-0.0694686850500102
510,0.739074698092396,-0.53275680844019,0.869612509627493,-0.571459531918217,0.616179757554116
511,0.928573767922935,-0.226840606389831,1.01497163978898,0.146693414844333,0.0312331681442198
512,0.714279121910223,-1.63601768303855,0.773582712007183,-1.64844776570534,1.56586525496472
513,0.746889865276752,-0.714434345471595,0.88157868107067,-0.635070960945107,0.727469130594707
514,1.31323778254851,1.35332012042235,1.28243166186566,1.7147123968168,-1.74839460396831
515,1.04200611066353,0.282875939970994,1.07565782043077,0.512959255904137,-0.393468001419878
516,0.628555828848204,-1.72487210974183,0.710274724667842,-2.01451394213726,1.8047701182164
517,0.893888475594518,-0.530424549919282,0.92934951287938,-0.448898391327301,0.512667516217745
518,1.12518321681725,0.412819961384766,1.0470838047527,0.283949339827971,-0.255588175144854
519,1.02229974826764,0.181703417326966,1.0367344343481,0.28500627891361,-0.201209744879104
520,0.745174831511124,-0.423738503990996,0.979415676077106,-0.0184290869606754,0.268294340706894
521,0.92843745164703,-0.108337952717317,0.892843711876245,-0.538045496191421,0.435088663335992
522,1.16297135215648,0.627331313318814,1.00365296187836,0.0788031692144292,-0.188977642545778
523,0.816575571941547,-0.647986257101096,0.911903140219526,-0.497525860011188,0.600205832409399
524,0.630453942682226,-1.88853302365172,0.699008663561316,-2.14885340366449,1.91837919104801
525,1.02736258299887,0.196049769772626,1.0840854096663,0.594492706764251,-0.434089633251716
526,0.767530340473963,-0.425817811769908,0.936718079478032,-0.241535954898496,0.393030924854253
527,0.771035768402821,-0.715352355360841,0.862109056825767,-0.791959604651774,0.803645923513451
528,1.16126142582464,0.627069713911149,1.01749240287604,0.158002868045252,-0.265185092418554
529,0.784616936164211,-0.449713227986561,0.967913308410509,-0.0914058397805786,0.301866154645598
530,0.70733759110451,-1.38279644747135,0.783940405213005,-1.44084784932887,1.3946136618983
531,1.14323638795368,0.648510640379308,1.18464795007351,1.18476436550554,-1.04849716056202
532,1.07098164750091,0.357187810840434,1.07314101672469,0.497177235470936,-0.42373300441613
533,0.59588611663278,-1.74928471628511,0.687055151652474,-2.10085844278552,1.85038882163893
534,1.15652450124045,0.871097338181575,1.15140358732191,1.03469407942218,-0.981833272559253
535,0.764422698174033,-1.17357971310644,0.822248637410476,-1.20674834715222,1.18523991193657
536,0.937292340456892,-0.119283484863217,1.0391115258381,0.287546892956372,-0.10194268432452
537,0.971753563446391,-0.0794508043239351,0.957877166444571,-0.19952663707056,0.213653511203909
538,1.50272894759022,0.769604408626901,1.04072562061742,0.247492036575292,-0.302114014098283
539,1.22941714782795,1.22129630885792,1.15222318947493,1.04605004184978,-1.10864319464309
540,0.625081521061702,-0.41476713724112,0.884928937049149,-0.305612357615614,0.478609324054107
541,1.18026146889929,0.754429069622257,1.1276458815632,0.807211271523391,-0.808202842348536
542,0.855399742963507,-0.60392640423613,0.903602685265722,-0.592511399488935,0.633948813414241
543,0.897043359360303,-0.201940645114381,1.01120887662173,0.122036997698839,0.0501392219308072
544,0.0537589673677013,-0.849318918285579,0.129793546747272,-1.84136873205999,1.13217140841985
545,1.19190329472722,0.921083404917529,1.14996220075057,1.01036899133838,-0.992220773791186
546,1.37006317264904,1.40316225104804,1.06138154930902,0.428169062142152,-0.605437276410189
547,0.846067563336546,-0.806153728036999,0.871924904733098,-0.817261185435519,0.828413299491526
548,0.747806046830298,-1.10524755809892,0.801612245745362,-1.31759352724044,1.23150958703647
549,0.542430836613823,-2.72484474796461,0.592727296366105,-2.76097455141653,2.37162013271676
550,1.08042388349473,0.49325830185595,1.07965528254955,0.580392037310944,-0.519342751014339
551,0.677601088600062,-1.3015611533102,0.787950313082034,-1.33987542203353,1.31679139354757
552,1.58585466882762,2.15879059834247,1.28342838351632,1.74529671275788,-1.96282175601491
553,1.00496071344178,0.190253525730464,1.04315161018258,0.252335086876283,-0.148137572512962
554,0.735170853473312,-1.4609205699994,0.789013259848917,-1.49800352531855,1.44063415626604
555,1.15140151148849,0.660784859021776,1.15593119142216,0.967960474917016,-0.873105078271666
556,1.4567753067652,1.49435217782204,1.2710320878302,1.55523352307542,-1.69275259506752
557,0.740740915527224,-1.48817239734367,0.783320392289631,-1.42628338089282,1.38309732768571
558,1.26715023521066,1.06031198093913,1.20726768670034,1.27123645630633,-1.2534242012053
559,0.914816646238781,-0.431141457192207,0.949116388367807,-0.307603248819827,0.388883435449872
560,0.84253414210428,-0.829167816706703,0.891683253413887,-0.681530258516133,0.755760153873856
561,0.59403062016042,-0.961433010542163,0.768977274047384,-1.1625103181274,1.13325351216831
562,1.18313234590153,0.673068399657718,1.17386337720598,0.998197153399547,-0.911976093366961
563,0.832500134665181,-0.152754036859767,1.06028862673059,0.322209634246666,-0.0751132802224649
564,0.725425381055621,-0.651589253148717,0.917138820784905,-0.357029633460958,0.547712209199368
565,0.361924045260117,-0.448842085326417,0.684297796443965,-0.700280646948538,0.806185456235651
566,0.96004289342422,-0.158109948220223,1.00529594917507,0.0848138305103109,0.0445122048049319
567,0.769035035879719,-0.522966116327853,0.854186542077105,-0.713410855618808,0.689046329244754
568,0.728184805222781,-1.28837381167317,0.810146573237558,-1.01617898867756,1.08798940006482
569,0.924107060791624,-0.373518913865305,0.972626362289028,-0.131436743462118,0.260957041320618
570,0.876918754240975,-0.659337666536689,0.916034219744044,-0.542858094326273,0.613273600512469
571,1.28587215871771,1.50353329500975,1.30474149235121,1.98430631662546,-1.98126304746403
572,0.871276214896912,0.11985018162128,0.987008761047328,0.0811604178030396,0.0100892643406336
573,1.0021818539793,0.0800432779634835,0.976490691211068,-0.113673035299732,0.0959782806476996
574,0.741009950405186,-1.11241990438298,0.783560442190461,-1.45171435107774,1.30998456055996
575,0.814860979223118,-1.05310677508449,0.855688376373611,-0.991815733536509,1.0093036416849
576,1.16740525534274,0.544725593937016,1.18384431545634,0.963268184063422,-0.84041820205493
577,0.860597957635005,-0.582812521429616,0.94689793952321,-0.298494638700026,0.447933022756488
578,1.1802599865628,0.904224949295113,1.16527066022076,0.966778058554125,-0.942587422132627
579,0.982307500976184,0.00715088776720153,0.955225713708737,-0.243290518307963,0.219036449889674
580,0.748554115183756,-1.30686122440775,0.790377843584451,-1.237603595403,1.21762092358346
581,1.06946184293489,0.429703671386463,1.04740592865835,0.348099771232822,-0.329596706319546
582,0.877681530386555,-0.573026008065373,0.924816109902707,-0.474678050219129,0.544756067828179
583,0.824626253914744,-0.555213931700575,0.944999440168385,-0.267726989623799,0.434278130536641
584,0.646107663593463,-0.854443672531165,0.813694741333647,-0.893119142609822,0.927191482022371
585,0.905107681710622,-0.254042344816712,0.959280040515379,-0.189762500296869,0.259895579733322
586,0.824777247361555,-0.924630198857684,0.868404015014008,-0.892212548365087,0.914876998509545
587,0.860718264576945,-0.567855917963997,0.939322430811386,-0.359487221288866,0.479515878699935
588,1.02815555078669,0.210420170424809,0.993356029720162,0.014353614179409,-0.017011424655731
589,1.78693108467688,1.19725813080841,1.01106169612274,0.134311088452011,-0.380381025050675
590,0.984392906800291,-0.0212679761138181,1.01340402581978,0.136466457448581,-0.0287497069202512
591,1.24629713455476,1.09248549391071,1.22766537846456,1.41969622494286,-1.38917645383748
592,0.587147401614811,-2.50046600376201,0.630359426196795,-2.54836632972108,2.22862448456041
593,1.42606668518908,2.15568508905394,1.28269442416335,1.77030299649456,-2.03368937255793
594,0.994795119597078,0.0353162840517209,0.989350513559229,-0.0241411346000063,0.0537097671185618
595,0.975800120633982,-0.0662467634264174,0.977954767856307,-0.0824923236647218,0.128524643948238
596,0.635007347994515,-1.16862745996168,0.793715142552236,-1.12846898730639,1.16421705548888
597,0.87363392783009,-0.61613343291478,0.881198553971565,-0.788717904018178,0.749623476256144
598,0.939060197742902,-0.281428161068204,0.984104042269897,-0.0612132269277536,0.180855748099571
599,0.925225110583374,-0.355294809688681,0.979748938137283,-0.0888812766550383,0.227477065209754
600,0.677328489397432,-0.841625926745351,0.829120895419197,-0.840452212208107,0.888862801707989
601,1.03204395946211,0.236429784677769,1.05267573512466,0.400820952521786,-0.308393529779133
602,0.954714873118553,-0.15419561026874,0.952296276845098,-0.215323681619645,0.261929896568157
603,0.949836305291722,-0.12655512872306,1.02651806481835,0.216761956071365,-0.0551320419711621
604,0.571813049070051,-0.535744240407027,0.861989705137542,-0.397449318025861,0.588171993034622
605,0.810842039991954,-1.06297041415056,0.850394647407935,-0.981790522815269,1.00372727509663
606,1.16451546561495,0.800286838327112,1.19373557366201,1.05800137665599,-0.967035365455381
607,0.75851077653595,-0.816849219625381,0.880647719154623,-0.664112158810044,0.768702320545182
608,0.916491581179368,-0.289011938521725,0.963195401817161,-0.180680092655765,0.267261946772052
609,1.0541997125474,0.319959249178534,0.959777195818548,-0.21894055351639,0.112388135140036
610,0.805165638200745,-0.933669555756,0.825355318625746,-0.976195054767532,0.961772804212644
611,0.837797525046464,-0.873981842558342,0.85104761951179,-0.948463355806319,0.928959050475478
612,1.1467311940241,0.801338676447493,1.1656483395688,1.12202094312816,-1.0475584962265
613,0.933963233205432,-0.211079536668314,1.006766444246,0.0949563759572863,0.0587411224105802
614,0.720735738609232,0.189042205774647,0.650287230784334,-0.584470985853399,0.481652287424306
615,0.959277139986571,-0.161390027767948,0.969057952338118,-0.142797451348093,0.201678506821347
616,1.28382916499841,0.717110598512926,1.3887999748191,1.6502468723859,-1.49542591198184
617,1.15835722915547,0.596801197367147,1.0286625088404,0.218523537944809,-0.284293088210841
618,1.56056485327808,1.04493454857605,1.27707831646549,1.08733377184453,-1.17936714640348
619,0.991954287159302,0.160006399911046,0.943006192780579,-0.147294530198655,0.0991292641088563
620,1.1980433152715,0.652425418018664,1.06735828945532,0.422285686708995,-0.422083579865002
621,0.919224220357051,-0.293024558862916,0.908348182370459,-0.554401721029657,0.518612813474364
622,0.877250901061283,-0.316873046695973,1.00851325881406,0.10698989561236,0.107261403310979
623,1.41808312776556,0.817362110196563,0.85403715957569,-0.476624729356146,0.207765486483237
624,1.51763472122163,0.77251091150602,0.972671364944927,0.0935219322527038,-0.218840398345618
625,0.756700874303475,-0.211158261979653,0.948469836681498,-0.0900838514216781,0.24880501087409
626,1.05108993169318,0.341571898145745,1.0524452803373,0.401320653981019,-0.337102374675932
627,0.703446103364832,-1.47723732510034,0.729255408996672,-1.90046821957345,1.66760701700343
628,0.773156121261928,-0.707653577775869,0.894925701450957,-0.569911982417112,0.676691912311973
629,0.85461783264979,-0.695914776434747,0.851100388496138,-0.841090268373081,0.81089939191275
630,1.06339954154505,0.390077691391289,1.06250614218319,0.432331178699138,-0.370072235883412
631,0.838763379393734,-0.362624098516907,0.824438021492298,-0.915406246806025,0.774236337127551
632,1.1329547764747,0.759847908734226,1.15537684427439,1.00679767134585,-0.917534738820217
633,0.419236782746954,-0.537697097572608,0.721354950769722,-0.706851906088773,0.802976714922144
634,0.781658158969112,-0.562899310084658,0.868342846208215,-0.675943472456465,0.673883294076118
635,2.46611535040346,1.36894987779079,0.687016371205444,-0.719604639691116,0.184581548370692
636,0.479988473576996,-1.194749682427,0.660740612574647,-1.6249752312937,1.43061537699243
637,1.18778682815409,1.03075874481982,1.12484584932698,0.871287795884022,-0.916500889096592
638,0.823889696627097,-0.701684816050675,0.872665541895331,-0.782300769874896,0.784093982524552
639,0.740568118648506,-1.25443220142029,0.759135132476249,-1.36621625638553,1.27615900600337
640,1.11317686189077,0.671100889493304,1.13481660858392,0.939025367426417,-0.849456730242856
641,0.723634250437039,-0.736369893639255,0.912079526288209,-0.430639252159301,0.628863684148613
642,0.734914236479122,-1.27675684464556,0.811300392837898,-1.02720503668395,1.08991159038139
643,0.95804945853634,-0.134023022358255,0.94584970664861,-0.313090162570667,0.290857920282085
644,0.842990432208707,-0.665028906478699,0.87253187821044,-0.633447631348723,0.675666134456713
645,1.1451763906225,0.803586918095798,1.09909959929095,0.710786700950164,-0.723692062300032
646,1.45376885308579,0.774443514050295,0.997284443448975,0.100955699038491,-0.228814398746335
647,0.679934397316618,-1.34836318307466,0.773790244028499,-1.48069423043306,1.40668695116364
648,0.713382588463828,-0.758682549747049,0.799107799554342,-1.0631257512291,0.981492530698776
649,0.950360267762664,-0.223270523061129,0.993350251989002,0.0030641076878731,0.120179935140085
650,0.890019353877039,-0.5618198823065,0.940035198925656,-0.372518078438069,0.475097264604098
651,0.863792323097599,-0.546389692223231,0.921786892654877,-0.465585442493936,0.536119628444614
652,0.962542842058543,-0.131087713506055,0.883718243448118,-0.771464534563943,0.61859811088766
653,0.838417491657132,-0.875293651959016,0.86544684284495,-0.860431506908146,0.875971647446893
654,0.763512386981672,-0.900474951106035,0.851626459447427,-0.953561491596216,0.967165473070966
655,0.887250805539337,-0.440009612050018,0.997675328675594,0.0352055198086445,0.190648762555238
656,0.53557513115201,-1.17799511955763,0.731340809429832,-1.35219027193303,1.30021102059768
657,0.861356995749229,-0.699465975308094,0.930821695596424,-0.441698184534296,0.56869533439373
658,1.18319192016228,0.813558146471381,0.935439459769366,-0.361273625832836,0.103042434049749
659,0.624258748170006,-0.927568873980588,0.795498055539277,-1.05353702572481,1.06386375482836
660,0.689940270604509,-0.704677603438878,0.923858874620205,-0.307896701578966,0.554669133000483
661,0.740463514316905,0.0746627797474647,0.876098781790572,-0.160377273598529,0.219662320668372
662,0.419765035280954,-0.481835405563886,0.717197630270101,-0.661348256257645,0.780360076214682
663,1.11110920931966,0.644667521657504,1.10443153029136,0.69760906709396,-0.639146981249118
664,0.81378478868948,-0.359473683211596,0.916334351975014,-0.371953172658471,0.434476567047125
665,0.870154363795504,-0.605479742506991,0.896096891557131,-0.559357992981899,0.610965872717418
666,0.877888603295671,-0.523882824938427,0.901244482871262,-0.62201097918813,0.624402713658326
667,0.412417542461348,-0.766465073118382,0.720809917987875,-0.855311495150726,0.957394423846766
668,0.105881154116984,-0.646365356347817,0.310692298738268,-1.51682444370236,1.16384003448551
669,0.989210732678818,0.139806769819615,0.99362448677432,0.046801792043991,-0.0316373121455599
670,0.749422859723391,-1.45279900506989,0.780044887962104,-1.51176474084336,1.42452793467387
671,0.948326182592605,-0.216553911638904,0.910452272208366,-0.588455265156568,0.514843391961445
672,0.26068230540244,-0.627356876719329,0.54043913002788,-1.08622064625824,1.06335018529095
673,0.683220881537562,-1.59884855006189,0.763149198093353,-1.70284818363197,1.60422236034092
674,0.744260159668643,-1.51295352448574,0.787154394918952,-1.53152752938791,1.46015743737672
675,0.489640384593847,-0.905876306456249,0.713724176287375,-1.13061673264402,1.10121164961367
676,3.32377634872933,2.79421108097044,1.13826335729874,0.605022857678096,-1.04079097032943
677,0.608039251370711,-0.908812580832366,0.805321626439554,-0.893366949263949,0.955875799130591
678,0.799263285913955,-0.998939664160131,0.808684537591919,-1.12626055921673,1.06839074449354
679,0.904380345214911,-0.480677506378833,0.943418541458364,-0.324568203510242,0.420491639991112
680,1.10776771788941,0.577497288758542,1.06405819011021,0.415926131219841,-0.412630983943891
681,1.05708303727967,0.346987145846671,1.03562991795771,0.264111544937021,-0.234190521599758
682,0.761169985030899,-1.39555556576564,0.811957203272142,-1.32658679536979,1.30842343450405
683,0.779704163186349,-0.478015340271208,0.917136189708098,-0.350204004539514,0.465916301521058
684,0.636445568061209,-1.39637751005873,0.728767904190914,-1.70060407659176,1.53009425565492
685,0.892231631860458,-0.482795933202246,0.854114814306113,-0.819962545105184,0.745089017165622
686,0.553808986517257,-0.747693593200428,0.752708062733098,-0.977643006829883,0.959524703322113
687,1.10582533157342,0.611934453754538,1.084280856336,0.61168626317525,-0.584090735191969
688,1.06607408800948,0.400255303798187,1.08135547828148,0.587887184055383,-0.512344077336668
689,1.11984049991267,0.694857685051257,1.09278643210315,0.631134506056604,-0.624618881416211
690,1.71909631161323,1.71927485996535,1.31893335970609,1.5246126255102,-1.86766077796051
691,0.649099505563104,-1.14147506974018,0.784387241315586,-1.22235485092471,1.19955129440524
692,1.12039431173301,0.71062659324369,1.1135658747321,0.79759424766244,-0.759438247570681
693,0.821936175000916,-0.716533038805791,0.908158275462462,-0.572110638740599,0.66854459252198
694,1.07690365589512,0.478753373213907,1.10101873863739,0.711289442305981,-0.606843725866252
695,0.982353727880454,-0.0363589962114347,0.996751445731365,0.0309402722880772,0.0436154162046826
696,0.356098889561025,-0.53442254928564,0.662985864474292,-0.810568329955012,0.883018383456274
697,0.934376474156765,-0.299568192549657,0.937565589178859,-0.343719714359744,0.370751907399918
698,0.87108328683715,-0.538337546149923,0.891332432995754,-0.688199064675305,0.678354473941396
699,0.410198951309982,-0.0737505570551367,0.652325624376564,-0.479610869431857,0.567996112934098
700,0.802128255781354,-0.593252220768227,0.918567389460763,-0.406893265357292,0.532073046442162
701,0.78634928638715,0.138603847532322,1.10769137874853,0.385796612147755,-0.150099260047317
702,0.578612852949068,-2.29679218550361,0.59744036834751,-2.54787736423355,2.14970171311815
703,0.820842671553354,-0.0540700693699738,0.936528496323427,-0.121730307830624,0.217732197054709
704,1.25600106978463,1.38180255488475,1.18133552817608,1.18739772368149,-1.27019134543997
705,0.748096152373895,-1.31212519373667,0.805984737429574,-1.35048785463393,1.30977203833993
706,0.709063134353234,-1.02482214869483,0.826757606540929,-0.995297543151178,1.03116796791076
707,1.36128171078841,1.7102494752462,1.31336409786999,1.76808490819194,-1.87142369231776
708,0.932877651666208,-0.319872518129103,0.936640456024025,-0.399975815697173,0.413452504084712
709,0.317982513233228,-0.436151753019458,0.601617521562527,-0.88752012966889,0.896820456605467
710,0.844334060173236,0.095717936516779,0.818697257777702,-0.418290971044336,0.358051320066615
711,1.01557318750105,0.145875928149637,0.997304017593501,0.034081466791723,-0.0123835801192388
712,1.0090748731872,0.110180079219922,0.991888611592707,-0.00560925869977007,0.0143603069622597
713,1.15714656498446,0.550500753954757,0.994419116897968,0.0285652154661164,-0.169979911690207
714,1.03270762788242,0.227532390059477,1.0053165500355,0.0851963080916489,-0.0718312470147013
715,1.11474424525402,0.538987251012684,0.977814541956448,-0.0881311618821403,-0.0555348141616755
716,0.69361146250825,-0.956236558776558,0.828709724890525,-0.972225790688337,1.00178496504683
717,1.17840771147759,0.850033520519678,1.17278533981281,1.12884992517397,-1.08252005393312
718,0.797575075074623,-0.458319061515452,0.940077865983365,-0.264750736709117,0.411968840789723
719,0.693843781833636,-0.406718144829889,0.949934605155344,-0.111151683874678,0.338157567462721
720,2.19618404446194,2.63171543918168,1.18626749220715,0.967060885133765,-1.50001679254429
721,0.952580583212067,-0.187091013019565,0.963689822865231,-0.200541452571436,0.247721946050215
722,0.820585645055378,-0.829276481487058,0.894705378068017,-0.672477467459476,0.760311339082582
723,0.550013865072256,-0.827208508591323,0.779451478296083,-0.866637329310405,0.92852609798747
724,0.547609291624246,-0.871447572299905,0.815940766746391,-0.725464975925857,0.882145810819554
725,0.812136293660543,-0.922210703197494,0.815694486464998,-1.05800487795922,1.00450826733746
726,0.468484384592341,-0.606002546276748,0.801042087210032,-0.535197250422563,0.727844944267761
727,0.677923046527969,-0.631707784329082,0.880788294156278,-0.470887860249977,0.622113377544151
728,0.830770636842282,-0.232897681516758,0.968821345723108,-0.0599404083549221,0.19604318203552
729,0.941060809164324,-0.0209428727573537,0.985784041655224,-0.00998474643064129,0.0805489620079073
730,1.26441635627069,1.31480750598196,1.18320344563913,1.08440585657775,-1.1861732509368
731,0.706471279657872,-0.974228770361028,0.805958803019669,-1.14750477630819,1.09626535207707
732,1.07948397152101,0.482782710756432,1.02254764753632,0.195009125156771,-0.235565278331333
733,0.857652370745221,-0.776270464097286,0.882784496038643,-0.774326758486847,0.794118419947401
734,0.936530690970526,-0.263836509551962,0.939472828981869,-0.305350317659373,0.340707714725355
735,1.5327359182136,2.63723817892969,1.3734172703169,2.31406135282724,-2.67977781310172
736,0.973524858487177,0.0404019330129894,1.07559770735663,0.45764737658011,-0.275601951883186
737,0.873775101236058,-0.67760800623146,0.923089223376559,-0.478756016459233,0.580171613110744
738,0.990083896470839,0.00543800666637134,0.979805171675194,-0.0827534707516253,0.107510476614005
739,0.670086622073486,-2.02325878676545,0.728440799291619,-2.01231966736657,1.86708785821232
740,1.10608502612123,0.438534673180828,1.23412349354284,1.27986280552003,-1.02773584064156
741,0.690678514055556,-0.43527852729261,0.918481155550172,-0.247579528192824,0.422936585526184
742,0.480508504728168,-0.65040831677649,0.722362708592506,-0.879980627315772,0.905477917413917
743,0.957677206180413,-0.151325970936968,0.84601990314873,-1.04704495106558,0.82616284663064
744,0.921977309477671,-0.333130416603728,0.872662941198082,-0.700207677465789,0.62132680753871
745,1.02210592918886,0.215892377344607,0.981542678078887,0.0014364517571198,0.0158058171711059
746,0.765559373142411,-0.900714175753563,0.842966353973696,-1.01111009043978,0.994654565620363
747,0.902709471884298,-0.48444083966125,0.942959025745388,-0.351612569527459,0.436817104141676
748,0.614546029229409,-0.498734273061569,0.856215331819737,-0.442762203799276,0.578689109564252
749,0.831872944845105,-0.471097648297058,0.923683915859149,-0.381847130070772,0.468856014194922
750,0.815799519429188,-0.965029646565166,0.877036092696554,-0.84283197803269,0.898668699318579
751,0.784924089353353,-0.856079061032798,0.85514850729582,-0.887868857240684,0.901430121882602
752,0.62222219213848,-1.78129150252426,0.673394088379772,-1.7800695595984,1.62550059126633
753,0.967142413964355,0.0943373097402052,1.0757448676029,0.407164670069367,-0.243344191234735
754,1.07130775243954,0.419533822359345,1.12615803793383,0.87051551384656,-0.712283262363349
755,0.519055722313844,-0.408912356989977,0.752568164533419,-0.642418418998537,0.695785831508143
756,0.64546709365939,-1.02342684769132,0.804036471638811,-1.04855285734869,1.07171548179437
757,1.4570283771495,2.18243126487643,1.26449223996053,1.71441238983861,-2.00606700803128
758,1.13877447997528,0.52436962141459,1.05771672757518,0.374198193349598,-0.339208052413049
759,0.462413897710504,-0.466701869801642,0.828215320490906,-0.37189200994238,0.606789084496814
760,0.995915903234518,0.0514155848486916,0.847044961259626,-1.00484514128169,0.749757825289136
761,0.678098844598317,-0.716124544126402,0.89038582618852,-0.493871436767739,0.671793790835895
762,1.08599634207526,0.529217432056908,1.09530983864107,0.676564290322035,-0.606342385502092
763,0.724402691278162,-1.23146894161423,0.811645893051299,-1.23030528305016,1.22650454804086
764,0.970744940224468,-0.101527922671903,0.967581719108347,-0.158541041115637,0.197085109461377
765,1.24374251408498,1.33052222597417,1.20687453870065,1.36415739519815,-1.40108607157915
766,0.837784858459059,-0.00964511512623628,0.747926360688956,-0.791717291832975,0.614446096183984
767,0.805361569448456,-1.02150018572691,0.845526548321571,-0.925212078014762,0.96020571647143
768,1.07831492533659,0.488286894805746,1.09953186441749,0.707781386106556,-0.608169020429374
769,0.920438125591264,-0.395585600866477,0.950334802362378,-0.290665198929494,0.367394129722645
770,0.992251139431215,0.0773535379096698,1.03832584236861,0.272672312392457,-0.140964687449866
771,0.935033511396266,-0.280542846524008,0.980216125843783,-0.0864561871966285,0.197001629126029
772,0.807924528419299,-0.546709263951209,0.80212456320454,-1.12051008986406,0.94799449379043
773,0.550020010424467,-0.632973162658906,0.789332780077724,-0.721970272684763,0.805667356748826
774,0.962533201550526,-0.1394264999155,0.945554838884598,-0.334996168119802,0.322683896251774
775,1.13282326077264,0.486819971690631,1.0993293955956,0.576644564767801,-0.532769367852151
776,1.02547031057601,0.183745420630885,1.04587534428656,0.326014005863698,-0.24815126752837
777,0.976807573427005,-0.02982368276586,0.995167705922586,0.0199298129156377,0.0443987560445719
778,0.789690841084574,-1.18186850547623,0.843898747303113,-1.08573912705852,1.10572255131935
779,0.973124845114852,-0.0495168384643527,1.03132830044085,0.227734573014157,-0.0749069026482328
780,0.49912614481096,-0.539028539495023,0.662149497608362,-1.04688312051779,0.945177965525506
781,0.938877049462913,-0.160185850154008,1.04367470914884,0.317280072473046,-0.102150482713595
782,0.8326364066824,-0.892096707308685,0.840499859515794,-1.10935527002752,1.03795641010622
783,1.24309184221687,0.890231830612777,1.23214860318333,1.3663917988739,-1.2914737208137
784,1.09818144589768,0.414107849032993,1.08693743382677,0.34738051116951,-0.304205346488109
785,0.727394568416156,-0.317040293680799,0.965816894852299,-0.0356137137503737,0.251383081845146
786,1.10745041169577,0.506899210632319,1.19212891476485,1.21843067416779,-1.00583036021726
787,0.610914363127188,-0.322240591820218,0.869862405158574,-0.300237774462712,0.452271477182662
788,0.773567593744675,-0.861480617255809,0.839369598545451,-0.994213328786158,0.966678642093145
789,0.569599647630987,-1.66135979007996,0.682144852342548,-2.00011102292518,1.76674075316327
790,0.48968865277151,-1.37586229513732,0.668168244485455,-1.70211980698201,1.52694669998368
791,0.895034604872667,-0.257391882830322,0.967256659777449,-0.130628181025382,0.223045139471044
792,0.927975929135983,-0.354507909552494,0.973986963138227,-0.126853981272085,0.250747396326779
793,1.06889575530645,0.378841601615878,1.08708088034047,0.513262733368176,-0.419015724703788
794,0.884372918526807,-0.509584267021122,0.932910700630276,-0.328354462761685,0.440476610824984
795,0.327476788093036,-0.402447611642108,0.630418139138059,-0.737710366650875,0.827912378536173
796,1.37275185181733,1.41563804819223,1.30749256209182,1.7830559528021,-1.83269961936781
797,1.17623922918328,0.989550930300376,1.15565444012187,1.04906639996944,-1.03925679382416
798,1.2864057782414,1.27899315114748,1.00327233225234,0.0726479216268384,-0.408766410310471
799,1.62706730210877,2.31547082024219,1.18418795662623,1.1571617883143,-1.56391286658933
800,0.919802461579893,-0.349953568885447,0.979956046043886,-0.090344483062099,0.22549352362419
801,1.35186140388299,1.07429347634303,1.21972940299872,1.23471989288178,-1.30295413525138
802,0.645918398301232,-2.21795751284781,0.701239549051942,-2.19483394091131,2.00563394834156
803,1.12183928690687,0.635521079951433,1.16309820498704,1.07319832452637,-0.947794888586815
804,0.105881154116984,-0.646365356347817,0.310692298738268,-1.51682444370236,1.16384003448551
805,1.17206477174575,0.789422116885957,1.17769549984944,1.1345245965528,-1.0624940828798
806,0.866024234078464,-0.541136672851738,0.833477104002972,-0.846254974545109,0.769969372640239
807,0.987507017709789,0.0169710785043824,0.958211335927898,-0.162080384641504,0.169830580334679
808,0.669890516629673,-0.772015606215951,0.853361284451949,-0.711364015613283,0.809593481190543
809,0.827689975897523,-0.297335124657849,0.891792088490623,-0.468286666545555,0.47896372242431
810,0.984899420751141,-0.020439283242443,0.957273118503785,-0.218937843004184,0.216323390761229
811,1.24604594976927,0.680491413693813,0.954697085498656,-0.155864396858978,-0.00911022055094522
812,0.872444107335974,-0.0330291239346931,0.935683736594882,-0.150520355365989,0.18614665327105
813,0.703203658657771,-0.954759125707853,0.808572260043057,-1.09536906362346,1.05958813439057
814,0.816015299702743,-0.550398084479728,0.942286175586142,-0.283756575128507,0.443708431259024
815,0.793689042273694,-1.15195825710436,0.849373681956099,-0.963424424354609,1.02080029195444
816,1.03162232336357,0.224451487557147,1.02666170135006,0.227347313935195,-0.197905560100992
817,0.365148911033968,-0.526565250996683,0.676626729058984,-0.745065429809718,0.85058336748533
818,0.133045838960072,-0.566984582191287,0.389364572486813,-1.15096460718832,1.04791593419658
819,1.69985297217494,1.37487509764866,1.38006709004783,1.58611939777797,-1.77351473780928
820,0.796721000073084,-1.07508793219385,0.852302889517623,-1.00912329367523,1.03564532813461
821,0.635119499675467,-0.196822699676565,0.934120061902234,-0.0620751195274332,0.281337876646394
822,0.847212982575975,-0.844135553194931,0.852023261915565,-0.998697587565285,0.952942822841987
823,0.84875325566302,-0.71259708262932,0.91242632843647,-0.458097710740735,0.581700934963075
824,0.287873124864913,-0.249243910845994,0.622706900940188,-0.524781202323471,0.665150162409328
825,0.759792066899981,-0.861194891285277,0.862229944007081,-0.793068843728713,0.856512188876329
826,0.89797474484958,-0.505349869192982,0.865503329874327,-0.819860562775236,0.740423660233249
827,0.648691580294813,-0.165581628687235,0.970244109576627,0.0403063805201574,0.189483443585192
828,1.20256159765182,0.635639109936083,0.913330262539519,-0.384473567695228,0.159705510856078
829,1.01874527466059,0.178299870715589,1.03615364223994,0.244314612985235,-0.208301877827071
830,1.08185731325399,0.489866469559436,1.11008293973688,0.781643057127769,-0.665046620947629
831,0.561701428155966,-0.999850193046501,0.762004631388521,-1.09567224031579,1.10022335026549
832,0.846779028659167,-0.24336704121996,0.947862857406919,-0.179381048379565,0.269821380045192
833,0.918162756908216,0.0982103459522166,0.784590181044641,-0.673048595306915,0.519437578871404
834,1.2694568870151,0.57850272425436,1.02827966615307,0.194998449611253,-0.264005241370811
835,0.898057439717821,-0.141973197613495,1.04558833223191,0.296707445666233,-0.0766668533666499
836,0.829611769770551,-0.955168236575477,0.876169811047646,-0.838293368635319,0.888849145997601
837,0.784865059871203,-1.2086716740953,0.834239913130426,-1.15372610065649,1.15161055601282
838,1.20392923445237,0.649397496193336,0.991943028096691,0.0225532466626729,-0.201326111312823
839,0.939392870259876,-0.273703782061305,0.96901487943441,-0.166710270167552,0.247742785692019
840,1.21149230382355,0.775084142930059,1.16223617968116,0.941230578249456,-0.92641507550862
841,0.819033393410422,-0.865959701186984,0.873974251374819,-0.694926984669938,0.774354373367181
842,0.967000320619384,-0.0195652853883735,1.0200330207481,0.172063831544369,-0.0578773809522542
843,0.813795410601614,-0.869062469881397,0.874231965795672,-0.820777639262433,0.861226825262415
844,0.708321722923918,-0.0714496346456465,0.922565675188294,-0.0925577433060227,0.230622364455365
845,1.00746606014491,0.102941492381823,1.03028621857423,0.237487104551611,-0.140793888493886
846,0.923820921273365,-0.294671657927537,0.923947478643282,-0.366030869021314,0.401388996666646
847,1.10667338368148,0.563712061753921,0.94699244405598,-0.3054858965697,0.118391947860481
848,2.24008898666872,2.17082615119576,1.08107309009237,0.424152173796862,-0.783908059234302
849,0.627196632403665,-0.275897531326862,0.889688308647872,-0.225348671657818,0.397837645693136
850,1.05037606389497,0.265324467005816,1.07678171586472,0.487505245174734,-0.378914814371329
851,0.313780058018455,-0.865794621167207,0.589236979993342,-1.2541206210292,1.19445709486687
852,0.663692453585478,-1.79667121666104,0.680780233585636,-1.96433386645041,1.74116477089344
853,0.563444897193005,-0.204907695824192,0.669453874241676,-0.816753969007235,0.729236081764915
854,0.376436715595917,-0.439626120139455,0.607187682654322,-0.912988922815064,0.895032304289577
855,1.09210790934733,0.364936500890227,0.868530606513453,-0.331538412154548,0.13922067754142
856,0.992530986859226,0.0211958297449195,0.967676663091963,-0.152293409024351,0.153108276176594
857,0.760716577580898,-0.124482383157553,0.9659046453933,-0.00691715690572169,0.156778687244769
858,0.900490537759862,0.180543457062917,1.0841812921242,0.34505822138303,-0.21695569050444
859,0.770854595322242,-1.19783462752862,0.803387958936036,-1.17844247523572,1.15880975424419
860,0.958343379881039,-0.0917399930507471,0.980917947431372,-0.0648772143787352,0.120171251181785
861,1.38542562768117,1.13146165397179,1.05085750779918,0.333117841191654,-0.629683535914354
862,0.941816285632335,9.30705517822872e-05,0.81700488130733,-0.836237409939993,0.641555960534242
863,1.08262017439134,0.363913235500348,0.974776966877888,-0.0853171371400343,-0.000634412484721243
864,0.774493022313595,-0.932592364066642,0.841144934069867,-1.00254414950905,0.994283999145944
865,0.665287111435624,-1.88864039418818,0.701289282254825,-1.93217715077948,1.76013671591802
866,1.09624583575379,0.500742735972391,1.09558930339104,0.688792427932757,-0.623543367580188
867,0.550074279320339,-0.908289628184137,0.753788855822201,-1.08415850119349,1.06927419953192
868,0.735613053573568,-1.57998362993231,0.779344392901563,-1.56833658342307,1.49462905160972
869,0.877149039929672,-0.280357263252785,0.858372073854186,-0.741348249198975,0.628803073410306
870,1.11439900004257,0.650316327102754,1.1376712891777,0.954739124833584,-0.854537664017223
871,0.705906394663098,-0.395948090973138,0.891524372770134,-0.341880376658613,0.45983509082716
872,0.73342461637615,-1.55480249496339,0.783164411586821,-1.45146903123338,1.4163662915145
873,0.800780558166955,-0.494010567947377,0.897790497854699,-0.492316366248125,0.543322972695909
874,0.529920248189759,-2.69062798877961,0.583394641987517,-2.70731366993643,2.32209504546612
875,0.419236782746954,-0.537697097572608,0.721354950769722,-0.706851906088773,0.802976714922144
876,1.30839792291618,1.58497846552594,1.11028541769562,0.779780623795825,-1.00884220330371
877,0.988353520122621,-0.000773758108976119,1.01353001760497,0.13728697250799,-0.0396609225649959
878,1.12814479556083,0.743720224670233,1.14856086819943,1.01134481430187,-0.924298280621357
879,1.07977546926319,0.375258966884492,0.983570880437676,-0.0440190058251082,-0.0562397701586255
880,0.990049993539587,0.0332287332856526,1.04947187345821,0.368640997138291,-0.218865631720777
881,0.863887837427552,-0.725916730781136,0.870968913485716,-0.819449459530185,0.805479470173265
882,1.02720721581507,0.210739719237995,1.01060323307256,0.120659901968733,-0.0996757849239397
883,1.44163149082766,2.00144060050325,1.19759198585545,1.290782567236,-1.60616102851897
884,1.22857250598521,1.24295925176315,1.22046289766144,1.46722173146133,-1.46213816029134
885,1.20737358677214,1.03066917370272,1.16855710804307,0.967182757157906,-0.98875920913108
886,0.639298126507384,-1.07247263244191,0.791948852269281,-1.14082590005572,1.13812020316528
887,0.105881154116984,-0.646365356347817,0.310692298738268,-1.51682444370236,1.16384003448551
888,0.659284384515853,-2.1271007819442,0.701226164187506,-2.22248972511777,1.99949154562011
889,1.08714447904618,0.519381251860232,1.11463689862541,0.808543174455578,-0.702325094948748
890,2.31895487205241,3.03116562830761,1.23245200886462,1.22309321333221,-1.98453293380287
891,1.08379596387384,0.483535991729901,1.08056465060942,0.522911159685844,-0.462264458872505
892,0.409891666672704,-1.32012897929716,0.602816416210287,-1.82673970086435,1.56307881673476
893,0.628546620050905,-1.56092263610712,0.71137299946435,-1.91513918327796,1.69742304981836
894,0.902096617437953,-0.326462197497336,0.943980360766776,-0.312825503006099,0.360504488174536
895,1.01322445538065,0.140155705714803,1.0178832959182,0.160949373969099,-0.113896140054419
896,0.964169921545072,0.0079918142735675,1.03887352737452,0.267979309662659,-0.130806877906431
897,0.995000471821483,0.035467564168448,0.996277207852205,0.0305726380394872,0.0211954970647791
898,0.995416635471085,0.0341317616401274,1.02873950704199,0.240028952859055,-0.121763657601423
899,1.24841754053142,1.17114077611355,1.07167187016379,0.511063322787679,-0.687702679825332
900,0.654741919045014,-1.9330553849631,0.692209725007512,-1.94379740374362,1.77307625570973
901,0.774529660716398,-1.29744578328266,0.81930999589164,-1.21206142500992,1.20812953426891
902,0.957807577214441,0.0750037096143047,0.954558047436083,-0.127166870083686,0.0869903891013319
903,1.00780150547806,0.172314538869408,0.970694496044375,-0.0611619708071498,0.0745199506045776
904,1.10408404084544,0.455950535330084,1.08168171026903,0.521164246595,-0.481021005531124
905,0.923133453578459,0.0371448310049606,0.993552796567973,0.0577192652712572,-0.000693491975457678
906,0.622707493828622,-1.57836119563924,0.705815283337632,-1.91508743958114,1.69887035768712
907,1.15802126866648,0.489127622206568,1.00262654216534,0.0834065679663159,-0.132910668666904
908,1.30761752627555,0.614758638367015,0.807874437528939,-0.474003810820271,0.241697417279088
909,0.861310531539997,-0.750217274241829,0.890115848599567,-0.731657125573267,0.760036089158606
910,1.18327669402021,1.02739876342156,1.18328734265605,1.20758613970955,-1.1713836699582
911,0.786048781638942,-1.11825820481507,0.84478417714717,-1.07393396203995,1.08642699791963
912,0.952320657093029,0.159171139098524,1.16483238592519,0.625065340512817,-0.433799845630197
913,0.68596150827054,-0.435961213464911,0.837459116410533,-0.590729126576106,0.629991507117352
914,0.71452292291609,-0.954061553634165,0.855423945616436,-0.811991765909142,0.908721653161977
915,1.45914872818781,1.54018993719947,1.09164747290146,0.577806393024435,-0.779334837590806
916,0.70454026495975,-0.366575410433364,0.865994467309816,-0.433514188550955,0.516146003849989
917,0.690421180985726,-1.76971757537115,0.744499225050658,-1.87799388136115,1.73173645577045
918,1.05183724850148,0.353796225622915,1.0499762238487,0.256115304507887,-0.19893348972281
919,0.833719229811883,-0.121190240023192,1.08668890222515,0.415207553979557,-0.133421180708845
920,1.12313022907436,0.618412706566364,1.03439390305095,0.245020272493515,-0.301394826093968
921,0.750073866652878,-0.746503703909486,0.911102478248809,-0.445307008829591,0.624005479686144
922,0.764278061724574,-1.27305380769732,0.818287084401343,-1.27309815884124,1.24898769916276
923,0.914967602796559,-0.369736664745727,0.974566089023694,-0.127895281396767,0.256971280168924
924,1.01499107586339,0.141061964716435,1.0436063748632,0.330082169941508,-0.237305301281588
925,1.03954883036668,0.294499927157508,0.97106263936035,0.0119146999133598,-0.00206923180593957
926,0.945211800149207,-0.208918278805861,0.903146564319835,-0.635257113495755,0.543996850392582
927,1.0767649827864,0.429858926824712,1.04965009128941,0.334288252924135,-0.317231417562992
928,0.882923609325608,-0.616279217134581,0.914330864995171,-0.528336182254311,0.591010407059056
929,0.573103832144094,-0.18227434466187,0.833939213184641,-0.288447192221004,0.440761758591805
930,1.0359901260939,0.237122324846958,1.10302778859557,0.712744939223039,-0.535121933135577
931,0.914264235637331,-0.43505480772991,0.955181934644345,-0.25444291982543,0.360412439661219
932,0.493747271275129,-0.694268420993076,0.773975114750572,-0.731888329258241,0.843294608931534
933,0.773093211497,-1.05719445659506,0.828539559573252,-1.12590217649267,1.10466297628797
934,1.05727309339181,0.33655117272001,0.999947899454064,0.0598373262041917,-0.0830282212756648
935,0.812436247020925,-0.787307308516606,0.809490593124421,-0.96554154696753,0.91232761912237
936,1.0064558892418,0.112887564301533,0.978318130522032,-0.0734797122887607,0.0475951585590292
937,0.707852797108189,-1.74656600774781,0.717751800401494,-1.9994753169425,1.76863781360704
938,1.01179472565387,0.125280984287991,1.03994621092961,0.32129519655545,-0.214920683508688
939,0.87167925070026,-0.598269489586541,0.922108134352003,-0.493231389777706,0.567149541335007
940,0.709913281000573,-1.74879930355718,0.764632141711963,-1.69056126626425,1.61242423556296
941,0.296023762902863,-0.483064143503929,0.600106756147408,-0.844659067450197,0.909527548696342
942,0.853361628930385,-0.236174212524897,0.951997020774144,-0.172281731145238,0.269534012009654
943,0.694485843051238,-0.674636310704034,0.885532358520491,-0.490615380710901,0.637346627706987
944,0.626558149787142,-1.00913416124423,0.72101918825682,-1.5732467825814,1.3466617021317
945,0.679640677949414,-1.56402210854433,0.707036578684684,-1.66956041273958,1.51651046193781
946,0.929930326307432,-0.281188492052752,0.972486768600211,-0.14052928471077,0.229962805991568
947,0.770960495936452,-1.28670768119544,0.836945569416507,-1.05484186212419,1.11562323033186
948,1.0454687277832,0.244409046977271,0.850315609592303,-0.771731367281491,0.501770547383315
949,0.105881154116984,-0.646365356347817,0.310692298738268,-1.51682444370236,1.16384003448551
950,1.08474974405151,0.517952081923353,1.07076292504335,0.504164592452596,-0.472652868025651
951,1.07536812228148,0.367884941823494,1.04934126619461,0.345844857523876,-0.340199255838661
952,0.797502054382208,-1.04384896895242,0.813726642713846,-1.12105245863043,1.08004329844868
953,0.893654691015468,-0.485699951629247,0.947729858159827,-0.306201428254594,0.411653057187097
954,0.754635419307468,-1.41748946379544,0.806694413335865,-1.37503259795761,1.34315382727064
955,0.498280732509281,-0.813538999105067,0.788026696094683,-0.747219974774544,0.889809440735375
956,0.678001223716,-0.490103397436882,0.886363041076185,-0.396944668597448,0.52976116768866
957,0.893784583572986,-0.513629106933085,0.874731707103579,-0.743053207103081,0.695494922602759
958,1.99164331131761,2.797380888872,1.52544235765572,2.68782910993434,-3.30773559642969
959,0.709413238523641,0.119886265843833,0.936478278342546,0.0298340124543098,0.11747456422892
960,1.21593979169355,0.985145798455189,1.19015883376095,1.21251413889148,-1.18717291272618
961,0.942404341780454,-0.209984621286507,0.961594474202022,-0.15824822028962,0.236430102441761
962,0.974850830726149,0.0231876948173099,1.16698039576147,0.976293797739193,-0.609788505836371
963,1.11655046161618,0.677228970230143,1.1096778143323,0.73442250703023,-0.688171650297956
964,0.82832389910408,-0.569583112514044,0.937921348644776,-0.324944215221866,0.469468691208298
965,0.664012810746672,-2.00741452392563,0.711512750422752,-1.97513689371725,1.82164707603043
966,0.898349428075408,-0.517497710058371,0.957394773903931,-0.244686556109838,0.382217186998503
967,0.909685230588367,-0.453015714200356,0.935066154721185,-0.388815832517175,0.451681002128164
968,0.856923731517714,-0.652112933106086,0.933691625087603,-0.409070947825401,0.538012068390494
969,0.968120744579888,-0.0326133895852108,0.909389763098624,-0.503015378374761,0.404464598608719
970,0.812763864819089,-0.445376910041463,0.959045298077888,-0.162106510245597,0.344072232063733
971,0.808070169124351,-0.843164055328772,0.872476566796938,-0.633957442963102,0.73325406167239
972,1.06531191310071,0.405335572948982,1.01524347992891,0.148086043231102,-0.186712397387647
973,0.761487463851734,-0.0557009891431972,1.01117142912998,0.14610046319457,0.0434506435931
974,0.670134955254763,-0.889662601996275,0.824839689942068,-0.906411733762604,0.944029114881529
975,0.697879471637888,-1.48088055174608,0.707797709537497,-1.68895491211919,1.51214172906126
976,0.233518760867871,-0.844900467196581,0.498104460731926,-1.43294545993633,1.26671250781878
977,1.14232484267952,0.778219484526966,1.12709287140225,0.816288320706681,-0.779255282954087
978,1.33760359088207,1.7050932437141,1.29446766149798,1.91635398375764,-2.02222386399837
979,0.79373165936398,-0.41216007816011,0.897593849341945,-0.442747712909301,0.501696780765186
980,1.33212889597962,1.73067158328794,1.29766018990237,1.84026112538772,-1.92569189796492
981,1.11718727013932,0.637529180923126,1.13051299469472,0.787507020632801,-0.709680266672587
982,0.668586870872341,-0.35292760789395,0.903288263926474,-0.245776452553554,0.410279297275738
983,1.28424497105535,0.719240748506594,1.24269063652874,1.10906429681631,-1.04197976248924
984,0.924239972021146,-0.329418146779302,0.987390343982614,-0.0365904783837213,0.182935108476133
985,0.450534969682542,-0.300189233386212,0.853882329393771,-0.211321957852253,0.485470398128004
986,0.750649410070874,-0.781911005048262,0.796712208069826,-1.18894154741652,1.0610530302598
987,2.3547606365972,1.83731463226563,1.07677661911808,0.367661498840679,-0.856933005532301
988,0.742851532181842,-1.14067719416933,0.832389749050878,-1.07119851436156,1.10751335337062
989,1.02708370565425,0.207484188553926,0.97689967605748,-0.111679439100115,0.0746171126692397
990,1.06702410055695,0.300393643612172,0.998762914303766,0.0758254988256994,-0.136167521564589
991,0.895401615489218,-0.542955437181646,0.894957937169488,-0.66544255636928,0.659675221683153
992,1.32755531276186,1.72027338433789,1.31254812335186,1.95765534837091,-2.01585049559286
993,0.291589705020479,-0.726284014774789,0.573110617603571,-1.16723003768139,1.11210600775862
994,0.791156657684019,-1.07283420672725,0.839406850913786,-0.954108564612482,0.990333599835372
995,0.317982513233228,-0.436151753019458,0.601617521562527,-0.88752012966889,0.896820456605467
996,0.893081452952343,-0.540720738819662,0.894894352060535,-0.641347850422543,0.635638789643489
997,1.27818157944831,0.783134453630313,1.10590136856358,0.59030332240719,-0.593998528363663
998,0.402460878612762,-0.499897749140922,0.73509305886564,-0.619470985259587,0.760666757991439
999,0.648555828393778,-0.757999694965976,0.772770076609838,-1.06740995645198,0.976888885844623
1000,0.452643514236948,-0.251947805486803,0.802341497102,-0.321571091893856,0.52250838244846
1001,0.940103185507555,-0.113251509812932,1.03244769166632,0.243245903455428,-0.0725998143076752
1002,0.788641428664657,-1.22314559844744,0.819076353199576,-1.27673058894178,1.23144281206872
1003,0.684705492832881,-1.89107529990825,0.723472780631303,-1.95848049868809,1.79068200972051
1004,0.661279653794211,-0.418317134906487,0.896651165098171,-0.285606747377336,0.452173284761456
1005,1.38932661316663,1.72556874745123,1.25542646452211,1.38253887803705,-1.56762910202489
1006,0.711517531731476,-1.61190429442347,0.76632644639015,-1.46280854792457,1.43410463259514
1007,1.06483035224766,0.411007331102755,1.061329170751,0.441399702170404,-0.388830018665778
1008,0.591775418056793,-1.13704313691384,0.758509397556462,-1.27456673399082,1.23326609144301
1009,0.746910399149101,-1.1740513318002,0.828310155304369,-1.18059878700003,1.1808326134895
1010,1.19431182826124,0.880988040267299,1.13800672201898,0.913883145488499,-0.905612763322352
1011,1.03383674614273,0.211880466530275,1.14729444462272,0.816879051253996,-0.590527535780051
1012,0.75813615029046,-0.334752719094417,0.896638005100087,-0.360170053912689,0.446024810530424
1013,1.30175927679896,1.39755896298029,1.15456733522791,1.02687846602097,-1.13220811451385
1014,1.04395081338951,0.254864659069097,0.983961046588475,0.00681955009586804,-0.0654766690751557
1015,0.853468174745788,-0.751994435972404,0.894306905953867,-0.609511905518731,0.687252038054363
1016,0.92669242115364,-0.320846082893443,0.983842815974165,-0.0623334201350635,0.196764566214186
1017,0.945836035334071,-0.245699217298741,0.970013743024864,-0.14887722812574,0.22947512156946
1018,0.907788261948777,-0.236458317070176,0.951480904023636,-0.235842326144291,0.276729466065928
1019,0.975785819619595,-0.0777613682702849,0.98353319703483,-0.0649720294371175,0.114117121220826
1020,1.14439655259269,0.815883611378933,1.18410565427625,1.24514041818011,-1.13305967129604
1021,1.15174958367675,0.513984225696688,1.0862943237911,0.493026240193365,-0.485719014044743
1022,0.999305422637154,0.0661297174613488,0.982519412738799,-0.0404198978361192,0.0654860049125813
1023,1.32293940501978,0.641229085523555,1.0758596468307,0.336615495750886,-0.47622334349801
1024,0.914988028129009,-0.229502674100212,1.00531288367635,0.0870366743028197,0.0773000274944308
1025,1.27601060644737,1.37871354905818,1.18280772430597,1.09165487631176,-1.21195832889085
1026,0.406251433017031,-0.909663349680946,0.638402870501044,-1.27080251205665,1.18073128993726
1027,0.859399253008933,-0.711370488310487,0.862704230051286,-0.815901850237375,0.800918982602019
1028,0.819248633480361,-0.798592666897407,0.878810366284741,-0.763911515363984,0.804050658107221
1029,0.920034726874434,-0.304893920370576,0.941398822462668,-0.340321515134509,0.371349190651245
1030,1.63753955910607,0.854475993481644,1.1029205419635,0.373694163276479,-0.519722399864599
1031,0.434931020340471,-0.666054204450789,0.758804437058968,-0.681195951885099,0.834748584147918
1032,1.21647194421625,0.910428345068399,1.1126789010572,0.732098484686121,-0.794226321422762
1033,0.823601854500664,-0.818634426031128,0.822806931995816,-0.978049962952913,0.927357077944908
1034,0.758453634443314,-1.2848363288234,0.81616297646956,-1.28911584544327,1.26442971033605
1035,0.62557507310455,-1.15478120310187,0.781919191042685,-1.26258378717179,1.24846481747287
1036,0.770409586459163,-1.33037687581739,0.79369790010609,-1.41673651768975,1.33497418529144
1037,1.00834383523736,0.112259850945265,1.0855466558004,0.5931335750543,-0.403773237274395
1038,1.15456090180417,0.823751906671815,1.19879968502601,1.19552398159114,-1.0809270624052
1039,0.879052028624557,-0.643655939310938,0.914727138245312,-0.546107743250096,0.611123651086776
1040,0.900998762976595,-0.158435313478665,1.02858376298474,0.209535982005375,-0.0245473709795105
1041,1.08074690447214,0.352129512917927,0.928871538615511,-0.343091713351546,0.196049526187258
1042,0.907508206659307,-0.311317780297093,0.973953403957587,-0.108997173888612,0.226485079776639
1043,0.655212978981671,-1.26136998497368,0.783434263189338,-1.29785163600422,1.28168193505943
1044,1.06882435085176,0.302837641420976,0.949416243851826,-0.128431425771054,0.0955001855600007
1045,0.742058699298262,-0.400385416205129,0.89420046337978,-0.385113545368605,0.467989155411322
1046,0.387959418111556,-0.886233981007987,0.652776718133051,-1.17985707458596,1.15108366931046
1047,1.08824668340869,0.52694641611951,1.09940476226266,0.67457044114621,-0.595683444580332
1048,1.16605195208494,0.877832388953557,1.12052902405671,0.845254639878765,-0.846027468073628
1049,0.695513584503653,-1.14486853819574,0.814143949842972,-1.13062271780936,1.15100714316799
1050,0.548378437466773,-1.17696203021712,0.735391883187295,-1.36908636400627,1.30836724247076
1051,1.27962029954686,1.4504134454977,1.20454907599023,1.26368966552308,-1.36400502791031
1052,0.80075567217949,-0.892332668108138,0.788993820810468,-1.14399084773341,1.04215791795549
1053,0.553357397485409,-1.80023448605219,0.654509883959614,-2.32822320058419,1.98339052422091
1054,0.750194380920334,-0.609216451580729,0.907078128916559,-0.418596479670073,0.556963025794781
1055,0.394417618947178,-0.494464009917658,0.720020925821516,-0.656533139952371,0.779442680494568
1056,0.899040089971914,-0.478231336715078,0.964434430253848,-0.200336653022061,0.340180512596375
1057,1.13128831222602,0.498814998305593,1.06686139239116,0.427081144089383,-0.385112126105653
1058,0.0537589673677013,-0.849318918285579,0.129793546747272,-1.84136873205999,1.13217140841985
1059,0.851762073605032,-0.755690927155382,0.894782587757473,-0.609882657396474,0.68647890369996
1060,0.839077049878809,-0.88553701913599,0.849815802038368,-1.00174409389384,0.963424884408226
1061,1.00003160140371,0.0919181803009337,1.07372652132034,0.489710062157715,-0.324836582232254
1062,1.07064219453447,0.443925753521092,1.07907361448084,0.564080065909545,-0.487213712683122
1063,0.77772463070293,-0.0943427339186561,0.918943521714738,-0.161190220785506,0.249811412427986
1064,0.702637240746906,-1.21521108048339,0.802340344845298,-1.23821554040775,1.22817983632003
1065,0.918211996676244,-0.408442599490779,0.950221346473965,-0.294805913049084,0.373178407325067
1066,1.13733418195967,0.783707279936762,1.14165203744654,0.923868311635938,-0.866118357250006
1067,1.35723346750879,0.724896898175647,1.14753920020134,0.606696250609468,-0.694694017856919
1068,0.550643423216407,-0.0117849050906061,0.926105335148139,0.021274421352401,0.227340518901593
1069,1.42325642404177,1.81283012243807,1.2023316678681,1.32983761813631,-1.52139108229144
1070,0.608845390991179,-1.20754856885889,0.75584353243651,-1.36181186259409,1.29875028144873
1071,1.71499041533732,1.91485346741491,1.04819903621807,0.321253160574837,-0.694997521937176
1072,0.627127794376709,-0.722953480799982,0.826907019185253,-0.709706887498358,0.789838201216621
1073,0.993025693436677,0.0230010809876759,1.04266046325312,0.337247329875005,-0.186636498139443
1074,0.765688142118737,-0.950543555963159,0.864006625059189,-0.845971564107698,0.915366278322726
1075,0.916411303764168,-0.416114848681514,0.931707935664308,-0.404549937285095,0.45169520915884
1076,1.04095542993672,0.232149563791246,1.01391255684924,0.136782480948234,-0.116838527160583
1077,0.689712021275385,-0.985260533120364,0.848304211849601,-0.810712223891289,0.922967813798948
1078,0.948281473805954,-0.208039165232745,0.991567640780865,-0.00823676971100155,0.120643259544578
1079,1.26342161130074,0.619498071819565,0.808875945878635,-0.707280258388065,0.402216372376104
1080,1.01512737452646,0.173245400559747,1.11391168679629,0.615414752810961,-0.445609971705389
1081,0.998511637573943,0.057992161972945,1.00524116660531,0.0872532743297119,-0.0201056721273126
1082,1.01100942798583,0.121923344237127,1.06585124856184,0.486252268823786,-0.332575496699341
1083,0.969572081845842,-0.0324894848057106,1.00706162357725,0.0971660624283724,-0.012238497682588
1084,0.791352387206002,-0.585588727469546,0.890168874245086,-0.605072222551822,0.652685417046461
1085,0.664933303640916,-0.509857315315565,0.908543430382656,-0.296031520258483,0.487217969215917
1086,1.98370540373003,2.2315479727427,1.2098991199255,1.09585757247924,-1.30850189921816
1087,0.590434339095357,-0.441795236007897,0.891704580406371,-0.26218698326024,0.473749843808372
1088,0.782885030285005,-1.15266342077915,0.809851163576319,-1.33440931105801,1.24505217042347
1089,1.28694643062289,1.52604571564937,1.21905808023589,1.46412407599777,-1.56874705109254
1090,0.857782125911139,-0.247635344433064,0.926641706520752,-0.328334937138539,0.37212143761947
1091,0.83162046149386,-0.465462140044994,0.951498671373241,-0.221181859722173,0.370957603838062
1092,0.839251106021488,-0.531603036555936,0.959177450816978,-0.204820196695301,0.38524553881059
1093,1.05521655713595,0.303456844545218,0.999061827453953,0.0452626318651238,-0.091212832912288
1094,0.805167170452733,-0.489866975558591,0.916550560246669,-0.404671215262389,0.495639032636261
1095,0.72007670112791,-1.14090254439357,0.80766811458692,-1.23804869991707,1.20273978132119
1096,0.783307006849603,-0.699794755597746,0.864544350454278,-0.76849486649582,0.775718172986442
1097,1.05017462154169,0.309706145237955,1.08043662842448,0.587172027975439,-0.463350966635187
1098,1.15380821757851,0.616270423163518,1.09602402857216,0.604559760582417,-0.603531668978099
1099,1.0128509351608,0.130772081479359,0.97426726004266,-0.0867220221776173,0.0815693283915138
1100,0.972492366638219,-0.0858489438320816,0.976176767277773,-0.0963643416115403,0.146471949613622
1101,0.983523838578999,0.0528894502402425,0.92761898444947,-0.370885858100979,0.296888804075923
1102,1.32481818164819,1.66690989655114,1.23152577112318,1.41854438265654,-1.57123327816577
1103,0.837916457272011,-0.712516664169055,0.847971158958646,-0.794298110440258,0.790637023128986
1104,0.807632322859248,-1.08045638492851,0.833786883050334,-1.17693130793347,1.13406809829199
1105,0.808208821766384,-0.402926208142793,0.911299740532477,-0.396434000975261,0.45562295817791
1106,0.268855428850115,-0.456579997634609,0.524277942577347,-0.972334662916879,0.94249884268194
1107,1.0463383609923,0.280175765388325,1.0882258458697,0.51771870646432,-0.384958002544959
1108,0.689571738450378,-0.422208824306381,0.931458731579129,-0.188518605512342,0.38566342064955
1109,0.621935236391931,-0.543038556553325,0.88353192633245,-0.374001075717126,0.56225524877469
1110,0.0537589673677013,-0.849318918285579,0.129793546747272,-1.84136873205999,1.13217140841985
1111,0.835513695994066,-0.902067441583215,0.860047076090844,-0.966103769576689,0.948076861023111
1112,0.840598923399686,-0.849257184590135,0.897152122662928,-0.684562758104708,0.764843608142543
1113,0.958290316878361,-0.0564845016220029,1.07933986029473,0.51248340663507,-0.270859710023204
1114,0.741028078172258,-1.29924821425915,0.814061325903063,-1.07191687769525,1.12389149861051
1115,0.936980649947964,-0.242804843113419,0.994236402733757,0.0113382692842701,0.120485371124805
1116,0.978357891037591,-0.037292069859164,1.00325870254777,0.0719457632797755,0.01185041247762
1117,0.999424940964769,0.0565005583971289,0.989439895893473,-0.0242394633691677,0.0572423573964014
1118,0.850442377696427,-0.519146661219127,0.8777890622338,-0.730676651850285,0.692236298648088
1119,0.953023674905106,-0.181745609653122,0.955649505458366,-0.218842903150055,0.258989209908805
1120,0.786796138006264,-0.583627773121758,0.879098893546209,-0.651557817786261,0.674081291924822
1121,1.11819678868808,0.664054159748717,1.121978916893,0.787165785758488,-0.720849159291022
1122,0.992409259922798,0.0185037705374064,0.964193136976059,-0.197880751780011,0.181386556015583
1123,0.339159775851482,-0.242360663049425,0.592975958840572,-0.694625220773101,0.73718502526248
1124,0.880269583237924,-0.49840106434944,0.941550822486347,-0.356337199183567,0.451787354656829
1125,0.84509830953424,-0.752461487694183,0.836825611964117,-0.947888068552309,0.896796507082294
1126,0.765934162355263,-1.26315155431572,0.804035754458507,-1.22108574915766,1.20154297448473
1127,1.04239053608118,0.288565958050489,1.05512350186115,0.420921989471322,-0.341849006803896
1128,0.683847645633376,-0.116439380307003,0.884502514271977,-0.209047689901562,0.325848180519819
1129,0.961690426497234,-0.136304817557312,0.995432600334577,0.0168117964873752,0.076863627232285
1130,1.01791185175573,0.177574729915491,0.973100974345099,-0.0623290649497451,0.0042942366874111
1131,1.49079244754245,1.24379268823155,1.09459459439243,0.539689732428142,-0.845200366000386
1132,1.20888052277992,1.09960317530174,1.21894525728222,1.33733361456381,-1.29315124269714
1133,1.04769028503809,0.31361402025865,1.06532435105469,0.487153615368887,-0.400336281034429
1134,1.03891154826823,0.251809796114374,0.951248926018038,-0.279122479309887,0.170232995734982
1135,0.793397488910189,-1.07528419778846,0.817676553659118,-1.08832293761189,1.06605218372962
1136,0.889028569694763,-0.474918147397176,0.888369309583185,-0.578638200055264,0.587468962014258
1137,1.09359529474389,0.525013923133398,0.980069056475406,-0.0872634041119004,-0.0127458044414303
1138,0.709768269595462,-0.939681736263941,0.802204528853309,-1.15274404201522,1.08492748231567
1139,1.04376546677974,0.239878039555923,1.0012980963929,0.0712121429760068,-0.0722350138244182
1140,0.976583764099894,-0.070575636185536,0.968228996640457,-0.159590554821505,0.175606954596311
1141,0.841999084817251,-0.0582058880979413,0.820363128985135,-0.602172979913337,0.519765172058154
1142,0.725895803594361,-1.63165127227174,0.778372545211787,-1.57043809067067,1.51030095979199
1143,0.632565654610688,-1.27076398303972,0.754935172633753,-1.52688896338014,1.42093008569131
1144,0.966998099724727,-0.069095776950676,1.04495342015777,0.334911419220698,-0.155062992286566
1145,0.884568115622812,-0.37191075507731,0.937641509620249,-0.337086799271748,0.391153229958814
1146,0.782505916098359,-0.701133129547041,0.903541649823701,-0.522520155221093,0.642905346525359
1147,0.717970466012459,-0.127220390262167,0.916306257434078,-0.140346939347552,0.274375835190091
1148,1.02447233306556,0.194396246122234,1.02108586687364,0.187315968990363,-0.132700972704324
1149,0.655514297983509,-2.12112073417299,0.709106443363544,-2.17938823573685,1.98068403027256
1150,1.09561059338081,0.535222104329258,1.07145615764686,0.466592950695331,-0.444848972794469
1151,0.765445998311786,-1.02192208449671,0.728599098787232,-1.45487751328975,1.25888314492441
1152,1.4034425407255,2.07679541642635,1.27385592938939,1.76768786253768,-1.99213943610008
1153,0.948228636325689,-0.0410531041068765,1.01717227121563,0.154107079898635,-0.00946146084195654
1154,1.31894720642896,1.2850301358639,1.12933221326962,0.841895772286752,-1.03517981061767
1155,0.765174098528894,0.00490656022805891,0.953571533017621,-0.00376711030562664,0.125288642809798
1156,1.00232180752535,0.0763222067148086,1.02676047901177,0.229502859831759,-0.143587047100318
1157,0.989816101249593,0.101983622303865,0.891068741124089,-0.507745616648493,0.393811043404145
1158,0.904191314161999,-0.428909074455628,0.968849001262886,-0.163038806949109,0.301804077481144
1159,1.35528660076924,1.85051248492766,1.24671310591775,1.61549545186956,-1.7806566016228
1160,1.08930596456713,0.469268037668697,1.07832849185188,0.574111731459855,-0.533732894835288
1161,0.792119760055919,-1.13363034989939,0.857052586608802,-0.880103909731155,0.965421980071352
1162,0.714385158746924,-0.716523323723281,0.78389996028336,-1.11737959807184,1.00074205727535
1163,0.849529579765352,-0.706083926856448,0.786823001920811,-1.24563977403835,1.06833607166874
1164,0.747528136853656,-1.22746912494603,0.789151559714871,-1.18937013124389,1.16699856262859
1165,0.0537589673677013,-0.849318918285579,0.129793546747272,-1.84136873205999,1.13217140841985
1166,1.0847575861158,0.402704978176012,1.07110949014903,0.480759130466214,-0.426698207709719
1167,0.492429891317959,-0.840844355506636,0.743574565762226,-0.937201892624658,0.986519154211092
1168,0.544540555270137,-2.38271623594989,0.603036293207437,-2.37292788727848,2.07176703025577
1169,0.993723077966429,0.0602273217918558,1.02176156148534,0.185978279917055,-0.091769816173232
1170,1.41138828539007,1.4048711724557,1.16247767230404,0.972287583505344,-1.14645129339891
1171,1.18052495078542,1.00958821883635,1.16427871321909,1.09184819297944,-1.0832305416431
1172,0.738247834012628,0.206274985998646,0.987150556641423,0.145975292590519,0.0301026879051246
1173,0.903405892959421,-0.489726542836134,0.95078559598656,-0.295570943137078,0.401891608876044
1174,1.07254943101317,0.402240961073853,1.09826104526444,0.672225689298402,-0.573066659333012
1175,0.596851139331826,-0.587760448212577,0.788864239393044,-0.74599450619788,0.778621627157893
1176,0.574868518910931,-1.84949690679796,0.666263578073053,-2.31642485046788,1.99668354202856
1177,0.902348541228167,-0.488892124734226,0.959115484043068,-0.235000141706618,0.366087800160122
1178,1.04000184111096,0.277483246549064,1.07111059218163,0.520516272623778,-0.406834270484318
1179,0.482746347710777,-0.672306015929543,0.784433636921946,-0.654994476555202,0.799877981188
1180,0.981269687739878,-0.00156940127663437,0.93924851494472,-0.340207863459954,0.281965544109559
1181,0.561439351905582,-0.464053248504156,0.847725144588166,-0.39515693278889,0.564717237674231
1182,0.943821414406803,-0.223110390286071,0.985096263482976,-0.0509880835019372,0.152216826231434
1183,0.636717590065837,-0.0219693028993683,0.922171175121242,-0.0299821424587236,0.231272902083837
1184,1.06274794769472,0.396147262930591,1.03856995081217,0.296955279052931,-0.284418352298522
1185,0.983046784076795,-0.0218190723891483,1.02028292750079,0.186501608129009,-0.0707201130227833
1186,0.874131281126356,-0.585474110026574,0.893187406640646,-0.691535821994096,0.684488148732712
1187,0.9814088117546,-0.0290802729132748,0.998961182425131,0.0501588391425359,0.0325272026784117
1188,0.767918815388828,-0.461478187613078,1.02461247498297,0.186952480245213,0.155979383037611
1189,1.41425764132771,1.02987535145897,1.25051227618416,1.20686345702789,-1.26051300684606
1190,0.626265399042682,-1.06170384867552,0.797803912966717,-1.06262251394826,1.09539344305214
1191,1.16834069100922,0.906227357677126,1.07491954767484,0.54742675951297,-0.6325298727015
1192,0.341509850553565,-0.499385275271448,0.692861486064357,-0.675995666032661,0.818764258736938
1193,0.498619117064715,-1.79803394139333,0.615961687782269,-2.40350276247721,1.99253274152109
1194,1.00706146613269,0.0992831634759183,0.969142633733905,-0.160652004288212,0.131506836288968
1195,0.690156838680033,-0.336685545368948,1.0001665840274,0.0950847362648791,0.191775437338292
1196,0.98587465951962,-0.00253008579484536,1.03521426707997,0.25834846757678,-0.114998851770117
1197,0.840956972389349,-0.436634271109579,0.904700301653069,-0.492014223480567,0.518904355704678
1198,0.133045838960072,-0.566984582191287,0.389364572486813,-1.15096460718832,1.04791593419658
1199,0.424029481210659,-1.08636036698098,0.655966806451342,-1.39034977464755,1.29519215534078
1200,1.0321212766534,0.227603948745693,1.02500427498923,0.202541061262629,-0.152135877545234
1201,0.303474768421489,-0.237571065110218,0.602050176619996,-0.641287623993797,0.723635745036958
1202,0.976698394925705,-0.0127016465203508,1.01720022196021,0.159292381569865,-0.0560090736861781
1203,0.979458136886088,-0.0433565893833935,0.971419443695902,-0.11589469153355,0.145573819318135
1204,1.23176375637631,1.10946150630545,1.12285698426877,0.845217051954,-0.94421400519143
1205,0.833811709308651,-0.694955383298695,0.889808962579005,-0.522473194336852,0.618522642662411
1206,0.654410506657133,-0.655411701789707,0.848737416434489,-0.609303049762173,0.711206273394782
1207,1.22388437582146,1.22964190631708,1.15286175299123,1.03449646218831,-1.09704766659013
1208,0.672842501594242,-0.107681116100785,0.746168039580908,-0.604741091075745,0.569683253537416
1209,1.16145999753362,0.540745552082402,1.1840466262848,0.970857268773362,-0.878471795609974
1210,0.836004572090073,-0.907977234410234,0.857441211982141,-0.978638147754286,0.961371810179299
1211,0.903664039984702,-0.308739030146412,0.989121457050898,-0.0154145069186015,0.170110423548247
1212,1.31003702467196,1.51526489591754,1.27070674630001,1.74275133700023,-1.79585434862555
1213,0.865983635427366,-0.71510243675847,0.880486110159448,-0.812649776971588,0.799474293962163
1214,1.01505434095007,0.142648558780307,0.717186457465385,-1.91633310337699,1.32054224431259
1215,1.17619087425073,0.55886251755104,1.14527103616111,0.754909232322395,-0.662063212633529
1216,0.931728212013693,-0.251443223012586,0.961197157807876,-0.203618710763405,0.263836563161178
1217,1.07746924151558,0.461801498828561,1.08071978634006,0.543214348603475,-0.477253282357216
1218,0.0537589673677013,-0.849318918285579,0.129793546747272,-1.84136873205999,1.13217140841985
1219,1.3452279955526,1.16446710375523,1.17935858426357,1.0400169275616,-1.12380818722665
1220,1.21787328273893,0.813290949155896,1.26050225449438,1.5543023779311,-1.41888053693844
1221,0.692156949306856,-0.833863560727233,0.859040569687185,-0.747375788674293,0.850381145244137
1222,0.921683256469356,-0.377561086708798,0.925112165942811,-0.447362822381623,0.47379657041333
1223,0.672842501594242,-0.107681116100785,0.746168039580908,-0.604741091075745,0.569683253537416
1224,0.0537589673677013,-0.849318918285579,0.129793546747272,-1.84136873205999,1.13217140841985
1225,0.779804615919657,-1.11885115156604,0.849897252116079,-1.02227526849006,1.061150416133
1226,1.04280253051905,0.241515892370261,1.07378917636536,0.40392229349662,-0.291595256986535
1227,0.856699919983045,-0.370507820672478,1.00219394503243,0.0724568034003762,0.156536140499121
1228,1.43634834112356,0.717032115841761,0.681170051467114,-0.677229609578969,0.327334004137454
1229,0.233518760867871,-0.844900467196581,0.498104460731926,-1.43294545993633,1.26671250781878
1230,0.723691182155448,0.129523878426989,0.914902995658705,-0.0297942225074322,0.152356637982743
1231,1.02390262478097,0.180963970744112,0.946540511389648,-0.246540956247968,0.181813282194145
1232,1.2474668447231,1.33235976638058,1.18698813490622,1.26749560247263,-1.34165289913016
1233,1.23591836478829,1.27134294928392,1.23669373623186,1.49822197183387,-1.48301376551957
1234,1.00564122690901,0.102824390307688,1.01039897896438,0.118156327249834,-0.0704637112980809
1235,1.73453225261711,1.20960207563882,0.993262364376554,0.0620624762803918,-0.429255131599726
1236,0.676884586487978,-0.816269997577998,0.827922493370512,-0.835073501898409,0.876301355745257
1237,1.39182488133554,0.78410737864547,1.08544358574992,0.40307945554913,-0.570310706451804
1238,0.612278077665477,-1.46080088752663,0.734613896184941,-1.6417551447022,1.52853491352124
1239,0.961748403772416,-0.130010828693331,0.979812282256902,-0.0867879165625032,0.151005188994348
1240,0.0537589673677013,-0.849318918285579,0.129793546747272,-1.84136873205999,1.13217140841985
1241,1.21362697608211,0.878287341588336,1.1223019442755,0.78621242603773,-0.808489460673351
1242,0.597613647883911,-1.13763612526885,0.740721093077946,-1.41473056175804,1.30097000057156
1243,0.864456803695022,-0.637482087359407,0.920414776461919,-0.506251185900051,0.589514756607296
1244,1.21756678947258,1.16971606006749,1.15770557191732,1.00391685181573,-1.06485300832929
1245,0.823564552653851,-0.985752247045122,0.857358144933301,-0.967853283810209,0.975109040512254
1246,0.775491184612569,-1.14610749842343,0.815692930898643,-1.26510111372486,1.20828193404375
1247,1.03866074800773,0.232939943250419,1.11212234248471,0.714688629062142,-0.537406607500725
1248,1.64778362165436,1.19641976171513,0.960392567964201,-0.0851675524740942,-0.197919786465106
1249,0.879710060518165,-0.524545710954827,0.878137683787759,-0.646692334646371,0.651162854717893
1250,1.00360473163706,0.089082783925161,1.01605182927506,0.159119438872595,-0.104397248909763
1251,0.624319641914398,-0.103497925946327,1.01074292839061,0.163475010517677,0.119261544733732
1252,0.623859265781696,-0.270465924945374,0.86772283289749,-0.291741098733348,0.425773643624554
1253,0.96506432664349,-0.121298767856068,1.00054878433691,0.0526877529869905,0.0498328226796649
1254,0.718109300711085,-0.535651701513786,0.805777645850098,-0.866864075715516,0.789983321305822
1255,0.738640833929764,-1.54703228603112,0.781928156068232,-1.57259769819006,1.49254111247589
1256,1.04369328561074,0.263692844497394,1.08289975374228,0.563015680633562,-0.44196068301471
1257,0.841263696436563,-0.865032655338786,0.864118414064177,-0.932028547601392,0.917730708193803
1258,0.767197076692442,-1.24047921666494,0.806122068655513,-1.18589833707076,1.17357747523706
1259,1.21511104592418,0.843018567710566,1.052955884354,0.367309623584717,-0.457146094001922
1260,1.06603606287526,0.372563235186103,1.06807268951328,0.424198520841096,-0.357071689486374
1261,0.957941801725531,-0.171463432396261,0.993869047375377,0.00622059665942146,0.0965223817200398
1262,0.528097528417335,-2.04726810380195,0.617986561631174,-2.59361630846453,2.16787843484831
1263,0.695183487915652,-1.55551853568767,0.730082097330841,-1.59666655226027,1.48369039287644
1264,0.927456260013244,-0.0422521449217792,0.77827391911659,-1.12792394104781,0.806287382716202
1265,1.01458478324306,0.139595985217129,1.01313511474867,0.134823991204657,-0.0796313175611424
1266,0.841373232091953,-0.754168273638097,0.913644825406437,-0.547948050330364,0.657126417830515
1267,1.17347196166866,0.974774633000378,1.16932392459277,1.14122446808119,-1.10837913150455
1268,0.296023762902863,-0.483064143503929,0.600106756147408,-0.844659067450197,0.909527548696342
1269,0.133045838960072,-0.566984582191287,0.389364572486813,-1.15096460718832,1.04791593419658
1270,0.881803701250956,-0.55711249925379,0.923214175983403,-0.479708826909102,0.541998620636242
1271,1.03630259605397,0.222547167441353,1.05374470123195,0.372420197258888,-0.274791927703875
1272,0.987750625209375,0.00749067956851162,1.02493216850184,0.216956033624326,-0.110272001651449
1273,0.892129826594676,-0.567174554831703,0.93157781144387,-0.417373223693389,0.506958344391753
1274,1.63022111796453,1.80923030743326,1.25636201754549,1.4417637632949,-1.74129301788121
1275,0.0537589673677013,-0.849318918285579,0.129793546747272,-1.84136873205999,1.13217140841985
1276,0.866437922734189,-0.704856511440747,0.920877012935353,-0.483331956443179,0.592977111838403
1277,0.865868811846792,-0.388203923427406,0.949672134651291,-0.24075792108896,0.348291623315857
1278,0.9373635293884,-0.247318797638838,1.00505860990504,0.0833801257162523,0.0768007830125167
1279,0.815045448729385,-0.998255288119886,0.853570265668863,-1.00787154641844,1.00788486760069
1280,0.980577098441834,-0.0322213830524816,0.999031076020628,0.0521479576276135,0.0332085626062747
1281,0.502952130170704,-1.14131682232049,0.663771190677393,-1.68017623674983,1.4508649392319
1282,0.737571679586042,-0.777924526633862,0.898323538560316,-0.515239800724394,0.677517925060375
1283,1.0997375065993,0.396368899788935,1.13579486801007,0.749892866059133,-0.603848753255352
1284,0.643888444417552,-0.442211147460415,0.859639458116648,-0.44491894831454,0.555707339541831
1285,0.744798859018686,-1.12713218992148,0.806845232602728,-1.27809302895782,1.21371175569472
1286,1.14858403680479,0.734028496926975,1.13935189895974,0.796509996921521,-0.746346837770181
1287,1.15450309799156,0.85668092909503,1.13032011166399,0.84192416153649,-0.832815386675458
1288,1.04483590951648,0.29966687634254,1.1049366223583,0.744482120414169,-0.572391454116355
1289,0.762032885103925,-0.76961970005334,0.912786897203549,-0.45235674170212,0.632243009184045
1290,0.477512418247367,-1.30801249798814,0.670207523247401,-1.5981584245069,1.45617898626232
1291,0.105881154116984,-0.646365356347817,0.310692298738268,-1.51682444370236,1.16384003448551
1292,1.11158164595719,0.661309269768759,1.09626344468562,0.682364641410244,-0.644453077972736
1293,1.11289975120462,0.436570446605821,1.04946198870311,0.327653819833231,-0.324658970029918
1294,0.893074681496175,-0.0824600729033428,1.08679239894721,0.459911089866946,-0.205126528491068
1295,0.825165107869139,-0.80917060823041,0.9106828128683,-0.559990446241218,0.687431883920515
1296,0.902645016511935,-0.152216037993249,0.953666819487618,-0.172360978925041,0.207672646427739
1297,1.04018552847784,0.264916866322275,1.0187695299542,0.174580583986379,-0.171181519848513
1298,0.537600493363081,-0.577938680095069,0.743333890285803,-0.844007474771996,0.85160498987203
1299,1.02189142857081,0.170870705884682,1.02782122312618,0.204822456688395,-0.124210236242025
1300,0.901445587996065,-0.509095516594859,0.909452555244601,-0.583578817123302,0.596814843173658
1301,0.754793725191861,-1.20559187475745,0.777814216821607,-1.27688141571031,1.20912473820866
1302,1.32640253997029,1.143734474298,1.14142300043361,0.851305810600242,-0.960958370226754
1303,1.03555029989361,0.246914313350771,0.95991309027202,-0.186269732786135,0.104459242810416
1304,0.7269810307978,-1.54075334803947,0.789810393684746,-1.34966782546814,1.3546438797421
1305,1.09831837958543,0.362949551891536,1.0542499842535,0.31533323933742,-0.270586318209933
1306,0.910454115464602,-0.437223836308064,0.934722173317807,-0.365848640906172,0.435988573318212
1307,0.959943524385297,-0.0338636607505901,0.995102998055717,0.0312310060540537,0.0553389742469162
1308,1.07596904343223,0.467129478107337,1.09359591107778,0.672720043322005,-0.584235041635492
1309,0.585184429352255,0.118933864325214,0.68047059384597,-0.419493885405248,0.44446542168215
1310,0.665413813812727,-2.07486359187731,0.72636024297364,-1.98142270555342,1.85733559903579
1311,1.07989217584383,0.496417588197767,1.07597440991153,0.558591825991996,-0.509183808294431
1312,0.430115491182635,-0.582295605962288,0.756925101492611,-0.6290264842152,0.780929873259298
1313,1.00775539946612,0.104505637887029,1.0299049012926,0.234870541264628,-0.136348025428169
1314,1.48121224288386,2.35635416216979,1.41065101038444,2.56014150690068,-2.80623771869012
1315,0.90221343633351,-0.462467574473761,0.825219984997938,-1.21342589137402,1.00478103686716
1316,0.541326731178358,-0.651213479604876,0.787508698371643,-0.726592243385768,0.815130559885027
1317,0.575059670377778,-0.432253582804869,0.90568434384012,-0.199767021941972,0.448854914108307
1318,0.687844459534878,-1.42407359919707,0.778067639827848,-1.46764504780811,1.42154931657357
1319,0.980004707293479,-0.0282690478286625,1.00499563505706,0.0834312779891146,-0.00765898414915446
1320,0.811429332549981,-0.969125092914113,0.83362306095738,-0.987974783023405,0.978291071881749
1321,1.00102163323415,0.0756151275140142,0.975712403397842,-0.0748973552259503,0.0997100775329821
1322,0.81446903213465,-0.933946940577004,0.860973681601586,-0.94601640401453,0.952173603115493
1323,0.695211027947641,0.137448350281147,0.949503303590645,0.0682430202414284,0.109632847660762
1324,0.495268004799926,-0.323990761430887,0.818422720371809,-0.350432294138665,0.537961865694272
1325,0.957196021205392,0.0968267177305615,1.1863947861118,0.77744730249253,-0.505223054344444
1326,1.36372108494674,1.73677077019291,1.27051862680148,1.52876726495908,-1.68489854172868
1327,0.872749707778063,0.160477169098323,0.830973974564998,-0.349893842857808,0.297428406436271
1328,0.595750607685184,-1.00885809475468,0.760969435229866,-1.17784540454463,1.13828508488151
1329,1.18624729132682,1.01180261571329,1.15571659234769,0.985620892070339,-0.992283136101465
1330,0.752319432196874,-0.6528968873643,0.920124162590716,-0.365342702950507,0.54496922788321
1331,1.05005051420239,0.296552925497129,1.04846199875957,0.315823224749637,-0.247899476524918
1332,1.36352301237313,1.89351794423218,1.30044018704717,1.91417612650095,-2.06304997313123
1333,0.87235129124408,-0.503850363441968,0.948907785359214,-0.301397155998356,0.420595010802269
1334,1.20323392220758,0.85053471490162,1.16994251368731,1.05981036716194,-1.00597666055314
1335,0.763384618539884,-1.38110458945692,0.814391632344538,-1.27580330795425,1.27163351325671
1336,0.788538021628475,-0.381292732472405,0.860580687684539,-0.611213779714766,0.580371778465404
1337,1.27271476025534,0.760857700886862,0.968433994829512,-0.0850459199984854,-0.174216471996803
1338,0.651267320789284,-0.229600886661555,0.859464397380682,-0.321427805410465,0.427749585099972
1339,0.707741174357034,-1.32895832952103,0.797598125427485,-1.33978716043697,1.32039051958345
1340,1.21470258553452,1.18706464392698,1.18036987126342,1.22207200271033,-1.2565463789751
1341,0.77515145440201,-1.17028268310097,0.808799670219753,-1.32877180703298,1.25405654711842
1342,0.85097004570365,-0.396680521481351,0.995165950069786,0.0309380919850277,0.192188816977798
1343,1.01127330471684,0.126779639914943,1.08552325874029,0.573254487641718,-0.39634588834288
1344,0.436593325399785,-1.02987676919469,0.676697191235061,-1.29826555708566,1.23860203160746
1345,0.604678425607273,-0.567849274946965,0.803614441666409,-0.6853867300857,0.738351783288154
1346,0.848494515053984,-0.794531949251358,0.883397184223424,-0.787537670429036,0.810951353782555
1347,0.924164020055742,-0.375165530765909,0.976848747588781,-0.111000615755522,0.246570560971532
1348,0.500985304749443,-0.967187886651699,0.731724020383192,-1.13158959353915,1.12813883992966
1349,0.897391970203615,-0.525911614839911,0.913346534534596,-0.563989696696992,0.581020387531298
1350,1.05289743374618,0.263432766637331,1.03998619510495,0.262921183873001,-0.257576933628936
1351,1.09762197629461,0.544010269959403,1.14183282073733,0.96322035793174,-0.829276131942091
1352,0.966670268021246,-0.113453028422414,0.976316455954755,-0.113467172368611,0.161593768903896
1353,0.733716757581113,-1.4430730254995,0.730064207637449,-1.70844273110116,1.51848843777003
1354,0.805696948050758,-1.09944833152617,0.844929711240462,-1.07544609146518,1.07444767982323
1355,0.864152970896075,-0.666377788949999,0.869902980378923,-0.749963209922304,0.744901748126037
1356,0.77791024003161,-1.29189422767325,0.78817432451029,-1.49163199689799,1.37020305532262
1357,1.32010904172306,0.869410251765012,1.10658748350706,0.585503745859291,-0.608410065778214
1358,1.19899868458267,0.750677944320592,1.07107412834425,0.468680586099892,-0.547554636354071
1359,0.680921021045485,-1.53032692006031,0.745307283921906,-1.75363246742749,1.60439669742717
1360,0.80663777470043,-0.777699221348286,0.873433576401526,-0.774770968111788,0.807008932674785
1361,0.870845639564443,-0.6711556394007,0.910726898866823,-0.534976586934588,0.612082781457741
1362,1.42433831988514,0.764482007656944,1.04526678745541,0.246870371154073,-0.403285880140623
1363,1.04046880342853,0.230820826838408,0.830795503684591,-0.873908867514926,0.611462143873407
1364,1.10777800487923,0.519752916256575,1.13543891912866,0.892045356062814,-0.779956655363642
1365,0.223670296032689,-0.488072544690467,0.509296942089369,-1.04517692185306,1.00134502897233
1366,1.99837374368861,1.62737149859141,1.2970440452473,1.19982446050757,-1.58693145307263
1367,0.714842529936819,-1.11417677046596,0.7994598577314,-1.26463305184339,1.20511507286869
1368,1.13642511873675,0.764808669517929,1.13828974250558,0.884523171232312,-0.828546846971633
1369,1.07991179679253,0.462547122345645,0.956923616836809,-0.246821247810195,0.100806300550794
1370,1.20148421244061,0.663924204273481,1.14301778232367,0.800372316349926,-0.800436072951985
1371,1.22907739148572,1.18368860188097,1.27994296231073,1.80320654269514,-1.72106069501425
1372,1.24457325282999,1.10758505833029,1.18820575277116,1.00994234208301,-1.03975421256037
1373,0.970773671194447,-0.104178579267015,0.969077412793218,-0.165856481685533,0.194581820943878
1374,1.02849147208439,0.210112176959137,1.04098853484284,0.2986787732485,-0.216229308078314
1375,0.717523048194912,-1.56953091758618,0.786306781062088,-1.53809414569479,1.49157146708027
1376,0.744697971533936,-0.661697409779787,0.882528038818617,-0.605816389908393,0.695538832744423
1377,0.725526065342296,-1.4034486867715,0.777894518456058,-1.54846217757587,1.45046169113228
1378,0.983707393200996,-0.00547661472986521,1.03995600644206,0.310879266825519,-0.167237297087602
1379,0.637540542063361,-1.32611370410899,0.753251861289252,-1.52263419097865,1.42307503835248
1380,0.815457854927329,-0.950007965203724,0.856866239890079,-0.972591414117569,0.973188568764613
1381,0.864358764281165,-0.739059984724573,0.854425118712603,-0.982070105272975,0.910621751352682
1382,1.29424582699025,0.77613286339253,0.882321705399318,-0.509083832174847,0.208134656710903
1383,0.975226008708831,-0.0541184745543391,1.04184326465953,0.325523496521276,-0.154934918455688
1384,1.85497763545776,1.95944263543394,1.02918880485003,0.21306784903016,-0.535385028424894
1385,1.38932944849619,0.693696884512582,0.994622311231533,0.147089364203414,-0.201321596844483
1386,0.726986190161731,-1.6090706903085,0.761614839828123,-1.63659772880115,1.53558070853369
1387,1.28447767253029,0.638287213183481,1.17044775707608,0.693745690153381,-0.656484073542452
1388,0.783190352146201,-0.768309446693872,0.817596592043104,-1.11584600997382,1.01481069678591
1389,3.00652296987481,2.84969661829768,1.13178854447325,0.617709874526842,-1.24654436705918
1390,0.778159587691283,-1.25134464589886,0.802201551088185,-1.29607410285613,1.24158380499135
1391,1.06126945711972,0.287253528711777,1.0036932772349,0.0837545634592538,-0.0966911526400176
1392,0.75651303583704,-0.592476405684435,0.869626583681287,-0.633148800288677,0.675723882853334
1393,0.574159096538006,-0.633832412353406,0.829131910215815,-0.579064256683122,0.716866215150391
1394,0.948554846834126,-0.0864518939588248,0.89499125835653,-0.578136880899219,0.487418681727163
1395,1.26195110738396,1.38838708096913,1.19765088949954,1.32885501327405,-1.40254016572184
1396,1.02309993442105,0.18622499276818,1.01005835828232,0.11628897602318,-0.0880165179735629
1397,1.14731209974416,0.810002028672613,1.04678642121173,0.365223074965816,-0.456153957711781
1398,0.753779828794769,-1.28313758795124,0.77874047885807,-1.56262837840654,1.41648380662103
1399,0.570941774894985,-0.821439826639117,0.784514327885069,-0.925011065085656,0.965752720640468
1400,0.796760679245271,-1.12578151186258,0.820468822378515,-1.15362549653661,1.12423152900477
1401,3.43446722298376,2.12480999900522,0.821712720571626,-0.431280825823913,-0.125338093162146
1402,0.965529498992114,-0.0823524087201522,0.998276049713802,0.0382556090875298,0.0402584129436649
1403,1.14087961054751,0.430389602229338,0.948667549067757,-0.136130787865518,0.058963530124052
1404,1.06954731907107,0.40347834431828,1.09150841628785,0.64203517021008,-0.550749862607368
1405,0.787381929866403,-0.0933329116898072,0.964451759851196,-0.0160801854289492,0.139743602595737
1406,0.991206906113858,0.0313133627504523,1.03937703452394,0.27304660122204,-0.132080354149003
1407,0.620392655160296,-0.884856475116035,0.788196417366083,-0.97564235785699,0.986806322199618
1408,1.00835440976755,0.117561160358168,1.0213477678958,0.185595437445131,-0.112595896395142
1409,0.847482628826449,-0.796000464259357,0.881973694209382,-0.801629232419413,0.82084418674071
1410,1.1836042218432,0.969103160584633,1.18253926023619,1.22288702733476,-1.19229131751214
1411,2.02127873038173,1.94409979220652,1.29661703913249,1.36175971340156,-1.76971481622619
1412,0.803404481838489,-0.647226846241432,0.929850657981499,-0.358079292255105,0.527194726665054
1413,1.09376968365514,0.467971001027565,1.10429422328686,0.688491754595686,-0.615375581994117
1414,0.787234030386378,-1.21185472491251,0.832321781181849,-1.17785614598886,1.17082898667428
1415,0.833531322444298,-0.351841133595291,1.01365818220389,0.134681312358875,0.116967472474016
1416,0.558907024132764,-0.401287197616253,0.799887290696253,-0.523533568359787,0.62974237357736
1417,0.703752890528107,-0.960152717818619,0.822401600366127,-0.991369597276737,1.00667779088245
1418,1.40822626696536,1.22982993413444,1.21787272571305,1.21055217066448,-1.32053198311789
1419,1.05064773510935,0.329122803563613,1.08706267173153,0.588949833416258,-0.462722068022684
1420,0.602976355824859,-0.032371145245978,0.68934901365794,-0.604592514650247,0.583307393086019
1421,1.02483417297739,0.195028718797012,0.945506680579952,-0.332951251594597,0.221817178913213
1422,1.59014366420654,1.86399630940522,1.19074685948579,1.10189769628992,-1.31770765184843
1423,0.626313409570814,-1.58222980939282,0.714134145072457,-1.87656014252831,1.68339893247934
1424,1.06115158111225,0.389308160981446,1.10981417050939,0.775662478355815,-0.622345125250254
1425,0.670440708111898,-0.838069182940373,0.838288354046517,-0.788074547043191,0.863797658055767
1426,0.882101406756851,-0.145290728001016,0.952713720860738,-0.168339026288622,0.212112065800482
1427,0.853340984149503,-0.803652866189152,0.899900345251738,-0.657302736543397,0.729481337233881
1428,1.08732446817153,0.52962987920714,1.0946502236678,0.680146727865539,-0.613701677994461
1429,0.794999556814671,-0.841365913391767,0.812094559872062,-1.19836770653322,1.07697273725447
1430,0.720387687389433,-0.710789489327205,0.833016772087853,-0.872550658718569,0.862400541255154
1431,0.848837904583419,-0.834080402597733,0.878188786661273,-0.802558137682049,0.826967804746612
1432,1.11800174604417,0.391273055597132,0.933554984192458,-0.145169305166463,0.0234707563337373
1433,0.632363973072782,-1.42354632521262,0.724389964877653,-1.7573360429303,1.57110079136589
1434,0.794313945111062,-1.18630905153555,0.846601860317011,-1.05590590971718,1.08842179750099
1435,0.961404688365106,-0.159419125811742,1.01282206265765,0.135369696190521,0.0145184854552552
1436,0.975422399836052,-0.0336300784619884,0.997889785360112,0.0535309767251242,0.0348623338932249
1437,0.706484198399158,-1.35362402170824,0.777279612018038,-1.48335866238466,1.40320512368616
1438,0.790113878824316,-0.765956284285475,0.874739672942445,-0.726771923461181,0.77858868080356
1439,0.937745885824502,-0.235855170061324,0.940371085333853,-0.35014808028867,0.346819110127989
1440,0.931949359431211,-0.221871177445919,0.986598512267799,-0.00193518846648465,0.137306600229026
1441,0.821949235890708,0.0423208927368899,0.738479443875752,-0.713994370821173,0.57219896866154
1442,0.513262251851108,-1.61672348751383,0.638006413308935,-2.16000898267363,1.81871939352012
1443,1.01951353738389,0.160837590699885,1.02061481531887,0.185234771768682,-0.125463790139066
1444,0.9566289865389,-0.159553043588682,0.903705993176737,-0.524758931103414,0.4561466611869
1445,1.0014062195256,0.0690072355160823,1.02164131362017,0.189576479923251,-0.0983887381857957
1446,0.772775865451119,-0.717357104468569,0.871352944890296,-0.708943942266659,0.754308121610453
1447,0.861717019806528,-0.688196936145941,0.82587849814143,-1.06365278240267,0.949019805868624
1448,0.803375215046686,-0.0893973664586243,1.01372279583092,0.145007368389701,0.0350951778122556
1449,1.23891601643347,1.1021769473206,1.21503225689383,1.16287424305276,-1.16040251135392
1450,1.51606262769976,0.955301849728306,1.01540292272588,0.146398189318356,-0.292151425738589
1451,0.999305595532652,0.0821193985343463,1.01094240673669,0.121183794006598,-0.0642166588075631
1452,0.643437283501119,-2.2364186511137,0.700285780254137,-2.21461886775272,2.02259795545651
1453,0.952129949655968,-0.204517635654137,0.991102606324046,-0.00426790667927688,0.123965380669473
1454,0.998929567379617,0.0588130423848766,1.02643261826325,0.226934515783179,-0.13347508744883
1455,1.18527878959767,0.764955920584635,1.07434587617549,0.505870341745974,-0.586294954905175
1456,1.2338466525695,1.22288018160035,1.1499007553286,1.02673987429023,-1.1003617976733
1457,0.794453422219103,-0.626752460062549,0.897404644111738,-0.546200760063299,0.622599780905104
1458,1.24608879547941,1.04129806730537,1.22998592447984,1.39778976764911,-1.35961182191315
1459,1.05531504167933,0.26915495022544,1.05140486705409,0.317192226594058,-0.235262801330681
1460,0.915161106456692,-0.307143715167796,0.945815217314702,-0.297577991043047,0.354115604594704
1461,0.798483589403372,-0.444326043262294,0.892672098134032,-0.512856244436894,0.545556019559068
1462,0.875507570398199,-0.521817824188226,0.913246602088166,-0.532849913349634,0.574355207978172
1463,0.711836332543873,-0.836009444340072,0.883243634892831,-0.583184595450687,0.741024590686899
1464,0.973803463420675,0.128164575052735,0.955969610800732,-0.102100590946439,0.0850240257012941
1465,1.24360522030442,1.30134341663842,1.19625728166293,1.24858874845667,-1.29686535238003
1466,0.962499363817663,-0.119974165874057,0.997999267227949,0.0456389452684995,0.0677798368020956
1467,1.50891836768124,1.71549673517305,1.41883415127791,2.25070724363287,-2.3963537791335
1468,0.974336272605134,-0.0645446630089315,1.02984016481432,0.247912428637734,-0.100350984635633
1469,1.12790417251423,0.716533643287626,1.15561488962924,1.06194882719969,-0.964554349619589
1470,0.873314484314836,-0.549175481092001,0.8904618824395,-0.563407334082943,0.599886864454577
1471,1.3795207893262,1.56369846842246,1.05482011893799,0.412657948545409,-0.711208662883027
1472,0.724611995119119,-1.64584761225965,0.773992045710063,-1.57960848229561,1.51718296849585
1473,1.42325948481927,1.44926128283002,1.23612953534627,1.41818664975868,-1.61197590143486
1474,0.684889437677184,-0.970273504976501,0.789781478765965,-1.18458922856961,1.11507017410572
1475,0.884574431512449,-0.545356414337758,0.852538535004608,-0.867019077916776,0.789066891859071
1476,0.832519190780138,-0.887848188034204,0.889082032714902,-0.743693794436702,0.812765549882488
1477,0.929871476714824,-0.256869089795609,0.941359359098216,-0.260119717742288,0.324082285901225
1478,1.21882048129502,0.998511527897894,1.1171792463608,0.787349110096107,-0.844987984268226
1479,0.62520455786131,-1.70972524117645,0.702447585249317,-2.04358692278599,1.81026689256293
1480,0.899307218262735,-0.506206976570959,0.907245965076645,-0.557102799851354,0.575381567009008
1481,0.903502880377366,-0.425744178720666,0.95003352079636,-0.289222157994416,0.378225878883366
1482,0.90980990717561,0.270893315565555,0.93830167483078,-0.00244277847756172,0.0045829178254349
1483,0.93583444217427,-0.239801602754622,0.983519949290038,-0.066444293343232,0.173972020240505
1484,0.810612630346782,-0.49205444389214,0.954604183437032,-0.197639677401918,0.377732602403757
1485,1.02302862452983,0.186310775644449,1.03624626987106,0.282404572274694,-0.202655924006505
1486,1.00618961490162,0.0947762871654738,1.03718638101182,0.289390233201242,-0.17728915307317
1487,1.02412472652892,0.200943872045799,1.02536833784673,0.190518402152133,-0.152149375216212
1488,0.626561223084523,-0.958596059055649,0.791501786961734,-1.06036502893465,1.05655885782885
1489,0.251523726011285,-0.637566332502806,0.558862701139389,-1.05353051098778,1.05514995967471
1490,1.06940188205343,0.431915678069928,1.10498828346568,0.700833962021813,-0.577957797811415
1491,0.90251785706632,-0.499686861685011,0.942111693480689,-0.358172882489957,0.444125666915838
1492,1.05342160711595,0.337303817051724,1.0723357536337,0.532162650275479,-0.443215256345463
1493,1.13860397131304,0.780810493479195,1.1505262640862,1.03710117854105,-0.974607986355584
1494,1.10329679157795,0.379662953612717,0.867591733244129,-0.340645213344623,0.179936343319158
1495,0.677585102175802,-0.0522515921036948,0.875746931619018,-0.195967172915087,0.306217860696947
1496,0.133045838960072,-0.566984582191287,0.389364572486813,-1.15096460718832,1.04791593419658
1497,0.885686265846957,-0.453422642212729,0.898983378979105,-0.480928243625197,0.515994691834444
1498,1.39562146343982,1.50349397778111,1.16472703904562,1.02601657334813,-1.22274510457685
1499,0.0537589673677013,-0.849318918285579,0.129793546747272,-1.84136873205999,1.13217140841985
1500,0.819439493506843,-0.940803443223846,0.857978410012859,-0.964751272692763,0.966851990698421
1501,0.963360865653094,0.0959216444366724,0.949772778186985,-0.131333311502366,0.157257092948978
1502,0.979425568302169,0.147109817643646,0.988414551770349,0.0355592014722914,-0.0156042692399615
1503,1.08856726936172,0.370827323681301,1.11978282666928,0.72190554125709,-0.597833441008945
1504,2.16715753784348,2.73996328671203,1.19918382338702,1.10574584700956,-1.65751208106819
1505,0.326507818042054,-0.640641775789606,0.601856350436593,-1.05811200242868,1.02851253332472
1506,0.672638254606616,-1.76110960483916,0.733987696652016,-1.63011153294612,1.56129423654055
1507,0.722077731818277,-1.61721479120653,0.729969322247123,-2.00861281675377,1.76265023676742
1508,1.21820192751048,0.538593434784382,0.804633012035491,-0.69508308654189,0.413372310832251
1509,0.694023773076102,-1.05219850337034,0.820577250199565,-1.0928752869677,1.11034148745991
1510,1.23191513497084,1.06422919344586,1.23221957226458,1.4605742697119,-1.41453059434863
1511,0.873171865301797,-0.610258445836505,0.9436115800563,-0.348584144256625,0.481202571921477
1512,0.722182958986654,-1.07981053474879,0.830334591118933,-1.09449323893397,1.11624223772453
1513,0.817524786586019,-0.931860716152087,0.839226896997888,-0.957982154611396,0.954972080157153
1514,1.08002085930262,0.441968321284685,1.01321026581039,0.133128218854547,-0.171059613766102
1515,0.730293081620183,-0.908318236907467,0.846368805510962,-0.910196245279208,0.948366709641181
1516,0.741305368907965,-0.763685664411143,0.703842647566723,-1.79451146672066,1.38852276350563
1517,0.952247304870363,0.151676294709987,0.967198508131496,-0.0163899070260658,0.0433930388689614
1518,0.868196924251384,-0.530036079953295,0.838699413045066,-1.08359027064126,0.927879741170681
1519,1.18782367327057,0.964453497981308,1.13700072950427,0.831831917423303,-0.860731481326334
1520,0.890304003361049,-0.149781234638734,1.04462667573917,0.283480965675216,-0.0719698899659774
1521,1.16761739374407,0.490894432190995,0.980272172234979,-0.00912632586629188,-0.0349108606662473
1522,1.15160316546759,0.76308520603288,1.1489277239605,0.855334989275504,-0.807059116606718
1523,1.09101362830153,0.489248491486118,1.16597122654301,1.08377202037472,-0.898287615267785
1524,0.535925811258231,-0.67437253228412,0.785822312506224,-0.716584506249088,0.805956540803123
1525,1.02431153458472,0.186374965972147,1.00618449565003,0.0910536684235471,-0.0928081272367573
1526,0.747774775441865,-0.265404668216922,0.952471890671608,-0.0879880264118372,0.251254890048167
1527,0.987294553376981,-0.0111018547361397,1.00227453492187,0.0655951553211873,0.00892773666155326
1528,0.858640492168794,-0.464761161732194,0.894441223251391,-0.597634499292759,0.593444246263542
1529,1.01136049396441,0.122888802021743,1.04188218998263,0.324461280250685,-0.209905449931963
1530,1.16593380254941,0.853986923655649,1.15109362705666,0.898139052390788,-0.861666335549325
1531,0.9947226465263,0.100519721862739,1.13598197919889,0.757939767632842,-0.495950071402984
1532,0.555357250562572,-1.73104970280556,0.669137463388753,-2.09722706747418,1.83643348918859
1533,1.08754593958486,0.51822065653105,1.0395304975233,0.295168732633596,-0.321437576156887
1534,0.701678414615908,-1.41016393413667,0.755706478272362,-1.33100466534472,1.29422853060867
1535,0.811379038062436,-0.845396447926099,0.877916521846548,-0.80612796750133,0.848883156944555
1536,0.953244243021086,-0.143704987948453,1.00121849506612,0.0592743606777532,0.0637126333477791
1537,0.558741443488883,-1.15164249616434,0.756066096631938,-1.20851074638143,1.21187304658657
1538,2.06625855225793,2.30924036823084,1.24546647791179,1.20283248685413,-1.55352660526036
1539,1.0136939906129,0.135772907298343,1.02842610826471,0.242235842428478,-0.162185992037843
1540,0.922197215659844,-0.237707205521494,0.937365427293565,-0.357513274435158,0.360869768533449
1541,0.600896098206444,-0.653405689871835,0.768465335935525,-0.924020619911788,0.898648303967168
1542,0.686072305015752,-1.0499870660264,0.795641737606374,-1.16628182514426,1.13483499302551
1543,0.710702046383649,-0.569883589228251,0.932566995673533,-0.258214368051724,0.476506253912352
1544,0.628487684423808,-0.695418501526879,0.821013611117215,-0.709482671885973,0.780128675410562
1545,0.727957641565349,-1.22678198631,0.769576549980961,-1.55577016741544,1.40075176917297
1546,1.06914008575121,0.304491436684366,1.21533508435398,1.08253567040523,-0.82830084964352
1547,0.655280625886643,-0.888553346885102,0.832131558040705,-0.826266154362821,0.9055208341662
1548,1.23610424556415,1.29360030115466,1.19750367932479,1.31818695553534,-1.35960532187463
1549,0.728851391758082,-0.269058961853867,0.994926282919885,0.0748110164876313,0.171894528896082
1550,1.57329114982788,1.48493746300382,1.13136868558101,0.738050295581843,-1.02936370172211
1551,0.516555335675963,-0.215671753555984,0.83362597204219,-0.283889433340768,0.46235909888563
1552,1.31741496047948,1.35961958655937,1.31256946372504,1.86898313066377,-1.87785475069221
1553,0.0537589673677013,-0.849318918285579,0.129793546747272,-1.84136873205999,1.13217140841985
1554,0.822716219956033,-0.81201596379438,0.846515023910387,-0.825700376509048,0.833878452458888
1555,1.24416794475269,1.32880334302021,1.2004179469624,1.32288336271399,-1.36807015616224
1556,0.610619129123616,-1.79354141118794,0.681320571248988,-2.21783153465736,1.92181920643376
1557,0.882795565031471,-0.502256446468063,0.963061669296327,-0.211510157093484,0.363771000199548
1558,0.679204812493757,-1.7874487595307,0.744917903974334,-1.85402475821986,1.73071891837354
1559,0.817545610526455,-0.819235091458262,0.864425844553533,-0.701321375875699,0.76210432481865
1560,0.825306125161426,-0.847180031945767,0.82286421231159,-1.00941170948315,0.95296690006263
1561,0.632023516383403,-2.32351420561504,0.673230645261706,-2.43203962035771,2.15125953450738
1562,0.855395522010018,-0.600375998304895,0.901863860301253,-0.595983937561654,0.644077508508597
1563,0.951474400866588,-0.134636846724543,1.00664837786864,0.094572825884336,0.0290121457981482
1564,0.752553462447785,-0.337536688551179,0.923465411263898,-0.240902556618699,0.363834884936434
1565,0.105881154116984,-0.646365356347817,0.310692298738268,-1.51682444370236,1.16384003448551
1566,1.16452039590543,0.791012129401045,1.1987622022935,1.26974664244708,-1.15774309237599
1567,1.1546263502307,0.813223096638005,1.13289436603655,0.800760778707993,-0.781489426976125
1568,0.433775736065328,-0.965930664881159,0.68175521390284,-1.17658193141639,1.15501280786091
1569,0.961079480054303,-0.156983185863959,0.912401868333231,-0.572218816239523,0.487559297416801
1570,1.14127196798987,0.437569694971641,1.04404677972208,0.262471448568378,-0.239265613631665
1571,0.707382421567395,-0.512090263841563,0.931770294845698,-0.228064081861464,0.434506390646448
1572,0.911901635676766,-0.34536187047407,0.964749147342063,-0.18558659292677,0.284060189638978
1573,0.808714933472529,-1.0842230150031,0.858355230301045,-0.945058743877253,0.991291760992808
1574,0.133045838960072,-0.566984582191287,0.389364572486813,-1.15096460718832,1.04791593419658
1575,0.765544946013153,-0.167807793771825,0.883548683787944,-0.321664512689183,0.388223324646573
1576,1.02556999018544,0.193199092088468,1.0405220333967,0.287974500513912,-0.201142529864286
1577,0.0537589673677013,-0.849318918285579,0.129793546747272,-1.84136873205999,1.13217140841985
1578,0.994482659069092,0.0303144008224855,1.03933407792764,0.315577411392691,-0.178292467539631
1579,0.651795296709689,-0.118108221506228,0.901720670368916,-0.139155964099244,0.298378062132784
1580,1.41018905162178,1.99663295946125,1.3031580836158,1.74607822398266,-1.96063440801349
1581,0.672487741068247,-2.01590218500618,0.712575813433563,-2.11720780841494,1.91156148168916
1582,0.728878449323683,-1.50543971133643,0.800401738397698,-1.44238871567765,1.4163429768674
1583,0.539228705045837,-0.835399737798548,0.771849173123246,-0.933711475134081,0.987448150578916
1584,0.926891036526191,-0.331248330785371,0.907661880300474,-0.528197404083807,0.513771096355742
1585,1.09411397780708,0.493235537892956,1.04712762376007,0.312196297858537,-0.307053939010278
1586,0.892050566772927,-0.433299033702243,0.954642453001348,-0.181888422857896,0.323241470128264
1587,0.819963061664271,-1.0054064392072,0.857942202344553,-0.934032357187593,0.960330992260854
1588,0.77425438894704,-1.15290371822974,0.78797554478194,-1.25968976366196,1.18918278747843
1589,1.47537440362012,0.763299792923969,0.741840060826208,-0.633121102403028,0.313974516146797
1590,0.871319661452349,-0.608347414543692,0.933140111439412,-0.410073169797578,0.519159859163482
1591,1.0739345212241,0.459817842551238,1.07675953628886,0.543033468019404,-0.482542461911642
1592,1.35943692925674,1.49525527850636,1.35673270227504,2.11910272868096,-2.13755661961063
1593,0.569203360044601,-0.215288850101038,0.803525940715881,-0.410251694837861,0.505096585612191
1594,1.07799195651096,0.377162727674341,1.08848190334329,0.580822016223672,-0.484632742751627
1595,0.95878162919949,-0.0337752872630115,1.02460990395299,0.199616937739697,-0.0763815913478223
1596,0.976870642253612,0.0284930415149202,1.07485420042216,0.487342717662903,-0.293491259491142
1597,1.04341867556723,0.256629568299677,1.14165141956919,0.622554910077223,-0.457497135933214
1598,1.09700669219679,0.580661914677946,1.08696614028192,0.602082094509169,-0.56184032399482
1599,0.629811896239141,-0.51465627588239,0.933820972037241,-0.16584614124585,0.433928180136657
1600,0.728529927396097,-1.35860288555184,0.73630889089397,-1.85813812398965,1.60521729551632
1601,0.592215205588587,-0.841319871904578,0.811194109380163,-0.779928091978463,0.877906090533205
1602,0.890073714580649,-0.578240176062475,0.906378870485132,-0.611254390962159,0.627449819229716
1603,0.789808339882248,-1.21281221795408,0.836969312171131,-1.11695502362689,1.13050750422773
1604,0.433674246271666,-0.237781994736901,0.808524602727042,-0.282350649658979,0.51102100964131
1605,0.433166892572601,-0.315858252369256,0.73361608176373,-0.542733509827557,0.66981799464251
1606,0.775907435844041,-1.21595056955288,0.789169129740159,-1.35885492971392,1.26836793539118
1607,0.785576665444484,-1.17125958087661,0.825178264798834,-1.22687854858489,1.19051083662684
1608,0.287578263686809,-0.305890051460008,0.62754885624232,-0.692493047939246,0.790833364065716
1609,0.635427555475288,-0.880254230167249,0.831778297626629,-0.7704351238005,0.876775831409191
1610,0.818256011132278,-0.955721874906955,0.878610957826512,-0.830560316013286,0.889645632311036
1611,0.759422721959799,-1.24816169989959,0.776865719584702,-1.35446667679683,1.26890386721871
1612,0.48877326132439,-1.23446581406392,0.688730938183816,-1.48702996277664,1.38124984538523
1613,1.63245370226389,1.76224203206418,0.912261871765861,-0.465426259305047,-0.0279073554080583
1614,1.08905230758163,0.508192466838046,1.11901438903788,0.750082310000372,-0.640251436808431
1615,0.951730660044965,-0.174908882331959,0.971415270717398,-0.14317208141656,0.197696756135806
1616,0.658622751515449,-0.770786612469878,0.827781979980721,-0.786353192465354,0.842716905159638
1617,0.973315456653073,0.00174030066862224,0.915755639571643,-0.454386071994457,0.362674384956379
1618,0.901615601111453,-0.42603336492859,0.915696108628821,-0.430485705207958,0.477312356968652
1619,0.797374529836229,-0.313831344830325,0.837221803180679,-0.676446121777593,0.611306720277905
1620,1.34101047885212,1.63504370563299,1.25776730631806,1.45797702279415,-1.59608861983725
1621,0.728240213155425,-0.926094208768727,0.862171341135502,-0.802727007888788,0.895829785992407
1622,1.41623401918143,2.1221366446486,1.28039685351869,1.77065031376572,-2.0128432207128
1623,0.758142635032426,-1.29522837690037,0.804444866420346,-1.1940778302193,1.19535865567861
1624,0.644139328359382,-2.23440229755374,0.702462419704318,-2.18832010747983,2.00843993499638
1625,0.770427652135116,-0.619124796044715,0.877686700361704,-0.609790114579759,0.662393518395693
1626,0.505472982199029,-0.858368420576173,0.741860545833386,-0.969698663665548,0.999412344287898
1627,0.761055639818882,-0.635743980872105,0.931119367220973,-0.312199891060243,0.505059593209552
1628,0.903373661498859,-0.322706627621871,0.956597092718128,-0.217988170403576,0.305536497688245
1629,0.596826775531819,-1.15454891368405,0.768079885298425,-1.21410754683075,1.20734304584853
1630,0.527845814036712,-2.22376740661113,0.604563636443241,-2.79037347801378,2.31545081773393
1631,1.24889438348552,0.599179986786972,1.18834958545217,0.765885432917793,-0.72547989087123
1632,1.1248731154943,0.447106629087985,1.10272110671234,0.584367304550955,-0.490680162863765
1633,0.879491144627024,-0.454764502804638,0.940844884132678,-0.344810039969428,0.434867132015448
1634,0.681456020609571,-1.59659749398122,0.747031814891781,-1.78175480883196,1.63902212780712
1635,1.24711492105175,1.32715822441299,1.23153530982594,1.47951516244557,-1.50004156027026
1636,1.24446133814995,1.33217366387766,1.26775124178859,1.72057394364449,-1.68068516767441
1637,0.669169659854121,-1.3038534317295,0.765034044898788,-1.49464335148339,1.39830295830323
1638,0.59259574396647,-0.552856677648806,0.806466833836351,-0.661615025735799,0.726156078014308
1639,0.767346843306684,-1.18267603593299,0.80094739376697,-1.16751141976773,1.14447746174574
1640,1.09652913411016,0.521260904654271,1.05602676731193,0.372541915093278,-0.365515894664566
1641,0.968871152798349,-0.0626974197416026,1.0429188286169,0.324156023862729,-0.152030794589037
1642,0.708564637177016,-1.58512987710989,0.704994721825309,-1.86395558874687,1.64020213963459
1643,0.798206514819072,-0.306845108560071,0.78993485624094,-0.92801938700278,0.772492788183546
1644,0.95169415562285,-0.193053531256277,1.01485161547913,0.149625494631632,0.0119902753942238
1645,0.710037012007707,-0.505934435919625,0.845729317688135,-0.627493331233233,0.667157774184564
1646,1.01446775461174,0.145588622365817,0.954132015717233,-0.214868380156784,0.166405590129987
1647,0.912929348959242,-0.433540994668931,0.966369152377426,-0.185475463621838,0.313743481744361
1648,0.856348714403083,-0.786534375497346,0.89842875484294,-0.669419659879815,0.731475742310957
1649,0.844728385185351,-0.711650859424889,0.899133507291931,-0.638101627013076,0.695735696281363
1650,0.934995070838456,-0.00548562379760328,0.950222370663477,-0.154853063478707,0.158358739169022
1651,0.739363546318496,-1.29412117555993,0.810323395255234,-1.30242934505404,1.28081219985518
1652,0.98722233152214,0.0301308283884812,0.992764228861366,0.00945575959735762,0.0261224139064576
1653,1.00702082615922,0.102273994835554,0.972457468809749,-0.0980426632164861,0.0903773725270333
1654,1.03938987136294,0.232459608032423,1.05703984391712,0.388291551439439,-0.287746479515188
1655,0.815298540984388,-0.155655301018073,0.958819276750204,-0.0760635829024173,0.219830657119575
1656,0.552929135016936,-2.21329940483288,0.614189564240628,-2.18228594107582,1.92961466510818
1657,0.489337535727688,-0.689350334866469,0.698763167929651,-1.03056292691338,0.990132717354927
1658,0.474065283423148,-0.730601451683849,0.715863479475639,-0.936656319852763,0.951923477807872
1659,1.29642820822785,0.684397838752433,1.10284302251382,0.482224585472717,-0.602724873466969
1660,0.772220832050184,-0.773389101144765,0.887235697020732,-0.647132900341507,0.74291965888056
1661,0.773189297332442,-1.15003100875732,0.838227473266179,-1.10600172757806,1.11896736641867
1662,0.747187872141092,-1.07730115166115,0.84486947010656,-0.993909931845898,1.04474135238409
1663,0.928771507574699,-0.313340182274276,0.915875569115627,-0.553245831542504,0.515989264669919
1664,0.827570090309651,-0.958608728084852,0.881923902047437,-0.796500639092278,0.86508620670786
1665,0.760002186531013,-1.01189037775545,0.846191353155728,-1.01166504819754,1.03373222788617
1666,0.995794569145454,0.0405717659091624,1.01269330655048,0.132377037506866,-0.0501184004270924
1667,0.662793229804319,-1.80647302233746,0.694587480210117,-1.90358455169067,1.717733808074
1668,0.919758337595505,-0.299877163667465,0.997128870047245,0.0301272194799598,0.134139198690312
1669,0.755725464047023,-0.503901784881387,0.917923181591804,-0.333548525061408,0.46806892336347
1670,0.893423236817904,-0.523605989000613,0.93752510565703,-0.387034548710717,0.471506578531084
1671,0.913348207106719,-0.130377006564068,1.0931712607486,0.5507979745398,-0.243870809101639
1672,1.00365345208105,0.0800764619912818,1.02381254548419,0.21182265131866,-0.128360279453677
1673,0.867027237395861,-0.670948718051409,0.889339646245804,-0.735373492033869,0.739114952206191
1674,1.0416238500012,0.24306475892513,1.13206658254328,0.825147231208994,-0.615403547824403
1675,0.654398336510498,-0.748703337851323,0.846770860122643,-0.715005146060726,0.816245006482294
1676,0.936288961958595,-0.244851952424819,0.972271876156076,-0.101385137635788,0.209304011406582
1677,1.36034886269139,1.87133607489859,1.29186312162146,1.83976071073603,-1.99047309754107
1678,1.38387300194297,0.834400664144598,1.27828555615007,1.14317882422149,-1.1940565666969
1679,0.956129171192331,-0.020552707802752,0.935211690403479,-0.292585690878039,0.257542443567159
1680,0.672854931777779,-0.619573278605289,0.883578663053803,-0.481259473231238,0.631895303104265
1681,1.0124221623282,0.128567615726875,0.986148244897709,-0.0351425789367888,0.03813077520464
1682,1.17368900748932,0.947949579190598,1.17342489788638,1.17528113907935,-1.1344175104788
1683,0.978786882285236,0.155850743333087,0.867163908681497,-0.442548976399694,0.29447728254879
1684,1.13798613518839,0.69321992482965,1.11683531583169,0.675281105175545,-0.648597928994811
1685,0.708635611324369,-0.970487549356395,0.793863832573949,-1.27792843674903,1.18225976336599
1686,0.739125042590938,-1.43389986437774,0.777603075512922,-1.58913831439432,1.4805291423993
1687,0.917630764381679,-0.116836751937863,1.06889232300164,0.418176701240055,-0.171244054768416
1688,0.765168876645737,-0.900225105297457,0.872905947796389,-0.780311893251177,0.865394896388252
1689,0.529413723743751,-0.3225958173487,0.751107546483381,-0.590003334087131,0.658628200172947
1690,1.16052826970313,0.913334409732891,1.15450559186682,1.04494797488278,-1.01158582892583
1691,0.958919088398046,0.0410778680328439,0.998978090713817,0.0647387656991059,-0.012891411118999
1692,0.70310363506918,-1.01676532207003,0.825443595142874,-0.998692575984249,1.03275443594408
1693,0.853242787346477,-0.66883547498274,0.918554484045469,-0.406804631182351,0.536601501331463
1694,1.33050263925158,1.42066405948008,1.32542545654068,1.94520788693843,-1.96095460667389
1695,0.949172066252817,-0.222131217660978,0.967960203949243,-0.174382598237146,0.234793812948865
1696,0.635422332173709,-1.2102773087128,0.760764788513709,-1.38848633939822,1.31057707561054
1697,0.814021821237562,-0.404102029832959,0.896446276152997,-0.49297791826662,0.512067519845713
1698,0.935712621354556,0.175015042624494,0.793600134443569,-0.552947901648632,0.417888068799775
1699,0.803510733017292,-0.853656081250277,0.864822090310189,-0.883705307489476,0.898952606612647
1700,0.718119702244798,-0.541513349468518,0.947813880307778,-0.177387147028575,0.4158566961546
1701,0.904638415911343,-0.152636437847073,1.10737410442954,0.605572055201673,-0.272966567348287
1702,1.01590174678994,0.147015780275166,1.02498499863528,0.207706220518171,-0.128026501570636
1703,0.430367333857007,-0.139130654267485,0.686049774623345,-0.565508753412004,0.633793494353684
1704,1.12866526105142,0.41715823798164,1.30005238418062,0.946953915482005,-0.8069961148397
1705,1.06855978572331,0.418824809112439,1.05875097433829,0.411523462417845,-0.367162864180864
1706,0.828491253129308,-0.728353149144669,0.91451264935547,-0.514258794260442,0.63410665404695
1707,0.728751458858565,-1.59100218915808,0.791930381569835,-1.40004059517371,1.40137802623024
1708,0.86137129239307,-0.71254834879664,0.917802684580377,-0.531731850022311,0.626067864258588
1709,1.26805779157723,1.09930917119389,1.25703749348784,1.58569247134114,-1.55757984093362
1710,0.39839591467399,-0.789226156478584,0.678816180284626,-1.00207713117887,1.02894091708569
1711,0.972540824628013,-0.0960933180566606,0.967323942468695,-0.179232670595236,0.198521872446792
1712,0.654217780374109,-2.06159970658869,0.698523625184452,-2.26886035308177,2.02091056120464
1713,0.918232623251578,-0.40384685131322,0.914074950639517,-0.560370585096522,0.541256929767705
1714,0.835927960455699,-0.874425076915913,0.860376507073946,-0.957507859796521,0.936538418298096
1715,0.485806254168796,-0.564828089859054,0.748263801195997,-0.721630717377463,0.810333592571339
1716,1.17622032297485,0.56304315700173,1.10150984159757,0.57350043732231,-0.559436364512416
1717,0.864937149668034,-0.664536568093047,0.893963962420188,-0.699778824209713,0.712136626706628
1718,0.870611235643168,-0.647092807538353,0.893027758381847,-0.623698444119685,0.663335799563565
1719,0.422138448982098,-0.362851151077654,0.616653241478005,-0.924992519155053,0.855747641219929
1720,0.703612535294648,-1.08027418479716,0.781686946483623,-1.34972758130898,1.23966515931602
1721,0.919415059222619,-0.357881630091909,0.919367247794146,-0.526330625275299,0.520695090260998
1722,0.133045838960072,-0.566984582191287,0.389364572486813,-1.15096460718832,1.04791593419658
1723,0.503341430272175,-0.935334340786617,0.701175111510368,-1.24064801145498,1.15780512722406
1724,1.11284218987407,0.54982240869159,1.13431578191824,0.8767787604179,-0.770608888212154
1725,1.07963403735336,0.350458975124017,1.06736499947865,0.423640969632368,-0.371102147668478
1726,0.835141812825513,-0.531904789093664,0.947115759484075,-0.26126005630038,0.414928091250863
1727,0.396822456481229,-0.709580478818349,0.706618267291962,-0.835246143429239,0.942918265346125
1728,0.762363193721173,-0.641720949876961,0.965678534310949,-0.125142560753123,0.405273702735307
1729,0.998837558273248,0.0568228128450422,0.923312054865532,-0.489789982623568,0.390121855751705
1730,1.05316778357745,0.346897196843407,1.08136610258094,0.567291064603307,-0.458156717362534
1731,2.04945346697795,1.19722122683789,1.15043810976935,0.508268393021025,-0.84913759928738
1732,1.13343193029288,0.456933670019388,1.11361818818972,0.601747275269205,-0.536285892414406
1733,0.372235652490255,-0.970262618280828,0.615892585884066,-1.34842776605542,1.24441036961334
1734,0.836700408722911,-0.912556740502804,0.874847728595786,-0.832797152220058,0.869761707416201
1735,1.27507808103907,1.38239075213721,1.2993019324401,1.9062193241066,-1.88604537629892
1736,0.811108993953227,-0.776849548578136,0.853612004883011,-0.977933755482256,0.929720748875641
1737,1.51021055543499,1.58238857925173,1.06345216369421,0.412525896434191,-0.628391766941676
1738,2.54450379247963,1.85933983016233,1.13519262297519,0.539775500916727,-0.841351974594939
1739,1.01334398238022,0.135101658754159,1.04500834705608,0.35272834744369,-0.255880329018151
1740,0.406376537337045,-0.496301784846886,0.747329416912119,-0.568096042179555,0.740798985017381
1741,0.82758297116841,-0.46584929096609,0.93854299997874,-0.294998179995726,0.414114598261098
1742,1.26519571794301,1.0984171287702,1.20820828124582,1.3261669001338,-1.33911505180253
1743,0.881740331494555,-0.301303140785558,0.899939462473036,-0.524614850087825,0.497862296850755
1744,0.656182192135983,-1.79889302475597,0.697729148112321,-1.81073063173262,1.65882361144568
1745,1.01911229729483,0.160703813314614,1.03270807455268,0.241120693935362,-0.15442442709749
1746,0.670851492214125,-0.953771466168893,0.779117955579196,-1.20505477670672,1.1222360159652
1747,1.29202504685956,1.50365951034364,1.17876542251739,1.20873392642203,-1.35902777292422
1748,0.603830904923353,-1.59941212088199,0.708198368302384,-1.86790533063534,1.68423220506594
1749,1.1863893487388,0.795079218994035,1.22467702798225,1.34099344524079,-1.23043608637299
1750,0.291589705020479,-0.726284014774789,0.573110617603571,-1.16723003768139,1.11210600775862
1751,1.24402429172441,1.30533972610385,1.16931116964315,1.15259432099188,-1.21801142494491
1752,0.761664937174313,-1.38043477925169,0.82787113341823,-1.15037330280733,1.20018984762986
1753,1.08096435852034,0.502278152768404,1.06948192423644,0.515262429887309,-0.4746060537457
1754,0.936123732903424,-0.302015146989364,0.970806097359822,-0.143475189020622,0.245275652683177
1755,0.81490609458284,-1.04645978586435,0.859705325405481,-0.947717012058692,0.978280039796772
1756,0.858230646062111,-0.671702429486681,0.870776198359226,-0.853754338953928,0.816606871648276
1757,0.973515238635237,0.0757182135519201,1.01888282226911,0.160347456939478,-0.0920891457570168
1758,0.831090049892308,-0.782945485360557,0.865977634556313,-0.719491886522769,0.762148394407577
1759,1.02095797217533,0.170614255904761,1.04592878774782,0.319028030399758,-0.214681254501476
1760,1.22187249563818,1.12011782461727,1.25246080270976,1.47667136296684,-1.40598158506993
1761,0.468345039506955,-0.166445258723004,0.840945778012864,-0.194573955562971,0.428656940058637
1762,0.917030299032915,-0.185451708479558,1.01694962740596,0.154738678644349,0.0121664750997796
1763,0.60610819989816,-0.418901292396597,0.885776576089206,-0.287063503965809,0.47158160588248
1764,0.927601362849621,-0.322560144373526,0.97229227061163,-0.113434687122813,0.236016495026553
1765,1.16321138684285,0.874338316144419,1.05062911531504,0.388943257712638,-0.491686616997359
1766,0.0537589673677013,-0.849318918285579,0.129793546747272,-1.84136873205999,1.13217140841985
1767,0.617422532416287,-2.3885137114905,0.674076586230122,-2.48683700504389,2.20953296999497
1768,1.36826483756729,1.40693725193673,1.2041041678509,1.24130981695679,-1.37134638206991
1769,1.35823396801515,1.15633507338624,1.12800849368226,0.768729742039277,-0.93953209277132
1770,0.646438993282333,-1.42655926970163,0.752788121332019,-1.57362580453842,1.48062198931327
1771,0.529217727269261,-0.811772780946712,0.755143945133581,-0.964517144074656,0.986510132537986
1772,1.18885237917368,0.629152685400579,1.15430328893022,0.827922108996958,-0.790669518485831
1773,0.760726278675351,-0.572646181048937,0.921048658740681,-0.345492293885287,0.497072451152236
1774,0.90656335274141,-0.431115414694024,0.969003604674237,-0.134638718298013,0.284833967479727
1775,0.434118222345042,-0.110036305838844,0.631027036387219,-0.655085229512927,0.655499033559798
1776,1.25024098163472,0.942491050759196,1.06957859781621,0.469116721105361,-0.621325448878574
1777,0.944334361400023,-0.253492496164752,0.96458544489361,-0.197204079423461,0.263129940218495
1778,1.07760051753871,0.437113960756905,1.01947033741818,0.168583695098967,-0.189499895362138
1779,0.809052467719105,-0.934245580988128,0.867069001411252,-0.881080889841344,0.917627447592635
1780,0.851456347337057,-0.732044667604599,0.903308558016901,-0.544993456449217,0.642978014824272
1781,0.608098519139347,-0.645658911112341,0.784371067810429,-0.831640783143728,0.832031400903393
1782,0.755873060668153,-0.736318647357092,0.773670242181655,-1.30541992477518,1.11188567651366
1783,1.08604513830981,0.401211548406739,1.13579056134139,0.853690884522271,-0.702956970081018
1784,0.924679436517673,0.0041144788546397,1.13398463006714,0.630648320318846,-0.359305326038961
1785,0.886393104400978,-0.512383727465192,0.830305616303886,-0.976752361092585,0.850890624575966
1786,0.880885066227397,-0.637514612605368,0.91681249788117,-0.531985148451279,0.600307015985631
1787,1.09698447968527,0.414493839805009,1.15921854017138,0.942769992206988,-0.780100950185047
1788,0.854671647935792,-0.455592019939383,0.767378182699041,-1.46835604292459,1.14237614461553
1789,1.03087892025817,0.202800728132349,1.12756451607052,0.816960322276387,-0.599570212861143
1790,1.26514748173273,1.41856263649216,1.21898014415655,1.3923676853837,-1.44565558494884
1791,0.706656008619405,-0.502742100733162,0.897848405775721,-0.367445007910487,0.503839647765065
1792,0.972693702834,0.0186455823194378,0.934970741893418,-0.328197987050741,0.285334205043976
1793,1.52402820271655,1.34683821470367,1.16955352733915,0.915001608411021,-1.11977126066349
1794,1.19081977483777,1.05872176442201,1.15233804125026,1.00269937065545,-1.02407671722093
1795,0.433166892572601,-0.315858252369256,0.73361608176373,-0.542733509827557,0.66981799464251
1796,1.034590401392,0.250973999220596,1.04348983683071,0.343048413466956,-0.274773733763781
1797,0.924845567882129,0.0226311109542858,0.866395552628258,-0.496801023856887,0.416771587804867
1798,0.807165337117469,-0.877187606857695,0.898718696091942,-0.653893486261142,0.771899198679026
1799,0.880678669584858,-0.590072365527379,0.913199156127985,-0.498602150931677,0.567694463410362
1800,0.82686553074616,-0.595452879805963,0.893715733611193,-0.618688026813972,0.651228844669982
1801,0.6948798338857,-0.482342226731469,0.902101080252359,-0.330446508443483,0.489040664594393
1802,0.94061314002155,-0.279294949036043,0.942011940325055,-0.356066712704113,0.372668378570885
1803,0.753975854437326,-0.97020748864007,0.850766103655277,-0.915521075427838,0.961524043121616
1804,0.824162325258677,-0.662203955288781,0.845876182350759,-0.947448657633275,0.882792039378775
1805,0.768221412519847,-1.09347798002547,0.806649969211648,-1.06070360542552,1.05605224182603
1806,0.9614818258659,-0.159025107715935,0.967122376843247,-0.172409144216245,0.218023653588284
1807,1.2847723293311,0.882212074271797,1.08286644955115,0.490195281862023,-0.570715538605013
1808,0.639907458753529,-0.809871738839687,0.805840496289001,-0.882607620013573,0.910910094684464
1809,1.06083483597053,0.371234434767406,1.10670603926004,0.750459608941439,-0.610725588730726
1810,1.25883885486136,1.39498965087951,1.20234523635473,1.32188715466824,-1.39559885746841
1811,0.783728574137383,-0.71582364544975,0.901204443845216,-0.55064061726814,0.664821279564955
1812,0.781116049016551,-1.14671161955847,0.808930817981546,-1.33558311685512,1.24450026684684
1813,0.789233181804999,-1.21678519117939,0.830163610720558,-1.19427771114631,1.18040375581135
1814,1.02004308427865,0.485479088750125,0.766950862704671,-0.181644387978468,0.145611083148573
1815,1.18019857594912,0.958049018257721,1.17454505276749,1.07503289843161,-1.03948310116172
1816,0.988080482206291,-0.00149942556431987,1.00403862591911,0.0762670797868001,-0.00773908037377109
1817,1.09399274402511,0.486888465406798,1.10918349503585,0.750839741372105,-0.651085664472891
1818,1.01756964949166,0.153401707336365,1.0705370711602,0.51064577110907,-0.359974807246892
1819,0.301203595063183,-0.327456002439371,0.566428810087679,-0.788349985893445,0.814872490495986
1820,0.861603167191154,-0.629666019482031,0.865102439614393,-0.88157544885013,0.826269589309438
1821,1.02261967497046,0.200165321312943,1.07321462704746,0.398379000055802,-0.299558583748152
1822,0.754048325410205,-1.37979898084972,0.780774612603003,-1.43427338728159,1.35595973246629
1823,0.0537589673677013,-0.849318918285579,0.129793546747272,-1.84136873205999,1.13217140841985
1824,0.940263350962585,-0.191231857311988,0.9803866584077,-0.0793211481115164,0.164356730181665
1825,0.562832927733416,-1.43892585792199,0.69929849376923,-1.74583266708957,1.56763582776997
1826,0.592516092826201,-0.694182254146055,0.745715145989815,-1.00935099106036,0.947450729353035
1827,0.790463699117712,-0.158052890508906,0.869793784767277,-0.386858880866783,0.375088891985934
1828,0.880371916422291,-0.605756761725482,0.884644420139291,-0.689021315040559,0.690421673339409
1829,0.953179888045388,-0.19882649104824,0.979021152498166,-0.08262329214123,0.173496659548565
1830,0.850696352540852,-0.410581331413212,0.991570787522103,0.011348213532869,0.206710874060399
1831,0.714583837932905,-1.70869571810578,0.763052681493287,-1.65136229385026,1.57354656654495
1832,0.489335971887111,-0.858214420623155,0.763677770953009,-0.880626595101549,0.977718703791549
1833,0.73278241344501,-1.29192522686921,0.818145787476588,-0.991649283133897,1.07568122728373
1834,0.886367527625296,-0.535843766457592,0.933020449487258,-0.412039632964899,0.494462960073179
1835,0.750732640429968,-1.46774624972299,0.796736692563959,-1.40545377096027,1.37118211444365
1836,0.578613520783568,0.0920477337305107,0.666603256756053,-0.467770394293395,0.477577118345424
1837,1.63965861736732,0.920738980086867,1.06056143960599,0.28590813231693,-0.489108428630641
1838,0.697797992623876,-0.912915580009628,0.845398076063658,-0.843162687234874,0.914921631466496
1839,0.918755810333696,-0.409358619608082,0.965810421376008,-0.188064448716154,0.307313066353267
1840,1.12676241955688,0.524821929139657,1.19210012967339,1.1247689833512,-0.964432938973873
1841,0.736007325591613,-1.49669935878867,0.784843628585783,-1.4266893366586,1.38855807556273
1842,0.615670902287614,-0.358570564934338,0.74130291574819,-0.77779999553714,0.728337692333927
1843,1.01066533291121,0.126548513336971,1.06462486619117,0.446255935484644,-0.305589686403845
1844,0.866936596875837,-0.195894285021129,0.911963337609016,-0.367067908626949,0.34325934852498
1845,0.339159775851482,-0.242360663049425,0.592975958840572,-0.694625220773101,0.73718502526248
1846,0.818960129798228,-1.02225987454749,0.868067360882299,-0.880676296926206,0.934118942788615
1847,0.714824645178855,-1.41934912432853,0.774359384255865,-1.56218938666244,1.4628398174631
1848,0.69603888208632,-1.50996800047143,0.741217637355744,-1.48308551268773,1.40628205775226
1849,0.813751450223392,-0.996762872094146,0.86214044017814,-0.857572966100087,0.911339990765531
1850,0.482097993362413,-0.795199216612864,0.762296760345943,-0.823088481464373,0.925390321570696
1851,0.819936050354492,-0.86357719882595,0.873705447619813,-0.696575127632231,0.774613358298118
1852,1.06433275213142,0.303996902238264,1.16127731726168,0.904187261219528,-0.703813168505991
1853,0.571989206399353,-0.801797328214597,0.787855245648654,-0.893450583734062,0.940370529456705
1854,0.708415877492297,-1.76535547694106,0.762820305584889,-1.69775510074266,1.62093275735468
1855,0.548049140508282,-0.555088289824138,0.861318816108706,-0.386729941268092,0.607667570852066
1856,0.746572803149153,-0.70042205957235,0.876035386193612,-0.63712880951395,0.713399142605251
1857,0.758726814354899,-0.469136285366694,1.00349755977075,0.0878087506085519,0.216772830363273
1858,1.00717407303694,0.102454408567825,1.03220890149597,0.262896836197378,-0.174739478857885
1859,0.989286613154255,-0.000216152066412671,0.98898173963717,-0.0251755705076577,0.0704594313170723
1860,1.04418142413613,0.27882167864567,0.979812385687534,-0.0533141760310082,0.00449716143333282
1861,1.43921105791362,0.856835880842684,1.06032735592227,0.313892892574138,-0.446681897387532
1862,0.686068770826326,-1.63043770509286,0.706177786185999,-1.77127735515267,1.60184127364998
1863,0.846436457851504,-0.519855604968037,0.927383994656092,-0.398066768866971,0.494141023765253
1864,0.750124293542885,-1.05763298207146,0.82626731438983,-1.13924714510437,1.1174266160966
1865,0.60220883289676,-1.33869774839285,0.723232885229338,-1.66706170824471,1.50062807165759
1866,0.884017405854316,-0.482298155395974,0.890473026610069,-0.552496530273527,0.580200565109393
1867,1.05993323711946,0.327782995641259,1.10959869931937,0.743063438977928,-0.59158395495852
1868,0.713942917831765,-0.528669176684519,0.914350142377679,-0.316780515529286,0.482438858467135
1869,0.26068230540244,-0.627356876719329,0.54043913002788,-1.08622064625824,1.06335018529095
1870,1.00803845624368,0.10726742655537,1.04821625414211,0.331655009882296,-0.203401962597797
1871,0.847321306844129,-0.246078689201122,0.952065294082147,-0.16583853981137,0.263223436832416
1872,0.872662272440038,-0.667363381216322,0.907323444159789,-0.558972671545957,0.625891548202482
1873,0.964226628854817,-0.137880617086288,1.00226579908661,0.0644159349322972,0.0515502884881355
1874,0.981162378294672,-0.0406484005841189,0.967625601089293,-0.153802707730822,0.167009615520414
1875,0.893978966003538,-0.183301770861665,0.980221348134589,-0.0362175031280638,0.145463951615423
1876,0.996693206904225,0.0456326274972487,0.973255868438989,-0.110724833316758,0.115935359572182
1877,0.701590480302676,-1.79038416069534,0.742560449967228,-1.79477667150266,1.67213487078599
1878,0.251523726011285,-0.637566332502806,0.558862701139389,-1.05353051098778,1.05514995967471
1879,0.780423095979413,-0.310932541301179,0.79939678668148,-0.812080845274773,0.709095792251143
1880,1.01191368581467,0.125790607157051,1.03411970700084,0.262104450530916,-0.159930526167736
1881,0.804875383953176,-0.0690271873724984,1.07054226706814,0.32740308998561,-0.086993555810587
1882,1.20714269538594,1.0283821639029,0.92880421845836,-0.442767385593212,0.0609498047221079
1883,0.800441056120558,-0.437972733985872,0.975277885456912,-0.0669391067343165,0.280950417038367
1884,1.11243286919054,0.591553081860145,1.15747707997545,0.902346868029745,-0.773019066336073
1885,0.630669973702264,0.169248251413044,0.708844252937012,-0.349726732756197,0.375094243705922
1886,0.773347178956815,-0.934129054769563,0.852465500753003,-0.937437965588504,0.958437541401102
1887,0.649462966611204,-1.32652809536729,0.747806334590517,-1.58012592825265,1.44905206506963
1888,1.12039658655141,0.705424357196048,1.09842692323196,0.695607181361031,-0.662667645015835
1889,1.22515068920132,1.21767234437564,1.22240568544005,1.42047276519898,-1.40269484819971
1890,0.834726642024383,-0.904114072838624,0.883515540049027,-0.739138493852186,0.812465305144195
1891,1.01533298811939,0.144987299931828,1.02394545474853,0.199210780803981,-0.148415822063487
1892,0.859095243822472,-0.625926090151301,0.920882525138361,-0.505855858240926,0.587720234776859
1893,0.966876303470488,-0.113929450309643,0.950743229325142,-0.258114184029556,0.269110406938187
1894,0.938822726537049,-0.273925311886786,0.986869609135077,-0.0423247775560827,0.168598119234005
1895,0.850700229487855,-0.824988841598531,0.907585056636298,-0.596920814440145,0.699757628229201
1896,0.755423429616197,0.0192672267068348,1.05757460263938,0.275205375783985,-0.0339765402352544
1897,1.13534349217896,0.465968810955103,1.10980844535188,0.612643089711054,-0.529169490331994
1898,1.40527486864439,1.90042590184131,1.34121789024175,1.85995501384737,-2.02892147557481
1899,0.736268610627116,-1.32676422938024,0.824457752002823,-1.24538822617729,1.26652942986048
1900,0.660390385894208,-0.405849578415101,0.895949901177792,-0.289915013472598,0.457654846068334
1901,0.907867342291493,-0.183259628564422,1.07484674015745,0.467196397312802,-0.173645908686835
1902,0.887003436843573,-0.495849523749255,0.957567371685971,-0.236585401086749,0.372585658803713
1903,1.11467980551258,0.469054917405912,1.10960571725062,0.661890200791429,-0.566796372976613
1904,1.28016136454451,1.11189366418704,0.995327939360042,0.0260608898602532,-0.272992901640194
1905,0.589830412487605,-0.73433080327661,0.839549482714585,-0.589717920414632,0.745488218783694
1906,0.651755941606842,-0.927179481726539,0.820469525927739,-0.893735045624076,0.95107950427238
1907,1.15642413830277,0.726601648865538,1.08565276135121,0.594388376273925,-0.615297173419327
1908,0.251523726011285,-0.637566332502806,0.558862701139389,-1.05353051098778,1.05514995967471
1909,0.95838254680569,-0.175529183120487,0.990366695445845,-0.0156651699343863,0.117233794365884
1910,0.549469408413365,-1.3359708546013,0.710917823986432,-1.58028679343368,1.4555780627578
1911,0.894561337091608,-0.553188386905135,0.935767657217446,-0.392348979954694,0.486028847721502
1912,1.15642154388763,0.887698404422701,1.12861952901194,0.86729066063376,-0.863463709777011
1913,1.01997449426006,0.168606001474432,1.04826685286231,0.374808150378806,-0.269999401673187
1914,1.01679192763673,0.15062305511271,1.03049216580963,0.235679841986506,-0.150479359736371
1915,0.98559589388609,0.0944895938798246,0.916550645772489,-0.348479754415528,0.290104851557
1916,1.00444402231593,0.0843739902710787,1.01570211894093,0.155774520037793,-0.084119933003828
1917,0.660454619619072,-1.06097780805455,0.819403393146989,-1.00233743562847,1.06108411002186
1918,0.796034037307732,-1.15330344956817,0.81948822219546,-1.19879594527051,1.1555231391022
1919,0.433471560102118,-0.505700596507919,0.740670497900765,-0.640636563721082,0.757292829976358
1920,1.07457548503607,0.44687490755052,1.06954273347442,0.512340427709493,-0.463041185129254
1921,0.834504852887848,-0.692360440249734,0.924760269630035,-0.43898772128087,0.576028134017163
1922,0.8374603999065,-0.0940596779701499,0.977774217398806,0.00708573960090689,0.110798989767712
1923,1.07984028619234,0.326024096787516,0.97788007525556,0.00234386211386255,0.00550197871208261
1924,1.07378316708232,0.310916329218272,0.895055558465536,-0.450813391262856,0.274491872972978
1925,0.98328394673657,-0.0349942779293676,0.974274851831256,-0.130064349139433,0.145093235727486
1926,0.799731687745171,-0.835439587079535,0.834809173644761,-1.0453449825126,0.991278714628641
1927,0.755538323831109,-1.42353432692878,0.796530414230313,-1.37990789440844,1.34079968322994
1928,0.84187836116663,-0.770477546035685,0.849471834287695,-0.864696446242309,0.852032720655198
1929,0.95003579909575,-0.223553168348631,0.980607507219144,-0.0853399591881968,0.176145173462042
1930,0.951777119763534,-0.214425703662274,0.935872259105919,-0.404681476614886,0.380880299673836
1931,1.41633206804423,1.28441468832171,1.08490727709407,0.518789579890817,-0.776452660803033
1932,0.841774832725792,-0.788157839619281,0.877886783197917,-0.810395898820687,0.825179684717501
1933,0.548242667100098,-2.69990409708705,0.587493384287611,-2.80024524586501,2.38295565340674
1934,0.942251708465295,-0.268984626449812,0.940060191077637,-0.356374507924734,0.368590468231857
1935,0.684820518927659,-0.150294774885577,0.960856555250872,0.00369122520011854,0.203098120445891
1936,0.688765732851566,-0.75858444036535,0.884103363933886,-0.552841035846048,0.710946101176878
1937,0.630388593664261,-2.34121524489912,0.666468618895252,-2.54958633810918,2.22612945856373
1938,0.958726523982176,-0.0229606149509659,0.893293360511838,-0.572063419062365,0.468166473360769
1939,0.997859078137348,0.0568491405344822,1.02427086843139,0.210448690116008,-0.122220442605544
1940,0.506680925143717,-1.4466799295778,0.669197928362978,-1.78914923623879,1.59033265615692
1941,0.877812029780979,-0.276008992221992,1.03115265966117,0.230982380867876,0.019899163423378
1942,0.645393297266834,-0.230146562302833,0.883017040587417,-0.238890940908347,0.3775319951999
1943,0.565785431372244,-2.54271647248251,0.584019946129568,-2.79450358527876,2.3396345066115
1944,1.0356913835521,0.21724293023782,0.915960728653762,-0.409793221383398,0.286678537425505
1945,0.932827753469776,-0.0371463517941339,1.03129651974714,0.219045562891711,-0.0887249500910252
1946,0.77617703581973,-1.16659400960659,0.796048514257954,-1.23625763911355,1.18218800933215
1947,0.706331674810281,-1.251421454411,0.784540366875868,-1.40610195242581,1.32880983221716
1948,0.635293440083381,-0.727138200640422,0.83232180110138,-0.689716053373244,0.781319094533861
1949,0.787827018747557,-0.78402008436613,0.865707964067501,-0.790616063198233,0.820424935417045
1950,1.01294206926259,0.131629094714669,0.99134718004914,-0.0114405217068266,0.0181335164878057
1951,1.40195869480897,1.74056825708236,1.3495863499677,1.78621458009909,-1.91481161519881
1952,0.998292020587132,0.059527136522845,1.05802110104579,0.430941124353778,-0.268091267484522
1953,0.929710807381605,-0.187646778492643,0.956791404692837,-0.210105076801515,0.264331051473265
1954,1.12510946990629,0.622060075812627,1.09903215790187,0.57401441610922,-0.557504516039505
1955,1.01170915480618,0.124835400392868,0.997041721884088,0.0383418864341537,-0.0122495961409893
1956,0.906778853849975,-0.319715572146424,1.01291750863685,0.134455445423983,0.0792604900304586
1957,0.998916093848846,0.0566590808935608,1.00879630942123,0.108140079378126,-0.0390832197273834
1958,0.697288622990883,-0.331602367410941,0.96017077725451,-0.0472880113064045,0.269154450443864
1959,0.930191755807564,-0.312636360595842,0.982599369454192,-0.071801299339399,0.198595713717541
1960,0.853084729940414,-0.747866790475818,0.853015131993666,-1.0058529166762,0.930050484673838
1961,1.16318617265053,0.520235030965058,1.12330363241268,0.658338084916475,-0.570199035192838
1962,0.686103476303097,-0.905486557987809,0.831331710200245,-0.903222682701232,0.944341478064357
1963,1.01739322127367,0.152188723253292,1.048540452171,0.363071861828061,-0.261325401676619
1964,0.722375529951069,-0.399332484174366,0.809513649238571,-0.71947821075049,0.686472817911069
1965,1.09328765495676,0.348570475920799,0.916089445946739,-0.290320996704604,0.112225808562671
1966,0.645689145732471,-0.235820796722516,1.00610095876416,0.131586959466004,0.163581868371411
1967,0.75390938655218,-0.886381436797787,0.853989461844122,-0.870362130172863,0.907962990791209
1968,0.878458306382623,-0.594607813466578,0.891755341779242,-0.63235032190301,0.652349842270376
1969,1.2279764485796,0.991694390770222,0.99153968946804,-0.000516324131664303,-0.221597071091361
1970,0.932588179210059,-0.28853273399439,0.926291996512462,-0.399760459328044,0.412363819495789
1971,1.03630816726293,0.2606961327429,1.01003228815384,0.116805426887707,-0.113588340643984
1972,1.11164273434246,0.443034481939044,1.10078965899515,0.594169061771375,-0.531294353199241
1973,0.623566347415225,-2.10423409941766,0.686742948681513,-1.98485856742261,1.83912453261094
1974,1.00709103154405,0.100136697179737,1.00614294475729,0.0918034134731489,-0.0403867064699732
1975,0.873156070731766,-0.426350473690234,0.919379161343917,-0.460008874281418,0.49769863703183
1976,0.998206928502132,0.196578763086683,1.20370624392165,0.810000556234511,-0.597502581512024
1977,0.618885059813507,-0.452465499194051,0.823095084238276,-0.561405556890903,0.631038699772794
1978,0.873940391543105,-0.59850620740099,0.883558763564159,-0.650474727989812,0.66591990468243
1979,0.634319838097726,-0.958166129554701,0.762353665740751,-1.22190693244972,1.12934928830819
1980,1.21776241646614,0.985661705794829,1.22060216403728,1.37112740314895,-1.32488175500985
1981,0.769949929563522,-0.740622482608115,0.786688345482102,-1.24745955746357,1.08406974905057
1982,0.737014231200232,-0.636126213124486,0.872267377708384,-0.595436860432155,0.668352317757808
1983,1.02669405329719,0.194852792031534,1.02037294460857,0.171322570799151,-0.121480871697085
1984,0.389990486305622,-0.108645890966122,0.641946917825274,-0.544816592528848,0.613795917304836
1985,0.93047212606477,-0.297740446546145,0.933536060923251,-0.349392647208879,0.380353353674107
1986,0.878722595065429,-0.113980896157296,0.869381279712791,-0.546802651269625,0.442397801546664
1987,1.04007329529322,0.279047786266777,1.06782657565826,0.4953149784046,-0.38509773176202
1988,1.17663818354658,0.969032321969052,1.15461710848931,1.06827567886629,-1.05747425092313
1989,0.879314968533031,-0.623048845719959,0.931876830260418,-0.408708042513729,0.518975806676447
1990,1.1312495408743,0.69797465890591,1.06440237334654,0.477469700103835,-0.509510863584032
1991,0.989772080859089,0.136750567187828,1.0873982009355,0.442674701078668,-0.247324587098897
1992,1.03453530468052,0.244627074397974,0.966835232194386,-0.182638962062454,0.0977833346685082
1993,0.944868417965249,-0.157605411194893,0.979070100623875,-0.0785345112041022,0.151473580697321
1994,0.822423135131774,-0.991405842781727,0.866375175720355,-0.882174516185859,0.927410069489997
1995,0.866693918223632,-0.121202676582124,0.981804401055954,-0.00461329113297004,0.140355061063718
1996,1.33142869630703,0.769617928775739,0.860659680973985,-0.568296650374461,0.262721251701479
1997,0.549262074665323,-0.933351779250274,0.800044857921484,-0.839415840530834,0.959725647352771
1998,1.0346263560768,0.246030171088343,1.03613189752109,0.278882177416784,-0.218924143431039
1999,0.890605426473694,-0.478658538540312,0.94833198636203,-0.309404414435583,0.410440642480954
2000,0.287578263686809,-0.305890051460008,0.62754885624232,-0.692493047939246,0.790833364065716
