"individuo","escore","F1_verdadeiro","F1_EAP","F1_EP","F2_verdadeiro","F2_EAP","F2_EP"
1,22,0.55297838618846,0.830776884507525,0.542087676893384,0.304287562160651,0.0757749891870428,0.584087292576012
2,21,1.0914232217856,0.703032677965761,0.533824794985544,1.07465808119894,0.0166421897764918,0.592005232355228
3,9,-0.772139333392305,-1.36045352117294,0.663343743959762,-1.28364254779614,-0.93390442113986,0.748296461532544
4,20,0.722880363650625,0.385121729236653,0.603981971394218,0.382982234513867,0.0683937076631567,0.660610107335732
5,29,0.731542820201932,1.57498055581409,0.647036700396396,2.15534435564161,1.3074093343131,0.664032523694386
6,23,1.15887587420302,0.302398783147612,0.562506144054451,0.443217383314604,0.475698336947754,0.678751686451461
7,15,0.528902043539622,0.0188387225306548,0.574979714138969,-0.159197880940702,-0.623893459474071,0.620617835818775
8,15,0.716181875052086,-0.0477331854884247,0.564433873772861,-1.08737354583787,-0.50862659372411,0.6322737672317
9,19,-0.376516033045958,-0.630135486462421,0.628396668888013,-0.0807071928276495,0.00151406382025462,0.772282349808051
10,9,-1.9158316388482,-0.943194407509226,0.640604488938577,-1.34662237614817,-1.04535489935474,0.727337672574951
11,17,-0.50934268804083,0.297792961531886,0.565649536841539,-0.0709265429237723,-0.505933256925395,0.619441005524066
12,21,0.00789726496170563,0.163265206390101,0.561313688748213,0.931784360246447,0.488120921081542,0.647180435569949
13,17,0.205492056696526,0.0117922400254249,0.596566072488446,-0.962101690334237,-0.247687675845863,0.684903872026558
14,16,0.33045631225679,-0.158823151574407,0.574276185558265,-0.139905019602611,-0.244020792557828,0.62157383345806
15,7,-1.46949578481365,-1.42906169653046,0.656888532765913,-1.76701882877508,-0.909817271411503,0.735031638609409
16,27,1.32310241640069,1.58328304750596,0.595404239238147,0.895800820119916,0.78494837233158,0.583729473971869
17,28,1.28573867475638,1.20761072678975,0.616147801670201,1.61859504519335,1.41448198913591,0.660166005169517
18,27,1.10874372783808,0.720683748831717,0.571998455789716,1.7456842652696,1.48342572203379,0.64688713470286
19,14,-0.295352326779692,-0.666036842688124,0.62692409165717,-0.473214090705285,-0.26721203173843,0.70229697715091
20,13,0.407996634144427,-0.573419898083509,0.632447324476756,-1.1152642425204,-0.705231853327334,0.654558189396811
21,19,0.539834236598172,0.459247713749602,0.547005636355971,-0.143987994369475,-0.2093029455774,0.591541329393624
22,23,-0.211786408628976,0.0560468691086218,0.544082577455921,0.565703813106959,1.13467651567138,0.620433508277775
23,24,1.1510918918732,1.00719762343969,0.53873498509771,1.27176010992622,0.431005651110373,0.589126365893418
24,26,1.19770222429254,1.35060726365196,0.574827794049056,1.33918989335598,0.69257152242474,0.593165260477062
25,12,-1.31953421737323,-0.908152509188047,0.61585734249537,-1.26337528251285,-0.752249601766779,0.681736572445734
26,23,0.925952616927552,0.666826488510016,0.531930943903906,1.21352722021907,0.483306443650541,0.588766847501409
27,14,-0.789775104605884,-0.491116210260276,0.606691879777796,-0.629502605047564,-0.685707807651352,0.664910210010558
28,28,1.73415955632955,1.70527305752315,0.625739489937529,1.85109680536469,1.15512028289711,0.606506425684557
29,24,0.484810910895122,1.02129620819697,0.550780989599472,0.855613024100876,0.388662775196708,0.5815618179055
30,16,-0.174231891209381,-0.234403525811533,0.568540169457306,-0.266257506947642,-0.283581917395377,0.621697106686627
31,29,1.92150698886278,1.35386504211002,0.642201539643602,1.22251163680107,1.61782398777132,0.673055080746903
32,13,-1.32280683888437,-0.212672426301757,0.608330848610161,-0.674773674135977,-0.711520990400385,0.627795601378232
33,22,0.26655049861603,0.888792694879404,0.551662981905824,0.596599969755529,-0.0971599856645227,0.601695664741191
34,16,-1.14271707898602,-0.587425125105678,0.645624983173481,-1.14743942155313,-0.476063380856964,0.723549466988758
35,19,0.0106815852238399,0.453115790744727,0.532125180969887,0.115363872384346,0.249020876174023,0.569230371563183
36,24,1.29315318870119,0.572649314853098,0.571145671687718,0.56481484411287,0.794338158593883,0.663759543809638
37,26,1.18670728507128,1.19283838779872,0.598928501844817,0.668073656055708,0.598667037762312,0.650938284879127
38,14,-0.344737112839768,-0.44571756906283,0.614666044528898,-1.03035815686561,-0.399002109154724,0.618205148158826
39,14,0.301598353200977,-0.127182904292657,0.602255409730406,-0.256792305231374,-0.529117585747459,0.631318141331783
40,12,-0.202451125818628,-0.634823374564239,0.614477498791243,-0.641591324874847,-0.64591099499212,0.638760973309498
41,9,-0.705799145088664,-1.00649066579557,0.622853567736417,-1.39346400008501,-0.831488661758181,0.669972001179885
42,25,1.02427577860664,0.64209580327972,0.535623119867881,1.11463257554428,1.02905405256188,0.584182972536081
43,15,-0.755743293849368,-0.434131786697807,0.580977986466219,-1.00945452230424,-0.189997288245817,0.615389433684872
44,26,0.786196363563627,1.36503408208189,0.577458838748729,0.553979473157258,0.733252162721279,0.594603003082913
45,11,-0.26266323025863,-0.754032388781719,0.617693223167868,-1.00032749609572,-0.477601405169782,0.61684485615307
46,13,-0.878501880341152,-0.856626100221868,0.655814356700124,-1.50610398321696,-0.588730685939528,0.707014091505664
47,13,-0.358626678495852,-0.882051688517888,0.64056029019191,-0.657320542278151,-0.531956783103546,0.739445125474065
48,26,0.753302446151023,1.38509018730476,0.573245977278368,1.20543351553363,0.552806315769731,0.580023803133312
49,26,0.766467885317911,1.26277870699835,0.569141153341141,0.830117650183026,0.806300183137708,0.591033460455243
50,15,-1.03002492741821,-0.574633103343435,0.640682777113195,-0.0116585370480955,-0.281445611213592,0.728795934797995
51,15,-0.400388655712096,-0.496763817721967,0.60718915392158,0.572653399958437,-0.215287487179942,0.686551642314076
52,14,-0.379612732374054,-0.584158941178807,0.592313414063483,-0.297058180970166,-0.0787886032739269,0.688249193814425
53,10,-2.53254193530288,-1.09856826591807,0.668529536512095,-1.25964019314059,-0.924695675092856,0.68851219111995
54,25,0.939917498991807,0.408977873314174,0.540851943633469,0.503283741477362,1.32511227109375,0.641155493677368
55,15,-1.43037530767636,-0.7177943452832,0.639930532690641,-0.62141293520604,-0.556160484175743,0.650615893423814
56,13,-1.0514094583506,-0.824169233639648,0.594916696959588,-0.817832336854657,-0.230166587432229,0.703742584515798
57,11,-0.934122405135502,-0.963314142893343,0.70477199652519,-1.41811656766454,-1.05338476089411,0.71813942542082
58,20,0.211785123778893,-0.264690448829598,0.575803035328164,0.14792986344175,0.407211820973583,0.671085132264222
59,23,1.05510455732919,1.00499016711379,0.563025974360715,0.506202987962719,0.117227059935545,0.582978944828482
60,19,1.17943398467484,0.222111295661905,0.525906367661099,0.328405255954081,0.00201312060150118,0.609337266037006
61,28,1.31897372589198,1.23990727108582,0.617874477872653,1.3190517763498,1.38076420213984,0.661569835896972
62,14,-1.045785450463,-0.376427011723672,0.587085439422667,-0.115136762250877,-0.198021880625026,0.688112392043299
63,13,-1.62249323048025,-0.675441410058869,0.680221538471468,-1.07517444877765,-0.946923433338898,0.739063966270642
64,21,0.612026175142563,0.372122515167348,0.531325224653732,0.387648823501088,0.161636054126607,0.601269386486975
65,26,0.352950933840884,1.30636395569274,0.568724965598043,1.91155330669614,0.716691082974478,0.577540845016214
66,23,0.56187200100702,0.0712031840121512,0.554803264949755,1.35033595315973,0.976022246507258,0.629030834850267
67,16,-0.67351168677912,-0.491806761307078,0.624928952398062,-0.0347322183904064,-0.22040586703953,0.674623343538393
68,22,0.322512774300582,0.468218494234854,0.537132969655495,-0.0919817632033414,0.465376206023192,0.59540812368758
69,25,1.25221423243505,0.797617451318482,0.569891168037384,0.330835636563362,0.866938964104538,0.654346504299774
70,26,1.4514223752758,0.739828972681684,0.585273912430894,0.466335271258058,0.985613872654363,0.658186132314281
71,11,-0.821463973651372,-0.636361136642987,0.696335004383885,-1.597322973987,-1.02533916253407,0.659934104149663
72,8,-2.42179918801443,-1.58059232473455,0.649831965617001,-2.5441679033554,-0.766878723293673,0.696276657528045
73,14,-1.14177801068168,-0.731000925167491,0.676276683307596,-0.470045776728025,-0.417506070293615,0.690932836181206
74,17,-0.5717475599566,-0.293724849868864,0.576768850136977,-0.869647856956581,0.171818895443584,0.690564505524652
75,10,-1.93182043565067,-1.02950961817387,0.626107228870044,-1.61003230329035,-0.928145053459865,0.667665768829291
76,15,-1.09069423508099,-0.730216098587102,0.672111791182878,-0.712085220206346,-0.634703072126942,0.712933119817615
77,29,1.33234323476699,1.59750765489341,0.652162007908151,1.0336589214967,1.3577191876859,0.677340770354638
78,12,-0.567493411972811,-0.6192172523742,0.61151138516081,-1.32826279438178,-0.646733992458391,0.661127745551224
79,11,-0.885008713490373,-0.999017920071602,0.623187057456959,-1.00708897822542,-0.582422534807911,0.735759638789049
80,15,0.218064971968845,-0.502444318084093,0.568002465941404,-1.01053603554977,0.0379924147063874,0.679499399639357
81,22,0.664039141866052,0.769345958341123,0.576824988995219,0.141645167813693,0.0705619642571775,0.644460496973303
82,23,0.931977697281199,1.55604465564043,0.579652515585997,1.13715631884423,-0.168540965494406,0.57871459229474
83,9,-1.14976911373117,-1.05400948760713,0.761132683355676,-2.3774738280853,-1.42841667620862,0.675620687187896
84,13,0.113880613284729,-0.773277217059056,0.652135010315567,-0.754873963264854,-0.795152130577122,0.698147930684784
85,18,0.492451167322059,0.201920074268074,0.612922885042195,-0.342600977592056,-0.500291337995557,0.687645245329931
86,16,-0.0859424634665231,0.13075414329537,0.62660792492903,-1.0512801719826,-0.798533998810947,0.614963943452495
87,23,0.543266447385181,0.465951081476039,0.561274758951488,0.448948137491399,0.585586297190307,0.654001391028596
88,23,0.688548248562111,0.772469069581383,0.550108993730206,0.61169911103709,0.434974118004904,0.596625670158304
89,12,-0.875050888675999,-0.368097704844154,0.651871731333452,-0.511669833422702,-0.938063211932214,0.645133400964298
90,11,-1.62441618237791,-0.852940399172518,0.67672343797185,-1.25154808520392,-0.986025275837853,0.699744086167272
91,24,1.20453806210659,0.60607152019533,0.575239536608053,0.417380123964009,0.615429317536807,0.666197679463636
92,9,-1.09057711219942,-1.44635573579159,0.711377305401791,-0.312065251039402,-0.958090565446252,0.690565405418513
93,17,-0.0244534031490237,-0.043352125125787,0.581806649998031,0.911443068338374,-0.148319009008138,0.674111822434737
94,23,0.452972132358446,0.466920229888519,0.575940953496775,0.583003918445874,0.644397909451165,0.677223008823049
95,22,0.783993639164549,0.334244620633766,0.550611891372397,0.504814396331793,0.597183408387894,0.64910639553991
96,20,1.00520675405882,0.518968720191262,0.578160019456715,0.113111971190342,-0.120129025764583,0.643583706377379
97,25,1.27842290577649,0.174683931777916,0.540251724115695,0.975865235018907,1.34765212083281,0.6348127861119
98,25,1.43159272846558,1.40751666296816,0.575215972726077,0.689722996168914,0.215981458709191,0.589406871028426
99,16,-0.562174981701907,0.0700450186225607,0.547967176986379,-0.59684114686084,-0.336214236715859,0.601196092482617
100,12,-0.586747477418475,-0.810154734869777,0.628100954648867,-0.793245730077831,-0.757820713756779,0.649042551025204
101,21,0.0999062834149028,0.0543037982604457,0.584904112543338,0.874458135386908,0.228200823214564,0.689644305734705
102,18,-0.656653120442353,-0.456628840416876,0.550785516029793,0.388321311216262,0.625766958331834,0.649644441470103
103,16,-0.784977308875725,0.0627381458273109,0.588447450879953,0.163545064211018,-0.453929306584298,0.683663664912121
104,12,-1.00440136126132,-0.800645870260501,0.641464857929236,-0.664319138395105,-0.657703692571845,0.692905497072418
105,21,0.611638034511137,0.462329305460913,0.53846977463642,0.749829262923524,0.152255480762684,0.588580030184674
106,14,-0.998592642508314,-0.0323693235377639,0.560617254182442,-0.284455589653911,-0.511778429838574,0.610175267564859
107,19,0.745564495817904,0.131712462739499,0.51827694170454,0.0610526075562483,0.0924845593260073,0.606217061271625
108,28,3.0050640207088,1.30538051813977,0.621795211801892,2.72493186755658,1.51629089079972,0.665409441801511
109,12,-0.352455787728794,-0.637431162798105,0.620034648841657,-0.189978392748978,-0.606531053041328,0.645528472471757
110,15,-0.00531962727672641,-0.435713512707601,0.595993170505413,0.135229205814869,-0.127802852677107,0.685271187588694
111,25,0.322004231666167,0.556805311938819,0.566763449204703,0.919366574521768,0.974027368835662,0.630496125457296
112,22,0.251707426856025,0.872706897609396,0.566028973519587,0.637772492079464,-0.0946399904748806,0.601113477562161
113,20,0.579644296871179,0.304128809564541,0.586605234010546,0.973685683978144,0.237378454776894,0.649036548518961
114,23,1.2899640901899,0.81589518240015,0.529439142659011,0.701691399568986,0.571558644031751,0.594348350676906
115,20,0.57233769695722,0.196791917313126,0.544972512042452,-0.275174755718791,0.0361309323916787,0.632861621217914
116,11,-1.36976982796851,-1.29214396876809,0.659007616425906,-1.10477055100899,-0.698858451453205,0.684254487868135
117,8,-1.47697444225061,-1.28981632194888,0.677555672870509,-0.444897807439088,-0.824874618797034,0.665817608118068
118,29,1.37720189933716,1.60919196688131,0.669001450076117,1.77051114853172,1.66494398049872,0.686351862441453
119,28,2.13958319354533,1.26192350174366,0.619256222588943,2.63232481277772,1.30624125768393,0.649272546725489
120,16,-0.729950908220994,-0.235717176659428,0.605942728823387,0.446527618088769,-0.356985011777327,0.632053610525329
121,23,0.714621973108419,1.42915211932068,0.56723964455745,0.909431988097843,0.00544425926249761,0.576251977630447
122,25,0.56989880532993,0.654267689771471,0.564383224147606,1.71552650114069,0.869303315483126,0.6366373900909
123,13,-0.887607411060124,-0.31787495155675,0.540173982861931,0.00928761908813314,-0.329887913370353,0.596474742996043
124,11,-1.61842742108739,-1.32942490720143,0.652225699161965,-1.76442997756889,-0.922625571815826,0.719056563314724
125,12,-1.19892123861166,-1.0482123848121,0.673149690927733,-1.64813132496531,-0.875241799322484,0.712003523306383
126,29,2.02986805484725,1.36430851647722,0.645232245820919,2.14618314232328,1.68017243736584,0.675300244080388
127,25,0.784944520498056,0.794858887910738,0.534814745243141,0.556921020026948,0.749180078265304,0.591015065639982
128,25,1.34031547759262,1.36659901542046,0.599550156024149,0.737268491272561,0.348591201015365,0.660292336862239
129,27,1.74191414668571,1.30539305850501,0.590164303224503,1.78321079381112,1.06089490678,0.593821115654862
130,17,-1.23159768209932,-0.637523096976687,0.518031921429091,0.34457688198277,0.486994325021327,0.616403128209495
131,10,-1.30693765356266,-1.18701185595853,0.73063032256187,-1.88765023256857,-1.46988236304291,0.765478751397714
132,25,0.436208186330687,0.566940473758989,0.559085097001269,1.07033481465737,0.831291583376204,0.63752048425205
133,26,1.02000085761666,0.450685474451478,0.55169407367989,0.311720384067629,1.71451244778359,0.641476665162584
134,20,0.510250932039612,0.52695027840753,0.52288700022001,-0.355428214290137,0.116936471406528,0.582732126110298
135,28,2.14089826756603,1.30538051813977,0.621795211801892,1.76586769223532,1.51629089079972,0.665409441801511
136,22,1.51124361293325,0.164948507144091,0.525745666485525,1.05733458350952,0.614464118549291,0.575076191352662
137,10,-0.917109425624859,-1.18325172077801,0.660202887496584,-1.1397966042723,-0.726893066157274,0.763599238904409
138,7,-2.1299264362059,-1.56123456779517,0.668721630809189,-2.31081369559316,-1.02788574327876,0.761192713656909
139,21,0.548569663053239,0.752930843594256,0.550968918612276,0.994232778680286,-0.322907626949822,0.587227607631628
140,15,-1.04728771711041,-0.156957305712835,0.59002991112959,-0.872176433901957,-0.652445635294872,0.648983024037315
141,23,0.0646925447694486,0.446928637108526,0.542136329004349,0.935531927746591,0.745711048664702,0.566870914041111
142,28,1.01947441887897,1.47889078860017,0.639872772135433,1.91286428281628,1.33162938100828,0.67116427069974
143,27,1.59867952045018,1.70958208286163,0.611126311976426,1.29955970159474,0.683053939390922,0.587019221492558
144,14,-0.410319622875517,-0.744282054967638,0.641563391472428,-1.05452912998249,-0.447397266027367,0.70435424751913
145,16,-0.54111747476434,-0.0918512520743714,0.571304801837606,-0.041649388088463,-0.254519638843678,0.671096803671419
146,15,-0.0387150676667296,0.24615361134931,0.591515851557341,-0.323253736423104,-0.85829466371094,0.628971933412083
147,29,2.05997237846294,1.60284099033284,0.660837837850227,2.46892247491436,1.52926146456781,0.680169747721079
148,21,-0.230655661800794,-0.132811968220321,0.54644276717556,1.00190565702286,0.934231916410191,0.64728186982838
149,26,0.933876687442658,0.52334168393325,0.56444896591318,2.08488674120229,1.49600151291642,0.641320645134965
150,27,1.0782126297559,0.91975247718033,0.585169637168906,0.809361130243822,1.35342248216999,0.650209824076443
151,14,-1.06243206568667,-0.721256398796115,0.560973138222243,-0.666777055911648,-0.18288082902126,0.663221929892153
152,15,-0.866260840325339,-0.44968876874037,0.588355018190167,-0.634582644489168,-0.504369954520469,0.663237082192043
153,15,-1.24157001053455,-0.299796561524814,0.532226092703063,0.203484457124143,-0.166726254720021,0.616676076287868
154,13,-0.449115401287208,0.0246389677769488,0.657761692596458,0.221431783554791,-1.16540216686896,0.637604178139304
155,15,-0.810999035172572,-0.528853365001094,0.626843773544377,-0.0471471149006881,-0.489614341485007,0.674498518403227
156,20,0.574360380065186,0.731446869404733,0.550810331498501,0.469250867640846,-0.0319594784054257,0.5822302522059
157,14,-0.609200696600653,-0.605516352480168,0.568831160527799,-0.84835818007127,-0.286853805968896,0.630154334301556
158,15,-0.237344025927942,0.198609486820592,0.562771753092848,-0.380084910914694,-0.483144137565266,0.614962179458962
159,20,-0.286999744585702,0.202008244121653,0.574730368078763,0.10390869656125,-0.152934996609289,0.602810120928319
160,10,-1.21808096113922,-0.936212067400284,0.650531254588833,-1.17656288869389,-1.07378538528685,0.701439168535927
161,27,1.71750100529304,0.983087322476999,0.591439938772453,0.376237878818435,1.12123107030478,0.639602520777121
162,26,1.09651370383985,0.924716066765069,0.587134714959724,1.28661131753783,1.00183289492934,0.640434938742303
163,16,-1.13100134822552,-0.579909394797005,0.635248537045037,-0.913842643120723,-0.196924909267241,0.725208480256021
164,18,0.0337061831621729,0.394859339727875,0.546846316489953,-0.312637340949687,-0.0605403855255299,0.590180331835243
165,17,-0.312901384843486,-0.306868649085045,0.622264405211224,-0.0729468394147888,-0.147331659036992,0.715788344249885
166,16,-1.20549726546311,-0.771949053712213,0.604462976931573,-0.594036995714409,0.0611288849455324,0.719384264072242
167,19,-0.125901876135611,0.388716680561849,0.552765568933234,0.922980089395414,-0.235806271709116,0.597504056519287
168,21,0.270363625789743,0.845169869059462,0.541525637334741,0.538938139137129,-0.00148680719464618,0.593514605616335
169,13,-1.0155539509376,-0.181647372492557,0.59137253878281,-0.949482384949261,-0.774895515459125,0.650060541751139
170,19,0.764707105452467,-0.0535103454366769,0.591359822411713,0.68192014809563,-0.0576328972290151,0.667550144665516
171,22,0.463660856475275,0.355659997789429,0.525274352456381,1.14111270355885,0.699084987812551,0.569604853056606
172,15,-0.0109816714524318,0.0712000499268496,0.566980314596933,0.333060122349656,-0.479808979866809,0.597094457335181
173,18,0.148680539987679,-0.218477430902655,0.574392165920331,-0.225130093291122,-0.0267210035296708,0.614147431446503
174,8,-1.74794560953135,-1.29703576217896,0.727275611787974,-1.18840614371233,-1.64225452760473,0.694520924199484
175,23,0.649129723156888,0.273615633089382,0.563791488496836,0.957320656673828,0.784127329870338,0.656820305903324
176,10,-1.17824704280644,-1.21870244939425,0.603289014111072,-0.852238891480457,-0.439101663006632,0.710073391779776
177,17,-0.239107261108391,0.124080980588511,0.516478360314237,-0.105069576014711,-0.113948174027209,0.599356841144781
178,19,1.07448153395041,0.427465563823381,0.564384017914562,-0.387560452797279,-0.264831584721885,0.633377063532932
179,23,1.21871709888955,0.311447145696139,0.560882211849001,0.827910392918499,1.1735684672917,0.642999127417543
180,24,0.472189829997871,0.831907115398808,0.56733996374746,0.786111503442642,0.448865334787111,0.649220401161807
181,25,1.47812435586136,1.24574462729635,0.558097992398263,1.64162741771486,0.438698621766892,0.577062147592644
182,23,-0.183495071705951,0.48131144235617,0.561631843982172,1.30086875185467,0.557569122190509,0.647452995626998
183,12,-0.375736801147709,-0.445748467921434,0.575329610824771,-1.00876355759158,-0.570758384411759,0.644249137120403
184,16,-1.05880724666138,-0.416773000204507,0.578098795166311,0.206092166656468,0.0589005144348079,0.698321601405821
185,21,0.67390703963283,0.309429763772529,0.573532489602113,-0.0940075475127624,0.0502206189589012,0.669645223185664
186,21,0.614283375750108,0.270141845203264,0.570412614568714,-0.0094399989001297,0.231303887519197,0.664989348012237
187,20,0.316290350434442,0.121852776968699,0.582742560858084,-0.0496108645221245,0.0426988461943517,0.672953039717269
188,17,0.657318030960015,-0.554358368017543,0.586655809153005,-0.888319355384348,0.407007804220323,0.647159087930559
189,17,-0.326135061597852,0.317610710902607,0.596682951271053,0.85609186478589,-0.376882459436184,0.584111570150215
190,19,-0.155556213052046,0.130876032208598,0.555606168245892,-0.0196963931792077,-0.00760921449140584,0.602568243216583
191,21,-0.132286608087313,0.527835988551908,0.521407614379384,0.608420193033993,0.249195584359319,0.585415473687324
192,14,-0.789838430991947,-0.281051985749874,0.600085796096121,0.0429898542001607,-0.522335377867809,0.62102164717078
193,23,0.0394825451288252,0.425062589788478,0.529532882003299,0.310277969574214,0.567367711641028,0.593839303375208
194,22,0.115210348625871,0.0815271003494755,0.567409432828384,-0.61977300660292,0.778599436476049,0.664347242041747
195,20,-0.00740979733156333,-0.0173568916096801,0.549212134955052,0.341674347288193,0.415663476524422,0.652035719497105
196,9,-1.80232364997345,-0.892606348815035,0.639779806762399,-2.37369629005666,-0.754141614021731,0.665814000309991
197,15,-0.448559076624657,-0.499207441723809,0.560167993161326,0.159240724119489,-0.0448078600791136,0.612711242553845
198,24,0.709265343540472,0.332065766316652,0.56244821203899,-0.0582344618492822,0.679489657778769,0.650099541316803
199,15,-0.165434741310376,0.253710244299749,0.550581763944327,-0.607736885270975,-0.769574002824055,0.624048171300937
200,15,-0.363338806763507,-0.43739757985606,0.583189605983075,0.0562500523179941,-0.42823049825673,0.654314434875796
201,23,-0.821415694545602,-0.0180897067486735,0.571614439159059,0.778962108075181,0.738549283269433,0.637293135297031
202,26,1.79428405626215,1.72291761752202,0.602564921169443,1.50234180870158,0.400260174241641,0.595199158029637
203,19,-0.0544312599064163,0.657460404888936,0.54877529862292,0.519189186681698,-0.286041474415638,0.610146019610854
204,8,-1.03537908861404,-1.2451606203878,0.691811855337967,-1.45346642433202,-1.35719791236235,0.690076684164672
205,15,-0.274532058200472,-0.266667926671726,0.624805518183318,0.390661890688882,-0.170259045168861,0.58795091906506
206,10,-1.19060736883984,-1.3070142454522,0.644190068083751,-2.20041778335782,-0.572261133248782,0.683875025024096
207,22,0.118077400741655,0.667675813786967,0.52205921574519,0.742520370366567,0.416945070327574,0.583994183153648
208,17,-0.650366227435991,-0.432669661445289,0.563029305995342,-0.305362256973233,0.287427443321862,0.664273921025633
209,11,-1.2549763112659,-0.35337551468141,0.609897496042504,0.33250989160135,-0.822086329559633,0.629383679402745
210,25,0.708868217719678,0.475336137185003,0.550301012267016,1.55809790203616,1.13740026408614,0.63847464287757
211,22,1.39586224544131,0.288861902618179,0.583255453786236,0.107232377906754,0.450522824102177,0.669278292709889
212,24,0.876056362056006,0.677754803065263,0.547398218877387,1.3151684630577,0.747193226071693,0.59053146886038
213,11,0.322051998604608,-1.09015627505764,0.60297824580668,-0.480232472830086,-0.36288910629088,0.657091918307629
214,9,-1.05374138605469,-0.738751709257191,0.605069138919447,-1.15977986445578,-0.968460442390913,0.66182303511204
215,26,0.0259309393786851,0.630105336580752,0.565024149265657,1.00664611212048,1.29014235879963,0.641465303106439
216,22,0.0269724765470339,-0.139700791764427,0.535986386300066,0.982665701629139,0.948330014602885,0.66283173012685
217,22,1.39891192238516,1.15190112169378,0.569679027605279,0.435965587413156,-0.139108810422945,0.589569718203602
218,14,-1.27333615290009,-0.312361120205,0.561228028317098,0.622145002953317,-0.249424294923339,0.609526384844104
219,14,-0.282756396600336,-0.788630228689377,0.561094707872657,-0.837281316218284,-0.253478410079624,0.65785767872875
220,27,-0.0709979744360939,1.42747159225503,0.611896764996773,1.27581719995178,0.917184432193089,0.658868753178792
221,22,1.35451366990651,0.983810229197461,0.542591393455272,1.09738273278339,-0.194624667971557,0.607595489329191
222,11,-2.01289583939357,-1.31887069427599,0.678976432565942,-1.80220478957184,-0.733050560822182,0.788300672643847
223,13,-1.27854817882915,-0.142669474648606,0.603131484990899,-0.996930436182599,-0.715579569758965,0.627118024292264
224,28,0.706534891847732,1.29849762168527,0.619645117578721,0.335348169999252,1.19498989411889,0.664329305850676
225,16,-0.808462997022252,-0.362724165010533,0.58791921928059,-0.0855804129132035,-0.358935074733923,0.64998040164639
226,14,0.0466873487088546,0.0152126246970925,0.588143102476025,-0.224634942012679,-0.759562832264072,0.608457851366519
227,16,0.188611801571441,0.236726816872123,0.594413936244005,-0.772996460431497,-0.70712347006243,0.626923764805971
228,22,-0.241237660201676,0.408522859044141,0.531997133922498,1.01641276830364,0.521417045504129,0.576867594047329
229,24,0.551255457092778,0.926541634706723,0.547513737651574,0.946957906660379,0.500073770287125,0.594785474273891
230,23,0.940979338873018,1.10437296393223,0.541759071094169,0.306444728906266,0.185499960836278,0.577188233137336
231,22,-0.224517672527909,0.128731578394684,0.553459049037995,0.880389610240837,0.740023645098305,0.66669411023698
232,26,1.10270205305141,1.66162730633917,0.595997083280463,0.30809681507637,0.319207633774695,0.605290452235897
233,12,-0.0707666358790894,-0.557269343882117,0.647763538232986,-0.726655774133791,-0.986163750068951,0.662624553187625
234,7,-1.04839581027106,-1.31295457958848,0.720051239917548,-0.724570084239814,-1.57000288468267,0.73068780271232
235,29,1.53229099346656,1.33635536192482,0.639155550043836,2.12147535161799,1.66393979722337,0.672953321247699
236,21,0.602279450503796,0.0443329335128063,0.540602498842964,-0.0536594599864568,0.708468680155097,0.638280261872994
237,13,-0.910453604128224,-0.530205346936094,0.622260689290842,-0.711715258866555,-0.575229631452447,0.689554925126083
238,14,-0.468734769513437,-0.479046613010776,0.606555108538968,-1.01320779296179,-0.666186501755163,0.673938890249916
239,26,2.00170640697057,1.45566549197214,0.583108808278,1.7676001015722,0.426460208215816,0.580739533394309
240,20,0.156618921005612,0.314777201423341,0.560337621665713,0.284377408096027,0.307610331101994,0.669231243525426
241,19,0.497587615909547,-0.28378921845377,0.55420757012722,0.38540599867736,0.643862384784701,0.656460258413877
242,23,0.405493585906637,0.288503848330713,0.510662621652856,1.69749764095021,0.70023842710151,0.569436163378269
243,16,-1.07069896559817,-0.337331307342179,0.555038713601759,-0.261840969131041,-0.204305302822798,0.609649356897156
244,22,1.28052386762758,1.20281537361314,0.564170554369161,0.155535560334692,-0.110980807943713,0.583400442259211
245,11,-1.76396680488108,-0.663435669840123,0.670642578205022,-1.52838746336402,-1.20335071392307,0.676795528116901
246,26,1.08256798197324,0.724710968461336,0.559037207954063,0.587699423911368,1.18447574786752,0.630698155167623
247,15,-0.558095100962305,-0.00686649512979033,0.633171749788463,-0.298547242659863,-0.477726249373902,0.686055003665655
248,14,-0.517281102115372,-0.323785035966255,0.573681221745992,-0.0514597175602589,-0.245399407168437,0.642629172928485
249,12,-1.74556104822953,-0.720969223201739,0.553184845984959,0.0587150028495842,-0.225668405888735,0.628080523024892
250,16,-0.130621063546401,0.0251654420756429,0.533555278709262,-0.319044911613122,-0.185240127984095,0.59423434191598
251,26,1.46812355974248,1.2830624513334,0.57485807757793,0.299877411636416,0.82702997532252,0.591535752235427
252,18,-0.26826195825433,-0.0681904884343785,0.584316363451393,-0.094360741407177,0.269781335224122,0.6545807902287
253,25,0.849609367707978,0.927748825708345,0.544993770185296,1.47655880821051,1.03111910188754,0.583764996468447
254,10,-2.41880668548082,-1.01639343913383,0.660975814032745,-2.44778577521536,-0.982356232583497,0.696730408890499
255,15,-0.346524156161035,-0.744236709769986,0.558428691996892,-0.408131243086281,0.182468776312249,0.715034890127361
256,29,1.85250637205747,1.22214175656257,0.627475359614224,2.30565402742405,1.60268972951021,0.666425646422565
257,19,0.433428557095319,-0.194101555655542,0.57106925557094,-0.232598057404057,0.445390816532182,0.681086660099971
258,21,0.83881362084225,1.07232031184556,0.592391704518217,-0.319177115546848,-0.313656304167311,0.656464541513163
259,20,-0.478781362579062,0.591029006775302,0.572566341022424,0.185653311713845,-0.149548223274078,0.593703370318358
260,26,1.18028845431401,1.21425506548207,0.566750319279561,1.47534137013371,0.801911219641465,0.59050286777971
261,14,-0.899931991741504,-0.49244996779609,0.625279561379,-0.100544438551111,-0.784938412052965,0.672810331881583
262,25,0.841184375599029,0.898341254832438,0.58070335682093,1.76792360774519,0.763392618844557,0.642519150049288
263,9,-0.871190803270332,-1.2899502069926,0.656319745707561,-2.2445779044591,-1.04099027752069,0.765440070713109
264,25,1.15380162481692,1.30717391912649,0.568679635176163,1.52065123600984,0.544462909294862,0.588059807805879
265,19,-0.0965276948426947,0.0282339081279869,0.527863244804161,0.0290761210639683,0.328622262599159,0.590960269738724
266,28,1.21401393256402,1.47395936862533,0.645083596996328,1.13779891752338,1.45756770937927,0.673904516469871
267,21,0.888634973303409,0.357109251546959,0.531167465108552,-0.117579275996197,0.325529673632744,0.57759467207126
268,21,1.02974106939592,0.439272407788124,0.521846210547532,0.689772017275991,0.257534841685188,0.577920745484684
269,6,-1.17370994708477,-1.23787393326164,0.743352079805863,-1.80717393655047,-1.27785651228893,0.701184529932489
270,22,0.826813504108999,0.405161557780187,0.510591214103492,0.393628021433279,0.646456589414743,0.586766689102849
271,17,-0.114565717594884,-0.111404679881272,0.540867211218955,0.861116341562981,-0.0379846535759522,0.601665359942006
272,18,0.924693120467602,0.714663756515336,0.572762173854456,-0.257808582394577,-0.416581115689194,0.601645805583422
273,21,0.778418124133111,0.470299629629412,0.5669908346431,0.668115033097845,0.138637033055643,0.684047826533294
274,22,0.869396635969378,0.372604332533948,0.548380607585899,0.267583530135426,0.552293190164607,0.641906178753814
275,15,-1.12037230672746,-0.549249029157646,0.632227068408453,0.121070715749157,-0.258026294947301,0.670073027381942
276,24,0.444089896282292,1.28929717412727,0.569377872927501,0.566243929898779,0.133375217403216,0.589204875075689
277,11,-0.933928856439555,-0.756719961779123,0.761630229380801,-0.110843152739327,-1.51264485937321,0.679051708630587
278,12,-0.904510513670359,-0.917586998265485,0.653722414735483,-1.44912720123292,-0.850771372148904,0.778260064785162
279,16,0.10040064750378,-0.312248428788934,0.571619545493621,-0.173049431909306,-0.188382175363147,0.614038699545899
280,18,0.270462776510277,-0.26798075473478,0.604245956394509,0.0800037393066375,-0.0794410780994462,0.688562125609802
281,18,0.253349461281369,0.305029859117437,0.556601736379133,0.052193718579394,-0.39425014996497,0.605693371830042
282,15,-0.277685908633915,-0.258205178218245,0.610898073846889,-1.45617848143318,-0.461300078933564,0.619174182507153
283,17,-0.480382168100311,-0.0921657795683252,0.577100530441479,0.878463825022944,0.134355011838722,0.688802076650953
284,10,-0.898732535627124,-0.618996779506877,0.613437135771471,-1.11174364653568,-0.913498540441511,0.669066931106317
285,16,-0.241883781657158,-0.45141443015563,0.528655895785094,0.142098995000652,0.061453691640106,0.60220997551781
286,13,-0.384618125457257,-0.991434864962465,0.677392067553898,-0.650251443070656,-0.80927969490342,0.781026031190619
287,9,-1.36222472711265,-1.18000354191567,0.684508608487236,-2.80397114275734,-1.31542673219258,0.699709584952829
288,9,-1.32528555424434,-0.92070451154441,0.68951044010464,-2.7070008858572,-1.18832096144975,0.695143779361084
289,13,-0.571008999400772,-0.754023964536697,0.651521794322613,0.658315571845725,-0.94350960044887,0.698033499211567
290,23,-0.115318481313027,0.234364757037324,0.549278705474664,0.73220098422802,0.921717748673011,0.650680424440964
291,22,0.548150039082942,0.213103246128644,0.563449014308387,0.531928710122169,0.786367827625047,0.636221558116047
292,13,-0.536088741642884,-0.969202364372053,0.597646558203646,-0.257953784661009,0.0476396429111986,0.710156332152149
293,15,-0.0541603424031957,-0.126657114877846,0.54611962786895,-0.00189807196332954,-0.224316399446706,0.580410855090725
294,12,-0.352463094407896,-0.866704905309172,0.640239626522975,-0.672228663492684,-0.905755881953796,0.702198333503016
295,12,-1.2748935415775,-0.720736969148756,0.634975960461892,-1.62189027642093,-0.737288125986547,0.658101443469789
296,11,-2.02226467519809,-1.0989689942639,0.648000554043041,-0.259847990788026,-0.662661553994538,0.75772751683544
297,22,0.646013995021816,0.699936210702978,0.570219530939065,0.190965976850483,0.00721297723262722,0.690313725421783
298,11,-2.01349686662668,-1.10081311758786,0.650180482764352,-1.57080393452246,-0.8902306874975,0.703008009839411
299,9,-0.548240918486266,-1.16718207968264,0.642217861037503,-0.713784491369651,-0.848195567824952,0.681724041296216
300,11,-1.51685752232338,-1.01369434589034,0.68014345273418,-1.00740101512723,-1.01758301200311,0.720766920667404
301,6,-1.99784776195616,-1.75884948514448,0.72676646935691,-2.784138309678,-1.60126637796987,0.731267259612781
302,18,0.238013111418363,-0.13977796654416,0.509489804070531,0.519676335494817,0.358770514189547,0.582830053867403
303,15,-0.730542955957886,-0.34297449955464,0.567430527539734,0.479908951501145,-0.0952802765057377,0.691557661221738
304,24,0.820343991899027,0.866752297340692,0.550542881428407,1.24318971007214,0.37642715826852,0.595874915880892
305,22,0.941450150435486,0.721666771404685,0.539530522467863,1.78280295349636,0.334116711575566,0.581476511649149
306,10,-0.751265717067558,-1.08655753456384,0.587152299928688,-0.853664601244608,-0.591543302496362,0.659472444071869
307,17,-0.884962785778395,-0.301406658872418,0.639640823416342,-0.554168519577835,-0.268345572043469,0.690130267827789
308,14,-1.17107285715478,-0.566359652520565,0.577768887004103,0.0273874851314749,-0.455734264750716,0.632392469021632
309,15,0.0336228176884951,-0.188231144822527,0.596040006697892,-0.207360766059484,-0.501368477775283,0.616350926377816
310,6,-1.38560076923214,-1.65528480264736,0.657491160380199,-1.9285818660838,-1.00986529963886,0.708798370799188
311,17,-0.260632018662418,0.0961797768466307,0.539915730867315,-0.669402647909774,-0.176990439664867,0.597242445579327
312,12,-1.45787609150756,-0.533078826279526,0.589573983773375,-0.386089447776966,-0.677484179709373,0.628417420905644
313,19,0.287858739839402,0.334827739325736,0.525440810705791,0.171735508721058,0.111263113036062,0.604596298028275
314,26,0.567981133747187,0.546600416345799,0.556670200254049,1.20471606975244,1.29434532767761,0.623014828477011
315,4,-2.0801016900065,-1.47140748708166,0.710534861133437,-2.56858580039447,-1.81185599251745,0.695678893385591
316,24,0.68292068582563,0.372182557016588,0.558011275961768,1.0021742449893,1.10692181929884,0.642886725369181
317,20,-0.203714820619932,-0.274717830088821,0.54238049695177,-1.03623154671775,0.635788865815779,0.648679432167013
318,25,1.44021209675191,1.09848442948182,0.562175146195379,0.990245861876161,0.870360020180695,0.581710974018091
319,13,-0.0637288345456689,-0.565376640254065,0.543524418406159,-0.140917361912324,-0.196603522668174,0.628201037745445
320,15,-0.36474168788031,-0.752432430214573,0.579263623131184,0.825885212095114,0.176995998592294,0.705392213061434
321,8,-1.16494254308385,-1.50973503669883,0.699019310836399,-1.40886267265465,-1.20881814453513,0.745262393534898
322,11,0.06925580307693,-0.804757256086426,0.631900385031383,-0.896966878616823,-0.894744142133956,0.732797134927524
323,23,1.75646133516653,0.490452984368406,0.567573725383332,1.3474780460365,0.767954880610969,0.660588566648451
324,15,-1.06644452559356,-0.236963543584687,0.530861355204447,-0.43767920399434,-0.158498247994399,0.599436620483591
325,9,-1.11440112672885,-1.44564332263972,0.644546478210201,-1.07883375564424,-0.987613206593688,0.733518891865398
326,25,0.990389032349047,0.5847750936736,0.573577283075078,0.934326164637288,0.763474785494989,0.675423852838835
327,12,-1.34599172853818,-0.825040422528909,0.604846567154835,-0.156932489295162,-0.561551301331468,0.644780610905091
328,9,-1.44123107153419,-0.832657528308304,0.688900222129719,-2.72169569195823,-1.36679188661407,0.676665973216184
329,21,0.460242316929666,-0.235105383361811,0.54385661760866,0.400948593579814,0.60886048407561,0.653423089078775
330,20,-0.361865452879761,0.339621168388237,0.525094070048559,0.00870502446651977,-0.0942144867301374,0.584646876345559
331,13,-1.00351515609805,-0.509821553281098,0.584598822339492,-0.704588097638929,-0.478517858185492,0.645751580275482
332,25,0.671085113934493,0.0899287355175347,0.554759066422068,0.658709597775651,1.25895308990481,0.643198452778468
333,28,2.20522790133715,1.48571535778318,0.635375782513333,1.24658354571667,1.19378975539572,0.672113589664684
334,7,-0.343283388598242,-1.55784743478683,0.686765939062726,-1.66510054178499,-1.03149395075572,0.708043875394445
335,20,0.392676605584763,-0.0201064305680265,0.515178626366732,0.0197198462945771,0.41097293106764,0.599108206279658
336,11,-1.09430468291999,-0.943807170902641,0.733293565564318,-1.30917773774668,-1.17386005828467,0.671236150461324
337,24,0.76407894757511,0.83481999311607,0.544096809914791,0.67270097981845,0.52927475994407,0.576320722353049
338,13,-0.0488070929910223,-0.681207146071625,0.60401931025777,-0.90852284392487,-0.526578738907541,0.641153246709308
339,11,-0.615800539562841,-0.708976638666021,0.65886022998373,-0.435059237923314,-0.788246856686839,0.647240178506141
340,15,-0.175731973075644,-0.00353257614332202,0.587863714631321,-1.03900978927642,-0.844329458175746,0.638996128323382
341,11,-1.26439560516214,-1.16812591747085,0.628352054079033,-0.528879513932172,-0.739351529402849,0.687219779143708
342,30,2.10849647770107,1.77398403982286,0.698462031557214,2.18987034780003,1.86944834206298,0.705015538999164
343,10,-0.90543451214413,-1.2472405229889,0.662148961088729,-0.550015266980354,-1.01063769462752,0.699246092227218
344,21,0.348946419995587,0.219813411266358,0.514622979667627,0.702709355184894,0.315178352586092,0.600923224305305
345,27,1.67024457341814,1.34399958182734,0.591918614301826,2.08589365811025,1.16249946181111,0.596558247668026
346,21,0.599727103249747,0.0702412460280787,0.581495847629056,1.20221627659211,0.581280464235472,0.699322895422027
347,29,1.51212435395406,1.45161320840184,0.649131833466753,1.8743485131504,1.78472280873519,0.683286013202969
348,20,0.548524328224306,0.358266066056068,0.537840378366023,0.273141139818026,0.0289754652428017,0.58517486496583
349,9,-1.58744078969175,-1.26014448903203,0.686499309525266,-1.36813443479139,-0.733614285809988,0.728417313914906
350,12,-0.902666176619681,-0.621011331820623,0.614273893466024,0.336389791783228,-0.809009785958199,0.650675350327743
351,17,0.549098971269274,0.0492832333877396,0.544000278613168,0.0253014437473589,-0.306094217361102,0.603077335133966
352,9,-1.05754348930702,-1.10108090183033,0.65249164892953,-1.49296201063703,-0.83383885256634,0.694526135000144
353,10,-0.747018005941453,-1.12116611310764,0.69115668154671,-0.445636865157602,-1.02053339584602,0.705550413228376
354,29,2.57799455893372,2.00050768142834,0.669431113602403,2.11926559622356,1.20504087846765,0.618591623951189
355,15,0.380636389900577,-0.0789994408728863,0.543669350190759,0.160539063613968,-0.285132237427363,0.603619022634123
356,27,1.5955249203039,1.59335364027817,0.60318309109609,1.47263510115851,0.926578560923915,0.597407901025971
357,15,-0.0101512303267157,-0.309633027910972,0.576909552498208,-0.481174414687108,-0.332193695241184,0.632038488209145
358,14,-0.185726505517042,-0.727315860688115,0.576405912057734,0.308549565430403,-0.274478259199777,0.645910519856558
359,22,0.734050915962227,0.349513467813204,0.51246622098198,0.439922898893855,0.738367869481929,0.591346748924377
360,10,-0.605861492384489,-1.08315814986269,0.670269713198513,-0.774144112221878,-1.03608134218594,0.680004308187027
361,21,0.519317036116292,0.31591869999214,0.534699864758074,0.823473728307372,0.325418331660731,0.608289664476647
362,12,-0.978104649839793,-0.894192095619018,0.623883085271394,-0.873624608219795,-0.429444283560743,0.730564941706205
363,26,0.587103750985835,1.29609586339841,0.566884436484576,0.533786272747165,0.66252695537185,0.577924839921939
364,10,-0.514402715842887,-1.18837996591061,0.633290721140345,-1.4396626654414,-0.581175265205643,0.679208597455398
365,29,2.26686595215803,1.33635536192482,0.639155550043836,1.67993457446121,1.66393979722337,0.672953321247699
366,24,0.31752952950689,1.08663856184098,0.558883000317197,0.933625840165688,0.549039471141237,0.585075165477712
367,19,0.0233583622398408,-0.0150408527138736,0.581620520275505,0.868042763284131,0.212881697878056,0.651206949483704
368,19,-0.432487057034078,0.345929933461441,0.57694761337996,-0.0116293053328191,-0.201122307157729,0.678045713228532
369,22,0.134963854042792,0.536785616469133,0.5208982205295,0.401063483882742,0.221062854614076,0.588784169757727
370,20,0.934583488237951,0.00903163645806006,0.514969032067117,0.304218747470631,0.461765934344826,0.579539015195748
371,13,-1.03994519481437,-0.522465535486815,0.596246690489667,-0.896632616361296,-0.566206945615323,0.625487923502156
372,19,-0.107825098398818,0.156089491107122,0.561482155505286,0.335517485759797,0.310355923347107,0.66021915152927
373,26,0.597130228018158,1.11175233715258,0.551742780106614,0.436308560832978,0.692055194500387,0.58459919356702
374,17,-0.0338331019518209,-0.137846234882709,0.539443453853259,-0.231993121386911,0.0980280871410845,0.605452427643866
375,17,0.291673684602839,0.0479429425187056,0.553371353515213,0.272368226887086,-0.314016566743124,0.648357078778344
376,14,0.0994625301700938,-0.904397944894115,0.648149031169861,-0.820748237146759,-0.318521665998254,0.733312263799021
377,14,-0.121476546493376,-0.390486620331905,0.554263837034106,-0.0460456839336268,0.040839365134696,0.597264593644109
378,14,-0.295421093184556,-0.612691385639026,0.648797053784433,-1.10907906773848,-0.671321155546262,0.710567660342648
379,10,-0.567302397524332,-0.821496489501113,0.691860369613156,-0.599223096774321,-1.10460969198032,0.667720157245757
380,9,-1.51336607219977,-1.24300331521825,0.683143107377975,-0.66182052830982,-1.23473873253212,0.707099094841559
381,16,-0.710993961072114,0.434654165696659,0.568829835827587,0.424022680102956,-0.535903301235727,0.593985346304903
382,14,-0.124969788508207,-0.6734374750553,0.599842433484756,-0.459595527762822,-0.525625003833139,0.669527230322376
383,5,-1.93866573905137,-1.53238123883524,0.705723717839147,-1.90768062197573,-1.49916904922373,0.705106204371988
384,11,0.0616287940541358,-1.18125807644913,0.616255849737686,-0.470492791133838,-0.297013918037355,0.754670553024552
385,20,0.714867280229104,0.113091423880305,0.512887792256161,0.760583217725572,0.450058326033171,0.577114472123912
386,21,0.969604344220189,1.01908159661966,0.566681340595867,1.27139429589472,-0.236849521267669,0.616670048348572
387,13,-1.19388933926832,-1.14909844613797,0.654326903678716,-1.53991029416449,-0.423907260978861,0.745781747069018
388,16,-0.788475335825293,-0.232967326807532,0.577571525886745,-0.363244839919577,-0.421781199847652,0.635617804074956
389,11,-2.39244420599762,-1.16026227803312,0.566863160130127,-1.53180577975775,-0.116304585387755,0.665542147245386
390,18,-0.23707733646005,0.0254985593110541,0.545551548502183,-0.151955881355177,-0.271677063698623,0.61095829619835
391,27,1.01694917664503,1.58328304750596,0.595404239238147,1.28101341963016,0.78494837233158,0.583729473971869
392,10,-0.392927295642842,-0.911557601488659,0.766373261877189,-1.23147408907309,-1.24960585028717,0.685462552004322
393,26,1.14161464683601,1.52319047167032,0.587154817196134,2.27027526301102,0.452338166797528,0.581423054341229
394,9,-1.58887188934024,-1.48535058162462,0.723691693905872,-1.23520783576763,-1.67753423603837,0.756401795834944
395,16,-0.539023226927948,-0.350123545187142,0.557265066034032,0.106622053039357,0.02343195287471,0.614871147777642
396,19,0.909340845391879,0.0435832988810528,0.560763046714514,0.747411098892376,0.237412947264182,0.663190077969843
397,23,0.723337726405242,0.344488779436766,0.545282734250577,0.866074730997625,0.780751477534877,0.654401892002052
398,21,0.318770369055388,1.09257900784246,0.56143999047571,0.300936073617277,-0.37729201265369,0.586620735386276
399,13,-0.950081771946543,-1.07765518855388,0.618154193713278,-0.959591343286016,0.0906080895156052,0.70910810289392
400,17,-0.449196828995442,0.144766184995054,0.597892531011088,-0.262102279054627,-0.518910373645176,0.626537068544544
401,27,1.6711032668378,1.4184370422211,0.616663989305015,1.17220705344167,0.691037852970115,0.655469320035666
402,26,1.00256410213996,0.842643691973116,0.584786370758012,1.47328018922651,1.53574485646843,0.650342004230066
403,27,1.48502042989633,1.51032849388539,0.595669898149011,1.83534801944924,0.723370025589539,0.582164873058157
404,21,0.407768576813488,0.474450704716334,0.551906699909121,0.501883253621154,0.516911479359871,0.638660144112213
405,26,1.02062599524008,0.958399172379505,0.560233676735392,0.727812305687516,0.824423701726481,0.590201951560498
406,12,-0.45977822739576,-0.6119217634328,0.598667596807313,-0.420295490569032,-0.542379987609648,0.651661470756063
407,27,2.92334643495336,1.74310468894933,0.612342433462325,1.35575601742768,0.836727761643222,0.603499747460137
408,10,-0.751251548526458,-0.975690954108503,0.603949253530481,-1.33219230915879,-0.609143701917273,0.667424856474363
409,15,0.0969236691215259,-0.343866495197218,0.522510058069808,-0.865239191064305,0.0709611282805021,0.610448211494334
410,12,-0.371045158984094,-0.811500864508959,0.641898088924445,-1.73006718183786,-0.778901383327203,0.779193040617373
411,26,0.475792319723665,1.3501576507189,0.576305720869487,0.936102739553822,0.715673296142608,0.594349870729002
412,17,-0.536766593479302,0.0699387312397459,0.558584571446448,-1.28727567314091,-0.316754340775869,0.611402899966978
413,11,-0.635797031346171,-0.455070208217987,0.591314461877781,-0.178785789526584,-0.681962430004364,0.632334956836852
414,20,0.764617184843944,0.423405403048622,0.519100083054778,0.203466130498883,0.346660786700096,0.581580589774025
415,21,0.381253062113784,0.0142214290304696,0.533974144498555,0.718276257765676,0.793499416863622,0.625812374293107
416,25,1.12448338394264,1.15462736007897,0.553889711995029,1.65424480214966,0.42727314876328,0.581646474687867
417,11,-0.877573693472787,-0.663668163434055,0.652306151540928,0.0703399691796117,-1.13672678076941,0.66610834652147
418,17,-0.502790447395202,0.210336996842597,0.53897380395512,-1.14788912277256,-0.322163262630832,0.60984235917055
419,15,-0.705662404381579,-0.872745716701425,0.629351507852402,-0.846698521224782,-0.209468512568169,0.74697197487111
420,20,0.591789307081229,0.234395852360415,0.525974818955874,-0.0503167924722043,0.306619090372656,0.586220298062976
421,16,-0.224568672863341,0.0511266633819928,0.566733667673378,-0.321281214071461,-0.224609956879397,0.600828591767481
422,19,0.297574534796691,0.486945300032369,0.539131819041003,0.0113541465322165,-0.120231971263515,0.587207895739657
423,27,2.16366005662588,1.16816345779323,0.602146921993557,1.28364927953106,1.00567413076887,0.661383703212707
424,24,1.06863198198424,0.498914196405605,0.555279060004359,0.147389141082614,0.744056546773234,0.660491374906292
425,25,0.389364626443267,1.03804857811496,0.563963959982572,0.758400457113905,0.90699989728881,0.588995842094227
426,28,1.51701870313123,1.11555721861428,0.609224136969004,1.47219080207313,1.57980160048223,0.661548933039463
427,10,-0.933049163854097,-1.24319957352429,0.682196953105407,-0.795560454783521,-0.794567675731524,0.683043948853384
428,20,-0.216285139015577,0.0596426907229187,0.583014088755348,0.023138112086095,0.0232182693437014,0.671950067678261
429,23,0.466982778131906,-0.177669989537546,0.540035346798007,-0.168976424786768,1.54553633113639,0.628283618723721
430,15,0.0187727639385395,-0.134285825958646,0.609433696179565,-0.510693262907656,-0.426686517849038,0.620899242472396
431,19,0.0923791902692738,0.205682198259237,0.565596816916141,0.249607327906104,0.114502064905253,0.662015839561692
432,24,0.631343656280537,0.163416021645277,0.538750047750922,0.883602879824614,1.11228219910677,0.636203311128063
433,13,-0.934164919911118,-0.737889727402355,0.632707538299935,-0.611601230871704,-0.837704643191696,0.68695085357774
434,13,-0.945545967346034,-0.867141059180575,0.600881258800078,-1.06572963276603,-0.537420943733601,0.66440266074562
435,21,0.183048321905696,0.942408643360762,0.557225247310047,-0.284051343003758,-0.171714593964533,0.609867117105099
436,25,1.01953026304836,0.836220903608215,0.585810593445245,0.810155563394055,0.69365823326839,0.646855754658728
437,27,1.98424410198992,1.35759247146661,0.584307175354879,1.41593520086579,0.981745774230876,0.594253462476059
438,11,-1.24327101542503,-1.22871721219513,0.635023998312145,-1.02688020259869,-0.360418648486646,0.755175205641246
439,28,2.61167811111092,1.30953267580721,0.628633747766989,1.72380298220165,1.47571967929198,0.665156464267399
440,20,0.573651990187484,0.607363572756689,0.540437190531278,-0.382727167427121,-0.229064611315963,0.600374453010206
441,11,-1.21470609645848,-0.874132548980134,0.62101548692628,-0.943180670331551,-0.38070772962791,0.717859438992454
442,25,0.913468837422772,0.778492002988146,0.545077936909029,0.571123338070196,0.660033645301473,0.591462518983988
443,19,1.14093739711844,0.491937875993745,0.524617825750862,-0.236010718308072,-0.0278401450459122,0.599451332655784
444,11,-1.61916126473029,-1.15938539091373,0.655909154264055,-1.38515720002584,-0.837421856103184,0.754266032081394
445,21,0.61385007904943,-0.478990464015295,0.524475165009507,0.195217091395126,1.09484085896467,0.651110505421157
446,8,-1.52732700827327,-1.17538873826936,0.698892980481976,-2.55467971558221,-1.12737527347208,0.725913041978143
447,21,0.443035725029329,-0.000237272739832206,0.551513470042116,0.331541141692059,0.717698499909853,0.641181239470965
448,19,1.17183482584694,0.417741747082982,0.5326357409242,0.644554279812047,0.110245247913303,0.581219194775182
449,25,0.992979780895992,1.44625075323893,0.572571315561003,1.1219261825315,0.334032112855664,0.579933098594254
450,14,-0.393968529220061,-0.927721697410198,0.634984210531853,-1.68990698696698,-0.673358975266558,0.699332604358844
451,22,0.360257637409855,0.200500878459975,0.551825415469572,0.654212496570738,0.150122782348463,0.615651512029189
452,26,0.76188884737759,0.6299168754378,0.571442539003639,0.505061757289912,1.02104445044727,0.632921778063825
453,6,-1.94089192225819,-1.54315347309454,0.699876315927089,-1.75358320207855,-1.38579549625228,0.728310911233448
454,25,0.564675780541645,1.16639106646975,0.563666676863494,1.27411421886028,0.377358265886843,0.581511074996539
455,13,-0.417081446450063,-0.987061043292858,0.679843679939208,-0.398479156852188,-0.671531365651472,0.664211711072795
456,7,-0.660575432431155,-1.20307889166071,0.741815908744553,-0.75432969116615,-1.32781793526873,0.687104781029532
457,10,-0.937967934523751,-0.808584136824718,0.690374317235918,-2.08613263306859,-0.975745499302845,0.638986132444338
458,16,0.381528016644617,-0.0202496437317799,0.543918987329405,0.055644238297115,-0.264657138570183,0.606046565449
459,18,-0.188111523348371,0.0382440317554584,0.527516555229943,-0.131224804364342,-0.0253515083848994,0.608998188736985
460,24,1.13630181454836,0.698804216674754,0.52471887531497,0.638079199432867,0.889207070650708,0.583220037194766
461,12,-1.82076154928568,-0.893736776726521,0.637309318191462,-2.1141683013396,-0.238821362511856,0.719704912483652
462,12,-0.154891979858723,-0.852094273869488,0.657922133010569,0.0331714054894327,-0.472998200647624,0.735552916027488
463,13,-0.179145301464445,-0.50581363401109,0.622676038362295,-0.271765712023011,-0.707581449523517,0.647951497932958
464,21,0.729701130030842,0.153137526224642,0.552234660425468,1.53491325787932,0.777098749615467,0.635732600775347
465,23,-0.322281288381909,0.246748335019361,0.539720475885458,1.20667925837838,0.770884802609492,0.633462701845243
466,24,0.57342638757657,1.06141276886611,0.560057897428084,1.1935174299443,0.533690430487915,0.592371630993722
467,20,0.427301566239043,-0.0648608037895579,0.5904970519817,0.224979265359297,0.380248436547352,0.654325287926846
468,22,0.292009686622188,0.0100975421548289,0.532646513907768,0.874680491299195,0.847684219991515,0.658166058715831
469,17,0.0720128107922734,-0.831327556095023,0.565903475415656,0.246719846302806,0.626237627621486,0.679766508708063
470,10,-0.127626418181676,-1.06366282279469,0.658607059885729,-1.27534979098342,-1.00675358674946,0.701132584441976
471,18,0.512502192318305,0.0355748935963761,0.525913898651407,-0.495937497276904,0.0114865973219123,0.590735579676193
472,27,1.43841874957976,1.24839883600925,0.570567710658277,0.894716962846887,1.08452083838772,0.592917554712185
473,24,1.25629377835563,1.10993303231804,0.554146428820488,1.58320120229267,0.350777351632595,0.600643239072199
474,26,1.79518875242592,1.14899845132914,0.56738454326555,2.01997938030329,0.879901062957298,0.591203715201942
475,15,-1.21411939845128,-1.09980025231752,0.667204402381759,-0.357767028474881,-0.00492464654779084,0.794771084427218
476,19,-0.422997569012982,0.211274778998431,0.55364508133029,0.0548340003545074,0.204641941711784,0.606721645247604
477,20,0.37329312510484,0.977248201073018,0.546934917122953,-0.240629845018223,-0.341607082990982,0.607235038121955
478,13,0.0820569751174709,-0.330059448516897,0.57646909760506,-0.807812693734928,-0.632195486387655,0.639162861126953
479,15,-0.0813153877901417,-0.475950605502429,0.547895328070067,-0.439315213431809,-0.227550158096711,0.632068986291157
480,26,0.600871473530914,0.55003676589123,0.565055898470614,1.53763792380857,1.56397534695556,0.641760494005233
481,23,0.481291379056327,0.747399079025622,0.546505495486208,0.53222740266172,0.251363003991352,0.579113830787448
482,14,-0.428233991854222,-0.503190640373208,0.55335021330147,-0.57650845276556,-0.35091829295773,0.623863161601838
483,9,-1.15582875867933,-1.48876873145706,0.645095417554006,-1.08565472884857,-0.800441598947344,0.76502238228487
484,28,2.18299294102307,1.12535504089311,0.612786277132036,2.30715401042338,1.44757198417555,0.659832997467404
485,10,-0.478371406886245,-0.568929561960543,0.610631598892603,-0.882314911748811,-1.01647305720938,0.646655085110956
486,11,-0.669509030209819,-0.79588415178739,0.69204251274533,-0.957140158757108,-1.42138539602753,0.683133275053038
487,11,-1.3994965009407,-1.51789612098752,0.723022865727808,-1.46590195156953,-1.16119131036015,0.711703014134414
488,23,0.0322343678971035,0.0879226450841419,0.554613283323779,1.12581560168926,1.2210910612331,0.615938245720712
489,16,-0.0405054985246703,0.267920182756299,0.559292769117953,-0.547703550788312,-0.514299850674042,0.621590621391022
490,24,1.41300750959016,0.974934834315137,0.552743670604693,0.44695648965419,0.659001458388889,0.588586215170952
491,21,1.04408406371269,0.920198803286967,0.559845253975172,0.744175088735473,-0.0772040042208631,0.6008973253036
492,17,-0.531015340123539,-0.801469381898565,0.59402393393534,-0.276566584822653,0.138623860921091,0.718793541647819
493,21,0.964671663237891,0.27780035358372,0.542433150215355,-0.177258458269698,0.353024819178017,0.598375675504259
494,15,-0.183469053933429,0.100587629980854,0.596156419266226,-0.173841345600168,-0.577455475569178,0.616861221647369
495,20,0.604678621951709,0.349220556264698,0.510393345882731,0.333837184402535,0.224337510499425,0.600497179126991
496,23,0.766454433889765,0.757559754188728,0.58790881699422,0.13412184963171,0.216603906509944,0.649098298931079
497,26,1.35555474223924,1.52887076364536,0.584450876543559,1.95237710043834,0.257915979107985,0.584006694974273
498,13,0.0554373507089637,-0.251215350160278,0.643247349935646,0.266304750191014,-0.711353986074484,0.623136131857612
499,25,1.19450314600843,0.336085588483693,0.544272799346561,0.729278522563345,1.14992195027956,0.623580347762797
500,7,-1.09186154107913,-1.12674474861974,0.621524384568552,-1.25759820009348,-0.932890301493029,0.676065140018181
501,28,1.09967955835419,0.969561004688562,0.589502313645178,1.95522675665518,1.67405565019812,0.657626753580779
502,12,-0.629834523325499,-0.832920609158187,0.695960300308263,0.0589634990822011,-0.936167704021979,0.658820603565553
503,19,-0.158788935844099,-0.29568195707572,0.542487649275593,0.458545951638804,0.72791978230985,0.627848427661308
504,17,0.114987698331482,-0.0919670031474931,0.576767181494441,-0.0575732960593304,-0.365931396361565,0.625572585990659
505,17,-0.269099482003908,0.528141046038507,0.57076063601196,-1.00965176679435,-0.57791828148359,0.611750588743567
506,13,-0.436120382818186,-0.473416479146232,0.619535046738167,-0.7233991207044,-0.472432230794753,0.605009558078912
507,17,0.64723463799118,0.0379067748849292,0.568251622413994,-0.48632719342349,-0.354315043428891,0.618828497106133
508,22,0.570279130186011,0.511091474354898,0.587682302362078,0.495853071320666,0.157817064006128,0.660687356462654
509,12,-1.47034836703717,-0.391930329871644,0.673477238380913,-1.32555008552026,-0.999174212606568,0.645565787155932
510,22,0.589965787083586,0.645738123968979,0.536273059020455,0.442662678015716,0.383050141371759,0.577857878729167
511,19,0.269811003430206,0.112517136935085,0.541076781488459,-0.0514698092418658,-0.0922291451770093,0.624841626409253
512,12,-0.802040157719788,-0.608278314823729,0.538005804846231,-0.307048809663262,-0.0472924529075085,0.628755468298664
513,21,0.987796524032225,-0.0769377660342039,0.553566955271256,0.592911448367154,0.732350140255194,0.669949906253878
514,19,-0.0701649282295051,0.234607569385563,0.576545095140038,0.0553960850560978,-0.387176734224886,0.622752943740853
515,12,-0.0910466816700233,-0.861354948406466,0.697510495249841,-0.405163078402309,-0.910453594521684,0.66867679193067
516,17,-0.274145107958964,-0.125930487092594,0.518770600329429,-0.242898870290105,0.155016433377809,0.601625850299281
517,16,-0.139890481665553,-0.41054272451935,0.561178981769012,-0.855589207595213,-0.254461860157283,0.632207239580889
518,24,0.535657752826667,0.381066051219621,0.575889135512023,0.55315920882484,0.834375049889817,0.639883638071499
519,10,-0.588813522560445,-0.724842965138891,0.619990545659936,-1.3238297811696,-0.86927659526835,0.645979956464632
520,24,0.482191824322327,0.360989175126767,0.55135504142833,0.510007906685128,0.894454860262053,0.651267423361093
521,20,0.88913191215089,0.494713321902984,0.525247380652537,0.176414714838479,0.12015977969675,0.580095482110244
522,19,0.31402339671483,0.32753288800553,0.555023965837382,0.285679025551092,0.0643722580487912,0.58384695013142
523,20,0.750731286735577,0.0741153558754229,0.565339834340955,0.177636419656203,0.163550334697357,0.67223572408519
524,16,0.239213016166773,-0.0160096094339907,0.539967839099219,0.131867366615344,-0.156494290754617,0.61005113489532
525,19,-0.355965989982659,-0.389860989443824,0.57870923414532,0.0551821542383938,0.261428828344591,0.700772337691906
526,23,0.44012227786948,0.0363014833152628,0.533710655901266,0.406048601064817,1.07995566758481,0.646698903178827
527,21,0.475015001230779,-0.0766575978255083,0.560109946896356,-0.00923132466053217,0.562937732894551,0.657507918589362
528,21,1.2674260598496,0.472979407272582,0.583415105750556,0.631965516200044,-0.123965576050976,0.597880798381963
529,21,0.981595914406466,0.554628418348527,0.525363552478285,0.230582060185835,0.372175339199793,0.599481228492763
530,17,-0.25005675487935,0.406303094474392,0.591859799384003,-0.683697811317794,-0.585921793292365,0.606820906188838
531,21,-0.020850972433568,-0.363828009240329,0.590428117160103,-0.211435474501044,0.404044329907554,0.674977552246029
532,20,0.000221262371192221,-0.0123416501664546,0.553479664048821,0.587789100305329,0.171179361346933,0.608038908501393
533,19,-0.215315442048329,0.139509263740555,0.575178902660258,-0.169738629878356,0.0427420411558448,0.663442970785682
534,14,-0.589375788136872,-0.927416204536108,0.660986958805172,-0.667784711854998,0.0520494487188087,0.708608977726905
535,15,0.0931926154979226,-0.0569289178029637,0.558243901843579,-0.180895315224727,-0.24739332481127,0.618497853108947
536,19,0.571607665650912,-0.224477523380568,0.551588518090372,0.34913239922985,0.64469281401214,0.651926872252968
537,10,-1.29283130269777,-0.916244653280544,0.658172730237722,-1.80437152985594,-1.16995199940704,0.705567230119366
538,28,1.15865210582879,1.65198249709958,0.652069775762792,1.32996963995362,1.25224853109198,0.682544926961314
539,13,-0.961093846969495,-0.408474458215849,0.587516422367054,-0.282835507898058,-0.298327535554337,0.610542137652714
540,26,1.64845039313453,0.954623192643108,0.589096735530958,1.33406310258485,0.853132352257595,0.64327093742368
541,19,-0.269981066693172,0.149181545381001,0.55516835184333,0.0739634861295468,-0.0027579057166905,0.589133747988337
542,18,-0.154947218461527,-0.0166965453504477,0.531771906934055,0.61725806465542,-0.0899735501327115,0.622284105870006
543,22,-0.205213877412376,0.428573959082066,0.520347376279777,0.442400676109829,0.220786136276988,0.590823497755737
544,30,2.73144442050873,1.77398403982286,0.698462031557214,1.79197381845334,1.86944834206298,0.705015538999164
545,16,-0.282506289489973,-0.384683194419932,0.550005840748794,0.558261741825651,0.152333203145477,0.598273459960916
546,18,-0.750480015518094,0.00306318526663772,0.526890663505028,-0.190917719498473,0.130998172101963,0.603777102390811
547,11,-1.68892448934161,-0.456270501036902,0.660902154684255,-1.65824578198109,-1.28706086905046,0.650754091152204
548,17,-0.0608527722112376,-0.121497669097656,0.510179149916245,-0.52683564115736,0.112557264555234,0.583967203445486
549,7,-0.757064485435022,-1.08786436950893,0.637499593252706,-1.24630874408875,-1.03710261567675,0.660100030298315
550,15,-1.0046747885105,-0.639288263565485,0.57002746308011,0.318681503338435,-0.230249890597968,0.640935268807786
551,17,0.742176463750254,0.119632634330023,0.532118497577544,0.0120171206939812,0.0918055403778902,0.596060709393248
552,18,0.438418791783106,-0.363037738705474,0.571100720331907,0.221303149664477,0.393770068453102,0.683677053771334
553,24,0.934270430958233,0.983738494411613,0.556478177659589,1.25177125243349,0.426710098281737,0.597560132532709
554,15,-0.749871031995721,0.029436255056805,0.586073837148013,1.0840588898787,-0.597329208359465,0.602685872347715
555,18,-0.405584412469239,0.228121868961591,0.550614980756752,0.527934928858686,-0.126703233642815,0.613740738154126
556,20,-0.534250847127163,-0.0891907968025782,0.575650536138372,0.456052888910095,0.466121228081663,0.68083922910535
557,11,-0.671463938586472,-0.987286507481393,0.611886635849926,-0.687824587177862,-0.567995674762968,0.662488002285064
558,18,0.0906848570007594,-0.090275939928301,0.53814846540217,0.214389854061496,0.232275253819813,0.605165861611602
559,13,-0.761318694688563,-0.348161277317356,0.590716326915157,-1.03008473301568,-0.609785739519701,0.631410782197406
560,12,-1.27886753265168,-1.37155072064591,0.588830709305112,-0.915640159772449,0.203019374484114,0.73371547115931
561,22,0.300736250283528,-0.0741657253738477,0.533428856562675,0.237903229510235,1.14946571975166,0.642903551630532
562,21,-0.0217357980299589,0.297408851340548,0.540150627226798,0.154032084358782,0.159718776546352,0.628183524844751
563,23,0.671291889578507,0.701179796399999,0.539422479428645,0.402422228455169,0.722805231807113,0.588298658805481
564,22,0.671079510311087,0.565704206992235,0.530652572827723,0.986776045293823,0.314643946779638,0.59382786015432
565,27,1.42707101614308,1.59335364027817,0.60318309109609,1.89425047443976,0.926578560923915,0.597407901025971
566,16,0.137538079611715,-0.584701481593103,0.547359328754381,-0.102764496073241,-0.144340372375969,0.633649687315093
567,21,0.614846758495527,0.385221779246872,0.521322870403361,0.665847337823003,0.495804705283883,0.57820387991193
568,6,-2.49672048777815,-1.36630266558164,0.705147067412761,-1.536024666012,-1.56405563021771,0.711449691973534
569,14,-0.421662662201015,-0.723683616254551,0.660725379000938,-0.317161071746326,-0.614150492466378,0.727099307315115
570,14,-1.09625990322826,-0.493441296329877,0.604820179849904,-1.72700646025671,-0.472844554027983,0.632790506912963
571,14,-0.813801697411531,0.00517157154527071,0.651597025303919,-1.13615278880604,-1.33100804121284,0.638045847095415
572,27,0.830772683753211,0.918729986117018,0.593393840459173,0.377153915321676,1.26858969551351,0.65174124645966
573,16,-0.519983128947256,-0.600910647223437,0.568407910201874,-0.440864006129832,0.295415556603943,0.656224066407403
574,18,0.324342429967479,-0.191571522830773,0.512062342432289,-0.186055167832423,0.227420880627074,0.598924133658566
575,12,-0.439016393276479,-0.371054859390867,0.598080616617403,-0.559977109965867,-0.71528152985142,0.62730328986968
576,23,0.655413121041779,0.242924511211744,0.574708818292873,1.22998005174475,0.618990442402762,0.674876488452835
577,17,0.332359265582466,-0.012059592064653,0.550744455472343,-0.174741391872243,-0.10925738247451,0.605787315137218
578,10,-1.20076324086572,-0.93102333976024,0.768465730221853,-1.74825536906405,-1.40162747105496,0.699907570018863
579,18,-1.37280027132994,-0.344733237163483,0.577713314543547,-0.0733712229595485,0.395725948398429,0.648497939895857
580,9,-1.77049173071546,-1.38515208733128,0.662929457042669,-0.865700610468048,-0.78564867691373,0.772066262354211
581,14,-1.576989408642,-0.891056207866355,0.633607650656296,-1.54937403255343,-0.702643508900502,0.691523601473649
582,16,-0.376598239744584,-0.356159309628911,0.598585387239259,-0.237594337586632,-0.0428346790965506,0.674552441866108
583,21,0.029500233324126,0.362366753016096,0.552261305042713,0.0991557392096543,-0.00873813426571455,0.590219690495692
584,22,1.03225991160307,0.590232031955303,0.533098860200958,0.853787826513363,0.377569351837363,0.570963771488582
585,19,1.20363923914659,0.0915414250213167,0.52326900161918,-0.432859687090753,0.252766151209985,0.586395634122226
586,15,-0.973156978173846,-0.172660187858972,0.593976229848468,-0.725460437675513,-0.422435582779183,0.618457459210365
587,18,0.0029690262444097,-0.387043643535151,0.528256299380087,-0.507422480555455,0.305760092886415,0.6188497187495
588,13,-0.919555882118879,-1.16465925987718,0.653110014407155,-1.11319879358399,-0.588202053865157,0.784551600310894
589,26,1.03249309072397,0.95950941847507,0.59500554418056,0.71619513916297,0.78276751911478,0.649719455469793
590,12,-1.48057859408695,-0.995242348451968,0.655104991297074,-0.45771131719655,-0.714507776288577,0.732760636023093
591,18,0.795139153019555,0.0304353277197162,0.538643851559316,-0.5371594885536,-0.138392514930755,0.638967920183371
592,10,-0.962088752168029,-1.05050000640122,0.63158405851203,-0.7040572015411,-0.773488226645734,0.669948666319993
593,14,-0.389565056492988,-0.609026283603112,0.676801181017976,-0.835612408431361,-0.764654259326068,0.716440545441046
594,16,-0.6358304780936,-0.151366072750721,0.570477561955896,-0.0165897241930971,-0.449159608342991,0.639579880625483
595,11,-0.450349870618963,-0.980962357123319,0.612892877849596,-1.08467824364307,-0.796740328056959,0.698297808323336
596,21,-0.228895722730944,0.767473774104915,0.567099026975277,-0.831281192383932,-0.225592724676056,0.593388050468208
597,16,0.539388938420255,-0.0731293330257196,0.597022487251372,-0.106435624148741,-0.428844085444923,0.680361032048347
598,14,-0.394666459139973,-0.591384643766287,0.561159857187223,-0.976795069205666,-0.2252999721598,0.640566753593751
599,16,-0.98597873517239,-1.03796968464047,0.606132290173155,-0.323291351024069,0.092709198399389,0.738317230666945
600,21,1.1970336931248,0.749015783362967,0.548874517041591,0.351830582506847,0.0485842084508924,0.585452333376189
601,13,-0.956505310946311,-0.321722699101658,0.657234772754041,-0.450712658708758,-1.02168879200211,0.65877885317044
602,8,-0.947009002571414,-1.20167194014523,0.699277935810652,-1.768731492397,-1.19690377382801,0.728255803191343
603,18,-0.034376692823181,0.220152290934069,0.561984432017676,0.19002367754381,-0.158866781380279,0.594110428405988
604,25,0.0575607132761114,0.856467334795947,0.574222887113968,1.82523060253759,0.943710698719794,0.637395033172235
605,11,-0.453803989720313,-0.759592932971998,0.62210351886929,0.147440555544824,-0.617179613463533,0.716006346751632
606,9,-1.76610062522618,-1.26520109967827,0.776522083882483,-1.29222471603684,-1.42139781916076,0.697483905368202
607,19,0.0999132752574206,0.32315909305411,0.541664375303155,0.181557946657263,0.0496992148250337,0.590087475584983
608,17,-0.370695256239268,0.485981697226258,0.568971893522387,-0.638562464703202,-0.58273400734987,0.59607927242258
609,15,-0.730278006706921,-0.171750108245904,0.527395683267315,0.29605418929089,-0.0354127273960605,0.578592646369608
610,7,-1.05823143257989,-1.38608628062715,0.685076755363238,-1.22935257016556,-1.06591938619085,0.681712157144525
611,11,-1.07345979657325,-1.18747314601115,0.615729843406627,-0.794359427822936,-0.17543193083413,0.721190173787998
612,14,-0.539176191347295,0.0948780060099955,0.609730447682028,-0.228479116768373,-0.729162951064737,0.624091651273326
613,18,-0.53518689702619,-0.693528396565244,0.554808595435352,-0.211552708573437,0.624181388171867,0.708473362147207
614,29,1.16985556777578,1.35386504211002,0.642201539643602,1.62042503314369,1.61782398777132,0.673055080746903
615,11,-1.67325483873982,-1.01622127264819,0.628648508099309,-0.217256415838067,-0.572453081133697,0.736658520343965
616,23,0.611180304629712,0.484972767771225,0.58509328328164,0.516298019239233,0.702511304742651,0.668733630209226
617,20,0.154773891613346,0.583219908323517,0.570130807310637,-0.240996627568697,-0.155685042922997,0.577239056496357
618,25,0.757027084681988,0.758005952247302,0.583086101400605,0.398489423182571,0.731249087553842,0.674018316542507
619,24,-0.0938008305478626,1.25971175728445,0.569428533980355,1.2811850632563,0.0373611629666744,0.579692942626922
620,20,0.110123201097404,0.0711477738120302,0.549675674915649,0.197802981253273,0.639128908389557,0.677850855925673
621,18,0.1645096238728,0.112809459233851,0.569465469850718,0.122107036582326,-0.218910814931378,0.67763039188561
622,20,0.438278231245205,0.41083562964662,0.557577068884081,0.971425975082192,0.0557767399154816,0.598361022642591
623,25,0.723012894369591,0.972636356950591,0.551465089489117,0.451450334045955,0.615712048900177,0.590593512321787
624,28,1.26100043768637,1.42406037027866,0.632146908742375,0.851368081378522,1.2835624051027,0.672775178876696
625,25,1.06352884809526,1.13852588066932,0.554771335934722,1.16698446324221,0.514463367218051,0.597806054376685
626,14,-1.4094710761212,-0.438835942197654,0.60803176167188,0.1049920408311,-0.605852454350155,0.692061239412712
627,17,-0.416273778448594,0.174040763557499,0.546712014858357,-0.848700434717312,-0.415677917869628,0.612809625473847
628,21,0.810281081916801,0.138909208751148,0.516619844819068,-0.640227227535931,0.343967888535082,0.605731959142065
629,9,-0.777467019406242,-1.40653444778132,0.643881440368571,-0.792680137290559,-0.747836212075314,0.688826493953944
630,12,-1.86125434700668,-0.84465861023793,0.632865831974667,-0.894421904704344,-1.00507857857004,0.687119596831334
631,21,0.393187510059539,0.50254509779617,0.53169789826192,0.577480792178536,0.221323074560894,0.583131904117384
632,13,-1.21357517491799,-0.76567933958398,0.703358990776398,-1.5402184000488,-0.744384524268664,0.731548494040411
633,27,1.03166439181106,1.50278345946143,0.592966309503765,2.00042623092592,0.723186726443478,0.59511750652335
634,21,0.881907434435171,0.339283166321999,0.525926511651315,0.123110207168631,0.36694636440434,0.584706955786143
635,28,1.38076102027943,1.44615626004118,0.605617891166317,1.48404010812963,1.02373033754882,0.597269846399137
636,23,0.244787020012108,0.611383097351427,0.515745771649871,0.232917808251842,0.63029967801283,0.571769206510786
637,14,-0.179563412167773,-0.736948826314846,0.571781127161837,0.269794188804462,-0.0990159742529627,0.641214571043711
638,18,0.292456200532057,0.127707024697431,0.53193421687627,-0.0394190217285283,-0.0989396311307935,0.593393208500782
639,8,-1.16224588415255,-1.41135225165092,0.670070831496284,-1.97630244485904,-1.30288800321701,0.719390469326539
640,14,-0.112420765967502,-0.218274411909573,0.619631536896775,-1.57941116146153,-0.934226867739212,0.640304332994186
641,21,0.633614501176046,0.00716157663972671,0.542966438641554,-0.619557578488923,0.75712922678971,0.633814987414101
642,7,-1.48343601754812,-1.40658656062451,0.686620512309064,-1.45257799998815,-1.36493299975906,0.694719141558661
643,18,-0.390452964294836,0.0325369610630913,0.575309517439776,-0.232550056837093,-0.319084929342082,0.627610451412915
644,8,-1.68530623786352,-1.34761476013848,0.716584466074173,-1.80416375078332,-1.71905028591377,0.706981066257435
645,15,-0.901284936320246,-0.664271150015199,0.559121986431973,-0.43827600820296,-0.0125035598744398,0.634818838145228
646,26,1.53090088000554,0.848393772386838,0.581792559492344,2.49682667993365,1.19050500513323,0.651857556072059
647,19,-0.0671720734641157,-0.0457406731676795,0.569299715981849,-0.688734209604574,0.189472772645535,0.66778465728846
648,22,0.811346146973759,0.416413850735344,0.529962088833053,-0.183111917820401,0.356121382118366,0.576875390685769
649,15,-0.57237761058409,-0.468746295762525,0.574423015007317,-1.23873109675529,-0.513424537208512,0.612180289734339
650,13,-0.0230813261827736,-0.460337928252179,0.58055046421036,0.195376010802,-0.278735897438329,0.63234781791466
651,16,0.176780902300245,-0.0709308470356285,0.558894774673258,0.348479530745458,0.018005392048346,0.651909846764353
652,15,0.0844753343019436,0.186953555680062,0.603985080677548,-0.256662473855539,-0.759152679748597,0.629938887883592
653,10,-1.10693782540668,-0.7070750165578,0.597285821975564,-1.01857944858059,-0.840143279475619,0.654778773032848
654,18,-0.437998523479802,-0.531877118404651,0.551813832580881,0.0697936577784845,0.706019894683191,0.655177921003796
655,17,0.396132304833315,-0.34926581648146,0.581857439564209,0.650402755464913,0.271637116620566,0.677355245248822
656,23,0.38249568262022,0.433936689550796,0.553927294538587,1.55873010672188,0.617920140691859,0.642909375282475
657,15,-0.237291843795321,-0.678556605131015,0.605637409258825,0.490139697772655,0.0815377663190487,0.707335413766048
658,18,0.00602275493554699,0.279227689825753,0.557059669876461,-0.461587549104574,-0.31453252868849,0.621646104438779
659,22,0.445879254361621,-0.20769360394676,0.51790339233944,1.09810083945092,1.18408082807876,0.636237418314762
660,23,0.644050553921397,0.537844483425276,0.585006690561654,0.304801101240568,0.453099084417515,0.654523766948936
661,28,1.43953779130757,1.12646986650353,0.611901554599324,1.11999617578655,1.42291525747114,0.659326323822088
662,27,0.966639243136192,0.787584034935012,0.57145152242241,1.77592053420073,1.61613723064818,0.649755815999023
663,11,-0.41400357653698,-0.79237807989754,0.675490989860625,-0.263093894597322,-0.791365541848447,0.693996224705395
664,22,0.842576341614991,0.0610404626704475,0.539146014658965,1.88743625643382,0.902845071121027,0.632897733544972
665,9,-0.760364653877558,-1.26873467692479,0.686168043447989,-0.881686279044777,-0.964985494429876,0.718879941314258
666,17,-0.51162705060671,-0.103019555653457,0.569192036559075,0.393084774955177,-0.107898937276506,0.630236614263266
667,26,1.30120057117869,0.98740378312687,0.582242295828742,0.893492374531485,1.0012939883291,0.63924872561287
668,29,1.74945232018882,2.00050768142834,0.669431113602403,1.15163200950661,1.20504087846765,0.618591623951189
669,25,1.1782254310269,0.379224255396467,0.554349340005532,0.833715966838147,0.897595749427114,0.659814827698012
670,12,-0.490239948527074,-1.05698082882743,0.609502231799265,-0.416815749585824,-0.144968188428325,0.727804726446086
671,14,-0.11739359635696,-0.586501681404007,0.605394500903814,-0.0325442440428296,-0.0439652162597366,0.670797447114458
672,28,1.07163251500244,0.969561004688562,0.589502313645178,0.636158199496384,1.67405565019812,0.657626753580779
673,16,-0.182982753791282,-0.518563836930886,0.552792464117384,-0.185983588496509,0.288704095648941,0.665335643234868
674,14,-0.742609920619499,-0.395548576573578,0.587541479492784,-0.753865634258426,-0.550449559242899,0.626865455020175
675,24,1.25565213545485,0.844527797625652,0.531266406592056,1.04684320339048,0.69564499822274,0.571518517984789
676,24,0.729349061257316,0.600929620743855,0.571336549603328,-0.415221655712253,0.927422345157535,0.65667877620487
677,23,0.77954811347844,0.724198794366923,0.532124166124819,0.411738750204437,0.330461354015793,0.577953522327211
678,9,-1.0483528592211,-1.08294626899373,0.648232653795095,-1.77420735621787,-1.19284146117101,0.702382357890849
679,12,-1.26792562757945,-0.62975408914828,0.660268692436026,-0.616267289110909,-0.910413494979676,0.665663876173092
680,10,-1.12919025260013,-1.20382853592464,0.69564389174731,-1.51989274197027,-1.12721806598678,0.700562896108426
681,10,-1.7170046397942,-0.92242795639361,0.698390198415376,-1.65315973034349,-1.27534163101195,0.715145053753504
682,13,-0.0704662873093027,-0.567979805284383,0.597391372150283,-0.025148515681635,-0.379316642565905,0.623616588610649
683,21,0.648429022702353,0.708185301047963,0.538151892468562,0.47052190211748,0.164795984891654,0.576464724449099
684,18,1.05750202451663,0.34341807979124,0.531338018890383,0.674910255910541,-0.0236000257516385,0.592880261772472
685,9,-1.89990435944231,-1.22366779337679,0.662618959268909,-1.0711098444823,-1.06250689287114,0.710246005723975
686,25,1.05539690346155,0.522849511698746,0.546761041159378,-0.186878001801438,1.02428296527292,0.627436780299578
687,16,-0.65588118437967,-0.358786521554768,0.559250114207331,1.0476209592284,-0.299624430991115,0.647173685229844
688,15,-0.432101512568176,0.188535819901323,0.58753247952137,-0.216764201618023,-0.794800306591278,0.622144629522277
689,15,-0.756373304567665,-0.939181496927037,0.608179149981919,-0.606596165486212,-0.475430280003424,0.713538387657988
690,23,0.399866643777694,0.763890526207999,0.58613752463968,0.438928704232392,0.00484381163827387,0.706989473411545
691,20,0.575117876000514,0.441188679574146,0.54317174412187,-0.427853549720614,0.116470899671982,0.582948535588872
692,16,-0.0523401797924761,-0.415067195191593,0.622295100461322,-0.278115666456022,-0.665285538683692,0.714970281671935
693,17,-0.392143287484667,-0.447616856157205,0.552359493265898,-0.220679047883798,0.458799881553996,0.674969142158237
694,15,-0.512078912714477,-0.695360496143636,0.583645386143279,-0.748377818769897,-0.341802699716192,0.654490343349584
695,11,-0.712282055726413,-0.808543513318417,0.639425578163617,-0.626826663146887,-0.705927885614073,0.664533732632213
696,27,1.56258449095042,1.39123098582113,0.590984162150945,0.630883826232897,1.0518871562283,0.59587106254721
697,12,-0.940197554717207,-1.10119919342974,0.639804341880298,-1.83061028247017,-0.485692741812576,0.73770847068072
698,16,-0.49472206619906,-0.154678306480167,0.527035093784427,-0.382738772301155,0.0150558642839873,0.610803996025077
699,29,1.79449731337843,1.46090251045458,0.656474761087604,1.39945466130685,1.74226651115529,0.68215876004316
700,20,-0.0119914243938739,0.647888051372084,0.567167950319255,0.6553797874105,-0.222928570972392,0.592324509681352
701,27,1.43923333734172,1.34546557993701,0.623859991568677,1.23445485037878,1.21025501913139,0.666009889313532
702,7,-0.730190421593887,-1.40176397855661,0.64682795116693,-1.10343363214284,-1.1548115232387,0.700356802781536
703,26,0.914063039101725,0.706461762395328,0.567233545306636,1.3832719995186,1.12974231181738,0.654249253327759
704,13,-0.12572795588515,-0.757784422844861,0.628913678092358,-0.374085800631058,-0.478639209030398,0.649952427757019
705,16,-0.485568626676902,-0.189778478705541,0.545189652944598,-0.430683669493027,-0.193030080285643,0.615130019021478
706,18,0.373026305771059,0.625254658563956,0.565510217367216,-0.0193605742807286,-0.300669882675975,0.594051399910955
707,13,-0.683597804746977,-0.805881120029085,0.712920777333756,-0.922642198755675,-1.31795692594399,0.773139266369291
708,14,-0.133912739233546,-0.103713540983379,0.567087924962006,-0.00834004193554139,-0.791854917276248,0.625931617953831
709,28,1.31246820360669,1.59638051625645,0.616891207174042,1.7767229621606,1.06563293755742,0.60114702260392
710,27,2.1657437475166,1.38524462018934,0.589850438621721,1.82196867947506,0.780828111722826,0.59674088515996
711,13,-0.437614704222339,-0.860160974815049,0.628151432201209,-0.650047278835164,-0.558295460991835,0.683543303442273
712,13,0.165320564950036,-0.470470754350951,0.589691822656344,-0.785878667228041,-0.782723676582528,0.680712341733974
713,23,0.310104222687676,-0.0828038504624768,0.569034826719603,-0.33281612746392,0.770108965989986,0.643175195155403
714,15,0.258121482479049,-0.306126978146725,0.529579545770738,-0.594624029682674,-0.056703052408319,0.635689838644387
715,18,-0.299327457177955,0.0106525202534562,0.552841594818709,-1.08210440039005,0.0381553472761267,0.597471095543044
716,19,0.651631829660821,0.0567873935956522,0.51360058601397,0.0405403582670238,0.534154288692715,0.575381736141979
717,18,-0.278198106021585,-0.177489209715359,0.584861534871897,-0.504649406412952,0.000770727959859123,0.722997173570683
718,21,0.598446275417846,-0.111609142488545,0.545122369344613,0.439273863386901,0.942257573245212,0.651913938658583
719,24,0.465910790381893,0.684891766123329,0.529396313211744,0.295700909117402,0.861501297624561,0.583837265649597
720,21,1.21227324202491,0.768656930902329,0.568446957032242,-0.0734877237737264,-0.0722912430754161,0.604615203814372
721,17,-0.0979195602363058,-0.0962142946338745,0.572085705772478,-0.592836813505432,-0.443475402149557,0.642216437701661
722,16,0.836119031113121,-0.165502847987116,0.575415269917935,0.416886615272264,-0.0608404586197177,0.675931229570509
723,23,1.33182180193739,0.961841659073002,0.535391074958813,1.14634258978483,0.435623999388307,0.574301218105759
724,24,1.54613587546293,0.814292764760065,0.568553752027071,0.52569808425721,0.549117254804047,0.645486195828937
725,7,-1.75992171999662,-1.44069326609237,0.649729561346414,-1.1971456959561,-0.800041182506496,0.669175615459485
726,26,1.52930398227575,1.23525909773738,0.597794348489774,0.896104644089459,0.768749268334305,0.650502926073443
727,22,0.915273462516488,0.886269407529363,0.531328081991897,-0.0890057660484274,0.256994351732524,0.596200461571666
728,21,1.22820564353095,1.17932445471713,0.560028890715653,0.304950948810893,-0.0955224149659791,0.57381879429165
729,22,0.401236818506016,-0.149985798629567,0.534531233934696,-0.0971562945758919,1.06803764303052,0.617509015933402
730,11,-0.97190628444172,-1.08703400659941,0.699312847610794,-1.15856924452953,-0.926535035238935,0.720110835188097
731,20,-0.159664992118573,0.0740234244606344,0.523087698683906,-0.0654886609145054,0.412705197117001,0.583076862381318
732,11,-1.35297622464847,-0.824684419247734,0.625510376421047,0.0299112964298547,-0.751099926931656,0.661035699398428
733,14,-0.617027822956032,-0.734399259431333,0.579700494870724,-0.604133862563404,-0.329579109199932,0.649064103994152
734,9,-1.56348566128746,-1.21822816418632,0.642316587327401,-2.17781751317512,-0.831867073832743,0.737566796966652
735,15,-1.65547928351765,-0.570394697804246,0.719482898913837,-0.565524619791146,-0.557464540101952,0.673125325542647
736,22,-0.00711218255814958,0.294868331414169,0.56868287730776,-0.322221781919194,0.423514906216727,0.660754672289706
737,13,-1.39878971286819,-0.760527494248853,0.634974984073654,-0.846522404377669,-0.380818724485607,0.682230679692647
738,13,-1.65251280277731,-1.00390856569872,0.6370068979412,-0.403204208054013,-0.203096399398164,0.714699083025705
739,12,-0.722808310953607,-0.533548418562467,0.572730946139844,-0.258707803123145,-0.362075660685675,0.621197630073817
740,21,0.244326775507046,0.581389814591333,0.607589964489332,0.984731221398199,-0.153342968056282,0.665128309984517
741,24,0.769421815112052,0.645517810673191,0.569228141805493,0.950205795869043,0.857663795804536,0.636746027713902
742,27,2.18612732165997,0.958174139760001,0.578935273440847,1.18225915458819,0.973189373441481,0.640371530668587
743,15,0.123165600598364,-0.14506942148992,0.552314101038347,-0.627164681940521,-0.285860277125263,0.624826148552738
744,9,-1.10372424297894,-1.68555858400527,0.645149256892453,-0.433988810606677,-0.371155903208975,0.781201063397997
745,24,0.764912913702113,0.500861254769885,0.560403668954939,0.95022847434726,0.889654216382201,0.628564590735824
746,19,-0.407431571559033,-0.438731378838544,0.553078699276817,0.0184898178282602,0.608992962840093,0.671321910407311
747,16,-1.3806549983676,-0.465845262566397,0.567560434566787,-0.440046317227043,-0.246452418172481,0.645945263391151
748,25,0.467019022844012,0.985891669188389,0.551880277209203,0.377207874573612,0.69558619404913,0.590648468021535
749,21,0.626357382676925,0.331047269578109,0.541617541743978,0.343775760140223,0.172909577768593,0.588401390396444
750,15,-0.48001716753917,-0.809947227646332,0.60347788834884,0.00889762671029787,0.185391548325714,0.710846546681617
751,18,0.159849712544558,0.216482929559766,0.575905206679851,-0.358956746483774,-0.131048298153496,0.656244097544375
752,4,-2.64121338508313,-1.87079232361883,0.711864509995344,-1.16538530217587,-1.68953204880285,0.729104220490656
753,23,0.936350376617087,-0.126404522444939,0.539892358016401,1.06918089986886,1.39658666347813,0.629000501800635
754,15,-0.742071605474221,-0.25943146994625,0.557584104634698,-0.0320297276938432,-0.179820945127145,0.615647776134648
755,27,1.01255992301164,1.35737507477427,0.583926790119985,1.00436788657861,0.792610581753138,0.594054518917881
756,22,0.170595220263856,0.36374878348487,0.558373184018322,0.324134916286192,0.381718013459973,0.676434630077359
757,17,-1.17254202886083,-0.157627365942973,0.58412624275606,-0.610657646833781,-0.432406266202369,0.636603276552512
758,21,0.356766520310121,0.42030786909538,0.551251493340824,0.892887818033359,0.111496688467033,0.605597618286435
759,27,2.34882775548724,1.39100975911082,0.61740576747621,1.02260331149725,0.835752093566653,0.653552275268943
760,17,-0.46804221340244,0.166678460064145,0.569078238833,-0.111061630950616,-0.434886751328436,0.614578678061959
761,22,0.300170262793383,0.0367490307976974,0.551871156273355,0.0247436678107944,1.01374903759591,0.646034579239536
762,13,-0.974147201205835,-0.449676956543126,0.630169808704054,-0.816444267640225,-0.74547023420098,0.649723242012334
763,17,0.0453367033725409,0.0358916453868813,0.545365133165973,-0.0411508081911389,-0.0572855711395775,0.594688263280448
764,11,-0.199315955358859,-1.00067784560247,0.64092472922054,-1.30732562685909,-0.39259989865635,0.725868874782225
765,13,-1.42436513038602,-0.485126167679563,0.694729553314174,-0.906027483159417,-0.70168848311855,0.680637072505724
766,26,1.89845426767895,1.3045337088522,0.572868978479371,1.32544258682049,0.513580753503745,0.581171515680305
767,10,-0.666755550944463,-1.10777938579875,0.646172560627487,-1.23441685882463,-0.788690782238521,0.69781048488847
768,15,-0.379090424849582,-0.444118327279619,0.65547719057839,-0.293042709685929,-0.605152716629227,0.650513339384875
769,14,-0.468671658094597,-0.789864027343508,0.607836062674413,-0.224582167243831,-0.267870744902213,0.732511038284021
770,20,0.470553487219966,0.349422032653771,0.552897436514745,0.166348718921628,0.135560483244273,0.617827379827177
771,17,0.509484261164926,-0.224354382890018,0.598672971433456,-0.249024507141332,-0.289438434096889,0.619846505478925
772,21,1.37467216034506,0.428871113863852,0.533482961555015,0.565757962622421,0.0933956749408694,0.59615235991546
773,26,0.762502457434668,0.41066093226456,0.546684097881151,0.69877419875655,1.33421463678401,0.638323682386667
774,14,-0.302696738757354,-0.717138641796463,0.611005826617633,0.217118826745885,0.0437355731181845,0.681741921612332
775,21,0.337258663079837,0.475209910834027,0.529963739696658,0.701103968893762,0.181879748605625,0.615573415225241
776,18,-0.350794341607433,0.597946385409321,0.567930596841564,0.21663787844346,-0.474842802819252,0.586790864825594
777,18,0.311938435706861,-0.0842115177928975,0.576865358574375,0.0725483217074044,-0.0229977570928464,0.686172078717789
778,15,-0.20433077104252,-0.602045535624284,0.61686618150275,-0.806880561390512,-0.18720189903692,0.716856746664665
779,9,-0.681829075943459,-1.26722872867886,0.730149853970581,-1.63801201606256,-1.64850429001522,0.726858319840111
780,26,0.543434276800044,1.31462668550976,0.572543824990373,0.969290673781644,0.680606432483795,0.578408533916672
781,17,0.526903772898898,0.275276662814046,0.561387088674855,0.39968171114154,-0.142310939807343,0.617266889717839
782,15,-0.3950837031949,-0.0367485855644095,0.589098194351225,-0.628693092619641,-0.653991981030865,0.677941536784332
783,20,0.451708890185657,-0.163157487769735,0.582010903771676,0.757368675606635,0.519833459213215,0.663070365361315
784,27,0.928888394400373,1.14504595320207,0.605623365923512,0.763435188878986,1.21140592665316,0.653777048254888
785,25,0.57110415651789,1.38306877461139,0.605791971450077,0.345544279739803,0.0916812842885134,0.645656015530307
786,19,-0.812091436393098,-0.305895124438556,0.564970294152634,-0.155587204746831,0.375085227732251,0.688125040630517
787,27,1.19474559180463,0.934214768000289,0.579892759028004,1.24243005935827,1.12164081610037,0.654085897359102
788,19,-0.19601747630615,0.00597485780242254,0.535635499514442,-0.128194984377087,0.18808414969633,0.587977784243458
789,19,-0.0980074773442347,0.46567082254328,0.534495601115868,-0.506409818030489,-0.0956369308690203,0.594532263199682
790,22,1.43740779250085,0.79355080565727,0.540019559986414,0.877711105724944,0.184717487410556,0.579535327942463
791,19,0.0381296024338814,0.268632541784535,0.538047657565534,0.734941287230693,0.199412211696176,0.578504324747564
792,14,-0.993270572821657,-0.6518775863207,0.595053109125027,-0.880895004133887,-0.504719973382328,0.697132730482318
793,8,-2.31151163666361,-1.25534958021012,0.718386838558234,-1.6300885302632,-1.66924599269786,0.701548062137646
794,9,-1.56462727867432,-1.09907606763891,0.735933870384613,-1.39467512687977,-1.37013425227697,0.717291049678235
795,28,1.45257998722453,1.12084467385687,0.610930407032307,0.969434104323785,1.6384120272547,0.662933394240792
796,18,-0.382196784676332,0.173107226832422,0.571864023147871,0.385602084246816,-0.0577930746914358,0.699748887322843
797,12,-0.453121547649087,-0.410802242838307,0.618622410514123,-0.801590799760815,-0.936981722758438,0.638299456459893
798,17,-0.3555590110618,0.178738598448951,0.577004597666826,0.257011565106749,-0.37997152243767,0.606377227696721
799,19,0.315849258921396,0.00155849266229742,0.564504468984268,-0.590106985197576,0.00484565019456263,0.615970300407904
800,17,0.110210054365241,-0.572094666644861,0.54675499503291,-0.0685461763408345,0.126701288132447,0.647493864650464
801,21,0.226128194982467,-0.200459774396659,0.554551924195962,0.190551171920424,0.810418564054312,0.658245905609119
802,12,-0.719121898378077,-0.701183183745415,0.569995781679934,-1.016978513508,-0.454148616564613,0.638872958459285
803,17,-0.91055835730468,0.288235928872349,0.603584845016523,-0.224486830520287,-0.660134442636728,0.61537108677725
804,29,1.46541468266411,2.00050768142834,0.669431113602403,1.13303435648621,1.20504087846765,0.618591623951189
805,18,-0.925047633379981,-0.0594722885213316,0.569602572659516,-0.739158099286665,-0.00185398010054008,0.667821772009245
806,6,-2.46516332602559,-1.41528956453402,0.716546696453688,-3.91618434497057,-1.78070051947847,0.716929637342145
807,8,-2.17566335303756,-1.33516279871736,0.706480022478509,-1.86738002395685,-1.6019641390878,0.72362403303633
808,21,0.449323333875547,-0.0249241677077974,0.534972367457584,0.324647914128096,1.02365156647657,0.646491471383315
809,23,1.02181090038822,0.547761986678617,0.526008815504477,0.363106911301506,0.463326506964248,0.575969583164674
810,12,-0.750081669447657,-1.01154944114484,0.598806585623533,-0.581876454084711,-0.569640747070914,0.647376742057931
811,23,0.450749381370999,0.270215892085321,0.556793833599152,1.09991921373534,0.773866784061623,0.639011302302776
812,23,1.50166205340624,1.51418541551638,0.570382812883845,1.19117772908921,-0.0839731299717599,0.59084894391175
813,20,0.0376000775775028,0.282497307296226,0.526584302656431,0.715791263232624,0.242873215052027,0.582208676578876
814,21,0.502583694135072,0.10280484686752,0.581594373747185,0.0890706153131611,0.365507884567831,0.660476690862484
815,10,-1.69107104647553,-0.832732816066143,0.6051084220881,-0.608362195916047,-0.717282664934368,0.667873927682029
816,18,-0.163468341581483,-0.0287166575595472,0.627899801040439,-0.343661062381131,-0.423714362312726,0.702420158409594
817,28,1.04936329623214,0.899006281947479,0.58876467412024,0.963046830696875,1.58861569788919,0.653304905986339
818,29,2.16617311755568,1.45161320840184,0.649131833466753,2.34833015050151,1.78472280873519,0.683286013202969
819,23,0.775627746981474,0.524170218688893,0.56417697747868,0.187285565805765,0.71324008387147,0.673270979854698
820,16,0.203840714007388,-0.180920617316619,0.566228317890289,-0.200907321631773,-0.345890250164857,0.603753476514871
821,26,0.892528657367577,0.767533000982529,0.577013064419886,1.17164521028758,1.48621388247164,0.647380741528611
822,12,-1.07321580587331,-0.685062872344339,0.568496821168249,-0.338482455677363,-0.45047686327272,0.62295888131531
823,10,-0.260210694356547,-1.11626066248287,0.718148028005447,-0.527946937621915,-1.22530126194184,0.748598550304866
824,29,2.50852627350243,1.60919196688131,0.669001450076117,2.30914278698587,1.66494398049872,0.686351862441453
825,18,0.345524053691118,0.441812606743959,0.542909750568664,-0.447308632980757,-0.179150838306382,0.594712208315838
826,10,-1.39218743053032,-1.17690970966641,0.629598192716274,-1.48086365646319,-0.408382702553107,0.662604864310254
827,27,1.35520348538255,1.06900221914871,0.600406891836339,2.15600539544896,1.18145776442624,0.657121860383664
828,22,0.658655794325168,0.715041036832585,0.546366061443864,0.285859515668553,0.0601659123237206,0.585257979895961
829,23,1.28894815724212,0.560736166902662,0.53058677771055,-0.342287281789978,0.333484768782795,0.584599627181937
830,13,-1.52841857215809,-0.754840114790388,0.581285692410609,-0.545187110135007,0.0328194995991645,0.694521533670899
831,23,0.391704777439479,0.714177777744516,0.531782122753818,0.412087959038402,0.423234326177022,0.577303201151026
832,23,0.594566340488067,0.707384721503482,0.533214801929962,0.326271623924373,0.293612540631479,0.601826712391171
833,25,0.501493860890624,1.59259347168394,0.585208257302863,1.15319281110109,0.0731812294211139,0.589209521813996
834,26,1.65228000318988,1.10982638630938,0.574876675724419,0.615956833368914,0.92033271681833,0.588020804942269
835,23,0.434938886676496,0.103520491307686,0.557383356228656,0.00968584507181591,0.799982130956563,0.662118398688111
836,13,-0.653440740253097,-0.419586921942923,0.571210370743717,-0.401384506794052,-0.56200706080538,0.608160775217358
837,15,-1.33414625277882,-0.859857399418183,0.587701698542345,-0.478998741667855,-0.00703787123271532,0.708389898441817
838,22,1.21538416587509,0.525446246127499,0.529720491049053,0.062353628521734,0.230653844261614,0.589493609380913
839,16,-0.195502481405027,-0.381989047605502,0.586050976408695,-0.339913931310683,-0.316798846693756,0.618387623712196
840,21,0.479471696072512,0.462733587030415,0.578162277068581,0.403134035858757,-0.0885225199195018,0.596258365987669
841,8,-0.52378270484535,-0.94853971765751,0.718404313400852,-1.29021123628712,-1.4814831019128,0.6972887846419
842,19,0.604736050667844,0.775014739832896,0.559678071037772,0.156094582738334,-0.498129624585142,0.589220363018529
843,17,0.140907330918372,-0.174034113031933,0.53942432749515,-0.578442607117389,-0.0601603280853081,0.62187186226419
844,26,0.694643029514094,1.14466990810519,0.572189253109405,1.41481254924713,1.11303307930696,0.591189448512901
845,11,-2.02252268323863,-0.844528799511257,0.664080988610256,-1.47102221612137,-1.12073379565863,0.677580602949142
846,9,-1.57072914938322,-1.33738167041235,0.718537750232872,-1.96876584894221,-1.31813188606838,0.744136482494568
847,17,-0.416022689097395,0.0316471394679379,0.604984334717125,-0.720191712027035,-0.322208666226217,0.681974491632781
848,22,0.342452870576818,0.9400028464377,0.544447950465072,0.323918349419745,0.173761287538525,0.58931731597728
849,26,0.702705062135246,0.774883758133114,0.575911604324364,0.738524223227104,1.33272328857799,0.649207316843028
850,20,-0.00818613750135548,0.289467877419227,0.57718804166126,0.188546749691785,0.150894498432022,0.688072669763435
851,27,0.748545245697708,0.936235072071579,0.573273585018602,2.03910764248043,1.24714888243695,0.636372621015036
852,7,-0.418489729512124,-1.52442927373746,0.635309377643178,-0.926844053599576,-0.788407634489947,0.68355705205244
853,27,1.04251286947577,1.80753390480823,0.612120533054309,2.04898580194213,0.507700293639738,0.58202297552877
854,28,0.924422100645659,1.00405620857734,0.597917388935653,1.35176590665644,1.5734399209417,0.656731952221648
855,26,1.20270900619313,1.2576061424851,0.575863072533393,1.51136932028202,0.62176037300197,0.577933792332232
856,12,-0.970239781958231,-0.966820138013009,0.615766961829774,-1.73417502611946,-0.634850825218196,0.686952096910762
857,25,0.644995286634729,1.11946857076798,0.562469003161518,0.94103070894574,0.766708925476899,0.590611454219763
858,27,1.03728837618327,1.25371664693093,0.611732647511281,1.18153116360488,0.992523378942466,0.66701353090741
859,10,-1.34473722089679,-1.22020293197948,0.64066082726863,-0.873237118094316,-0.845279036307339,0.718747112901171
860,18,-0.539607620196263,0.328535562316801,0.549084001765013,0.684659799185307,-0.2931594679572,0.589772121790925
861,20,0.00671983396308997,0.323214187749129,0.527889106020421,0.431147685054934,0.331752910483924,0.57307632844826
862,23,0.667646883984914,0.93131922026755,0.553506198349124,0.423323914313314,0.0340363728381664,0.586223481915087
863,21,1.28429894595036,0.293693406250908,0.533970203677959,0.676961320023685,0.197388511632487,0.605882505885814
864,19,-0.50647319024591,0.0679452319524956,0.537452815461001,-0.165177144037517,-0.0181696988434429,0.600260330741607
865,9,-0.220223844645961,-1.1066666989642,0.656426280805241,-1.21598842136934,-0.895367561120283,0.680589316689345
866,18,-0.756353246363702,-0.807976270301342,0.578137296798419,-1.09025253857504,0.560618117138132,0.705305797436061
867,24,0.355456544161703,0.475899560182862,0.549027728761981,0.408184493205583,0.856368191400833,0.634385508140331
868,11,-0.203161058655897,-0.572375569357573,0.61042526049801,-0.845404582785213,-0.565180429441835,0.672959877785501
869,20,1.2275277292526,0.612009628131615,0.530720785302919,0.390110730304522,-0.0430448941668458,0.590760447753188
870,16,-1.01569791842164,-0.473543175590143,0.614428580053961,-1.24988772259756,-0.15355043955569,0.650394401251353
871,24,1.13360526655875,1.14949690219059,0.565615833996024,1.11313631032671,0.296117934374654,0.578097081837789
872,11,-1.25696056589282,-0.972631498729199,0.585101291333558,-1.29534872277039,-0.4579317446367,0.647614556033032
873,21,0.280138597743529,0.55721713784258,0.527501276795536,-0.174971890952293,0.136685481147334,0.576949031274773
874,5,-1.10737856340859,-1.30597513459535,0.648962688560146,-1.11023247441327,-1.1197745166399,0.676961489257991
875,27,2.02761613742618,1.50278345946143,0.592966309503765,0.897659314038863,0.723186726443478,0.59511750652335
876,14,0.0562335893982112,-0.170810082020484,0.599996027479088,0.52594382138471,-0.539214602637246,0.607486595055072
877,12,-1.76007066002367,-1.18807785015194,0.637069200894619,0.0484891233815514,-0.381258874292114,0.786817775977886
878,14,-0.897973371283535,-0.313520980872077,0.660553616555477,-1.74350550122264,-1.05460624487996,0.673631811951608
879,21,-0.25197743622763,0.0837771432603505,0.591952932187035,-0.271773423692918,0.20721093246778,0.665921031844118
880,17,-0.792568563488099,-0.254350312214803,0.59206507486638,-0.112792906876004,0.206040453130561,0.659583907861871
881,13,0.294366463736674,-0.905413131041973,0.59597619024862,-0.634372975402963,-0.504884451354509,0.65053716075911
882,14,-1.47817162744166,-0.574313703631852,0.619114143029181,-0.853182674386829,-0.617933067456088,0.649163204601547
883,17,-0.0682767585539796,0.0308051970445702,0.60040139010141,-0.433373440690361,-0.428318158671853,0.629866346741184
884,15,-1.52521367847173,-0.307454845024023,0.614533301296327,-1.55814353099084,-0.561523354566392,0.728050778864352
885,10,-1.48045232237195,-1.51377594039763,0.665657927916911,-0.211932020127011,-0.662142270974945,0.773229999608783
886,22,0.365495035634638,0.304011336261554,0.516142028787101,0.676302504297707,0.411075532621725,0.573790583934824
887,29,1.97171979084988,2.00050768142834,0.669431113602403,1.58647880198641,1.20504087846765,0.618591623951189
888,13,0.0129364574522881,-0.516437465493563,0.588426000645626,-1.47035122124802,-0.612298170182613,0.634819063509729
889,16,-0.384259281942656,-0.455630705449669,0.625748137791035,-0.172504819774402,-0.233037321285966,0.744736660690366
890,20,0.030541752827351,0.622912738610937,0.565602847136476,1.04032246342725,-0.0359131303624286,0.647951488944501
891,9,-1.15401774089827,-1.10269413993487,0.67574365190313,-0.740087193615875,-0.89196763427815,0.668632479404904
892,24,0.493964524133111,0.914936487527016,0.530775642505951,0.853447830658639,0.417445810179956,0.573946511287012
893,18,-0.375413874517241,0.0797311755119322,0.526344532270593,-0.306137818882573,0.121816226616227,0.590813877654111
894,18,-0.24469132229234,-0.25910164034553,0.544655626148854,0.214312870951658,0.360446159978573,0.660140896238618
895,20,-0.0740429565380854,0.444970868691592,0.543443531651876,0.882659199809685,-0.159358537863844,0.599785831309847
896,21,0.752007654434761,0.419775635937454,0.520026025425868,0.581470134801496,0.24719429716222,0.593675671954239
897,12,-0.554436458747133,-1.00928615714794,0.622017767440259,-1.55571451002703,-0.670471800952352,0.677931332797352
898,13,-0.183042106848335,-0.547405140122162,0.616484867799914,-1.14832110990592,-0.789843103665241,0.664486949528734
899,17,0.115563148104326,0.144759372412392,0.616353195922413,-0.866860503848257,-0.448151840818069,0.68877983190972
900,8,-1.73866831355393,-1.52049034188225,0.59850468695696,-1.50477823565848,-0.475045650546272,0.680815872600183
901,11,-0.797594710104009,-0.914063194386281,0.587730461704285,-0.76503627336419,-0.356087619366612,0.685157375000214
902,24,0.5113370972178,0.471537340461158,0.553834492048038,1.04858662205483,0.807455115816875,0.63920946691766
903,23,0.311119104181155,0.410229967576574,0.554355547308058,1.00702955194711,0.796334657573426,0.627906194492266
904,19,-0.0668290212925779,0.627395142221946,0.561195979034716,-0.205913533328028,-0.39462738586177,0.626492021761475
905,25,1.09719599670295,0.786023349423446,0.533915953149129,0.993827074665828,0.658361224371872,0.58355043175774
906,19,0.0203108020460736,0.417170413944703,0.560005079972048,0.093273107857009,-0.242321104866339,0.597602493281544
907,22,1.43079348159707,0.49875858168643,0.524964488216335,0.854359325857688,0.593710666808869,0.593718252429238
908,27,1.30786382201008,1.24878802236629,0.579990086225046,1.40736038227442,0.873389111789527,0.593069075341123
909,13,-0.390667953185739,-0.248224511185048,0.651204241695475,-0.237521156643471,-1.08598868850895,0.645434257892563
910,12,-0.639585964224689,-0.56539926472306,0.611518214324521,-0.607910302912267,-0.734781733110094,0.640642689771559
911,16,-0.451266905031645,-0.450088465054641,0.57974781505299,0.166029426336243,-0.0217301962878485,0.683945760245051
912,25,1.24849040980577,0.58542662377634,0.559150219518006,1.21228334804769,1.27874706822865,0.642135180526208
913,25,1.05522625197307,0.642591077078184,0.553976241929162,1.18147536431117,0.882265459178258,0.658739607111597
914,19,0.357577490641192,0.28124227243219,0.547588286523316,1.32684689037527,0.173310393291614,0.584835835844025
915,19,0.496893671245432,0.435472379116428,0.548977521379958,0.603593806081416,-0.152279252474032,0.619467642998779
916,25,0.872653189096293,1.05281764138378,0.582845532569317,1.52834722186006,0.486068891262886,0.641157623247576
917,14,-0.177265000101952,-0.408287326930345,0.539930565995526,-0.263144794868067,-0.158749203868698,0.625957535043297
918,26,1.00048942435677,0.783590351139514,0.58235794327964,1.2503343629367,1.51362056021766,0.645114154689427
919,24,0.924751201448143,0.645846366902042,0.559631339006438,0.579770709885766,0.882801587073978,0.657995492025091
920,9,-0.42201138228935,-1.52166620388949,0.723028399400117,-1.22263326373218,-1.2291085743901,0.701858540817862
921,19,0.251081696855974,0.415572740731244,0.537333654570091,0.570191137475596,0.139581538547747,0.578979624836397
922,16,0.187855188447659,-0.275966671948815,0.55251226537331,-0.774083486524208,-0.243629073798476,0.623526971024969
923,16,-1.27715169593882,-0.583350500338953,0.586124895905548,-0.661877805095833,0.171763633782229,0.695605112300681
924,17,-1.20001995497286,0.291078905785953,0.595628652011155,-0.402789913214275,-0.536102053480046,0.609856155974809
925,25,1.88947857527464,1.27783394534936,0.564830624459122,0.523484248185597,0.589131139813001,0.599448558139757
926,15,-0.474965486240065,-0.490628819367056,0.544348523424113,0.295376827145157,0.11422612439868,0.609934987177272
927,9,-1.95791221077739,-1.18112519379981,0.703130773926894,-1.33373927108842,-1.26862078378555,0.685371553391965
928,11,-0.53717441996585,-0.70471011237889,0.617731064371724,-0.630125146603172,-0.689811367768839,0.642701700014609
929,27,2.41042542995537,0.847996443676656,0.588992202934793,1.26972546502252,1.63379922039245,0.65244854916388
930,17,0.40063021952575,-0.276067876935744,0.542121361173124,0.563247790436221,0.0757377040102162,0.630776777793959
931,13,-0.849063018188449,-0.668066788306659,0.624877846592604,-1.58691214713786,-0.54507619439539,0.658659339293468
932,26,0.895526095434363,0.747341086792581,0.568443110603548,0.958730698586001,1.09080374522796,0.650638838362217
933,17,0.417079328784205,0.282804070419582,0.569909708942507,0.183875738866087,-0.500561833205675,0.591620674189482
934,9,-0.412422096862754,-1.21728882671055,0.681900668400373,-0.803741239934754,-1.35805533449484,0.731256675607537
935,6,-2.51014109771599,-1.56504517361291,0.716793362051501,-2.10973445305463,-1.82167278845467,0.721330514162047
936,19,-0.644246538982263,0.668842279495886,0.569786961897719,0.173369728700532,-0.530584896818321,0.594177400387704
937,11,-0.830820204048599,-0.75736991562757,0.613050583023684,-0.234264961745191,-0.644492265010851,0.642815528771333
938,12,0.0497241324081541,-0.107800143522794,0.668680733903281,-1.15067819973314,-1.11980046967868,0.624620064356245
939,17,-0.524045065748935,-0.365696382097115,0.592155124940601,0.0411250053777418,-0.00364336759359552,0.681136726072943
940,13,-0.450978891519245,-0.687597789824651,0.57806398840819,-0.766880762622143,-0.33832514899324,0.643400872935908
941,28,1.66548243976402,1.10058615225682,0.606129358793268,0.908255613258323,1.62591883608528,0.661319391628532
942,22,0.403106364564527,0.324775835836478,0.542417222836292,1.85785479851955,0.676740267323351,0.629996131942011
943,22,0.424488098694816,0.714991027796213,0.530888839396162,1.33721456853705,0.283783264972739,0.599302780711262
944,23,0.915363544338603,-0.065732369651863,0.533586558963389,0.862728056348056,0.930872135891769,0.632685593904069
945,6,-2.04163504675837,-1.52863257026942,0.681183705492142,-1.87990642407544,-1.39834792888477,0.706876607090527
946,17,-0.456495800013383,-0.505579974055834,0.582814953301902,-0.190338997657124,0.170855658561719,0.701776162838701
947,10,-0.225766295195433,-0.69845034866877,0.669429085685102,-1.29758687251547,-0.945562540344243,0.638086155378686
948,23,0.731244678037673,0.136347363341521,0.556786497915534,0.731415718950879,0.685717587352475,0.649458104103501
949,29,1.87525690774239,2.00050768142834,0.669431113602403,1.66806751625512,1.20504087846765,0.618591623951189
950,15,-0.743247358147631,-0.795198833245637,0.614715626527153,0.0281050502720457,-0.541884709888401,0.679610797347262
951,18,0.343775476195871,0.647099084111232,0.552284063339444,0.329130696042499,-0.533300705373708,0.591787572639763
952,9,-1.35071978316922,-1.09617944228692,0.64615645275192,-1.40190760627923,-0.960988270825639,0.693098004239876
953,16,-0.426611521142666,0.0363026828287129,0.55224987210185,-0.10562523214229,-0.455319877186451,0.600118855080234
954,15,-0.976732465051599,-0.585597878430551,0.60251460344527,-0.892575964842494,-0.23367485914927,0.707405493966791
955,24,1.05853552058168,0.8920229621204,0.532831613328647,0.722103731651096,0.739058195093487,0.588193232990093
956,24,0.876345660475196,0.609442437573904,0.53390117170614,0.389519432141987,0.844031732230265,0.587269158325143
957,10,-1.97982393786151,-0.982218540039188,0.674540586529864,-2.31024276273558,-0.880946230201768,0.700727065716086
958,20,-0.6589931975283,0.374463397783322,0.59109864619993,0.0825262506074715,-0.0243690707800736,0.702449710590501
959,28,1.70454675017241,1.06822511725851,0.618266118468153,1.51546567024929,1.73481754902024,0.663906104688756
960,18,-0.41239595895999,0.00380862727355977,0.58108296082652,0.170434252667733,-0.1383120666792,0.697482619088608
961,9,-1.16046197694884,-1.10931954661843,0.692519645745112,-1.86979462350597,-1.42518326653633,0.712770756031241
962,21,-0.0434935230059594,-0.0644427012056567,0.574799686788664,0.656269669398236,0.595584703170842,0.669118223442151
963,12,-0.574356168745967,-1.06229465440779,0.62394682197346,-0.0392153886634647,-0.26666708222923,0.672342377545599
964,19,0.449568018569681,0.0840135813724349,0.561669277255508,-0.478856216879756,0.221972758350303,0.658457049484471
965,9,-0.844228595395618,-0.910997722553318,0.603456129919447,-1.07415650102131,-0.70549981297441,0.638868817713006
966,13,-0.648766386569881,-0.881668763697731,0.600764330131241,-1.50494538495867,-0.0513848495547053,0.71208770098756
967,12,-1.56546037488319,-0.512563630367588,0.614489548443545,-1.47812763212113,-0.974330048428307,0.635770379453836
968,16,-0.448964355664562,-0.414197711303356,0.542347374638249,0.00972807161600542,0.130985013232876,0.603840480776042
969,19,-0.202841041386829,0.371314132718081,0.536079354163685,-0.611167749808359,-0.166929425591268,0.584319650566733
970,22,0.124183617364667,0.147949401467241,0.564925771766562,0.382402689291559,0.601946121766784,0.671351957490202
971,5,-2.01436847080146,-1.51060531351365,0.732883885363339,-2.00271662682899,-1.5343992700793,0.704912715499636
972,11,-0.818578009415161,-0.951138974827477,0.665996395366021,-0.181654487882017,-0.718507398542027,0.765564572837172
973,26,1.20899035909994,1.02249011275157,0.588439245214013,1.44691781667888,1.07699289024837,0.654925805517339
974,21,0.719437841279988,0.339369927199211,0.514236549222704,1.68149408509085,0.471679354943865,0.571406605339329
975,6,-0.66658827093022,-1.41890454716272,0.69314413411927,-0.695229965232232,-1.39805375676237,0.71979199083047
976,27,1.10704554665216,1.58328304750596,0.595404239238147,1.65818376210349,0.78494837233158,0.583729473971869
977,12,-0.88383023312251,-0.690358625361661,0.722464037588903,-1.45622776502988,-1.1801949272818,0.729002021370558
978,15,-0.490711275605576,0.199291535605492,0.67391507184114,-0.0848603097430735,-1.02169790608885,0.657899557778264
979,22,0.730523153162455,0.674605262819215,0.543681143080307,0.910281000362469,0.265047373518907,0.584774309584721
980,14,-0.679979806909399,-0.69942697689463,0.655739532195038,-0.951546985917824,-0.681821628642956,0.70831781207825
981,11,-1.06910765806625,-1.27329394162903,0.64488061730015,-1.83580827882664,-0.787385874680921,0.750273820349598
982,26,0.725016886052513,1.08686375166759,0.594959277749632,1.01050350445705,0.648853039119049,0.649762095370748
983,23,0.733624591182334,0.345000276515507,0.56212127810677,0.158291951116983,0.843940317274255,0.651918275245849
984,16,-0.718493935561552,-0.251385335044093,0.551764595715405,0.0918221273071785,-0.188559015954767,0.619377312096439
985,27,1.83202881646932,1.21345204400968,0.608550966360196,1.87121005754369,1.36308345865681,0.660198799876747
986,21,1.28214658894805,0.199133589095005,0.524101961191625,1.05869552451175,0.306205545823743,0.583378119577851
987,25,1.46163830003599,0.765113838814488,0.576386280391269,1.13937259792705,0.865528813852525,0.630388176343604
988,16,0.360086025395904,0.237015246019799,0.554650028605123,-0.381857673508786,-0.294112376455307,0.60105942766091
989,15,-1.08464001991032,-0.481644649515122,0.631042297292659,-1.21545706074393,-0.26059523085478,0.718219649713198
990,26,0.58385956319255,0.622015275975816,0.57898833197046,0.163868012511785,0.788019705798578,0.643834456988505
991,12,-0.307723838648782,-0.744390088379939,0.610782289819294,-0.832551201730209,-0.602092699971916,0.653057234350809
992,15,-0.473471419576635,-0.524680549593039,0.665226645058832,-1.22187728940578,-0.78826589089182,0.743511442533012
993,27,2.28352120538823,1.68842710011625,0.606268715988386,1.3178343329449,0.622945015749001,0.584821758052184
994,10,-0.504291760459589,-0.926461373700814,0.67728393790703,-1.70877611613158,-1.20224444864078,0.689228806629606
995,28,1.30535382582785,1.59638051625645,0.616891207174042,1.62871900481407,1.06563293755742,0.60114702260392
996,11,-0.79331194692886,-0.817515939071854,0.613566451296984,-0.520044696958341,-0.785982332421179,0.706342485899794
997,22,0.276299600861159,0.150435652454054,0.569568230546133,0.0606806712735357,0.766435280725034,0.660642708654035
998,27,1.96743758681494,1.4689408095188,0.595658800563652,0.951637966421681,0.875267120082402,0.594359254669685
999,23,0.628652237644007,0.58510698165813,0.520985128868307,1.72836668617599,0.525324734138015,0.574718247640693
1000,28,1.84817336946694,1.22799396285057,0.621052967678237,1.26195772027945,1.42608492092467,0.661455427220718
1001,20,0.289565667058474,0.334772947639825,0.560439037121277,0.197330588834091,0.0476602709355931,0.668279474944215
1002,12,-0.198024234883503,-0.345849190337203,0.591974696894514,-0.688397928170054,-0.718679631335997,0.641642481152178
1003,10,-1.38464596544711,-0.580047685903931,0.617552659695067,0.0451323487612414,-0.951524523115317,0.651506448264554
1004,24,1.37242472492981,1.30161726733805,0.572160085458289,0.684327506028475,0.283194839021486,0.582151888598376
1005,11,-0.546964161631866,-1.09958321856418,0.729040625762589,-1.29918346056167,-1.43808059453499,0.719337792424669
1006,10,-0.93468340915473,-1.3446975462115,0.632110402850838,-0.619840776704546,-0.464037911214346,0.753294344549327
1007,13,-1.50192106686263,-0.898497339920521,0.644363257809544,-1.08046417479696,-0.466425215737887,0.749734242609509
1008,21,0.472971261097464,0.460525039626125,0.533534927753805,0.724076960839029,0.391135387268371,0.580249283218831
1009,17,-0.389622646595487,-0.541430265760138,0.562695533160505,0.0234624521471715,0.397792287278021,0.675595806589699
1010,19,-0.288057098933878,-0.229678144776075,0.54444206933103,0.1694631467359,0.156231772054637,0.616008406905854
1011,22,0.119232013580573,0.393942934090829,0.545084118818659,0.891200825344069,0.279468401397947,0.605734596483329
1012,24,0.440676514284892,0.789830523550964,0.573789634061697,0.602655581652186,0.571690445924182,0.639180920125641
1013,18,-0.366201702919511,-0.078843727280298,0.561849626811635,-0.0462588373469003,-0.214339635504346,0.631434281112944
1014,25,0.931454263368011,0.0868637715519021,0.551121201465091,0.959003168693728,1.26896070502184,0.642260061350009
1015,11,-1.15037173374542,-1.32135477099121,0.657488756131554,-1.44273003646093,-0.363386121945346,0.754185501146238
1016,16,-0.220042745169393,-0.420552098342666,0.593089787481894,-0.552210379355644,-0.0589143631779941,0.667036044633389
1017,12,-0.893198586935978,-0.639799743726983,0.611989963766825,-0.663276249072087,-0.774358640501617,0.681350590157745
1018,19,-0.149516126787834,0.0777079735268909,0.557546414287437,-0.564231072683507,0.298665114982565,0.653814861262052
1019,14,-0.168081011486579,-0.373585550976984,0.600146936887676,-0.446316164074468,-0.670251159001103,0.649413377501035
1020,15,-0.954391671217858,-0.198605583881506,0.611747574308013,-0.139975957898277,-0.57015701142654,0.644042477413493
1021,22,0.196305985519972,0.589669771680427,0.523376962544598,0.675109100283566,0.198524454045363,0.604284236948169
1022,8,-0.788258164358179,-1.02519301713235,0.705926230477159,-1.3055350168556,-1.46359748979651,0.688807108259256
1023,26,1.09113525526574,1.28789193375566,0.580370081675573,0.0776254883394411,0.646370751617634,0.597683428894842
1024,19,0.000852648643484938,-0.0528955848731621,0.535283390021907,0.78192155866688,0.343267696649349,0.609159074841715
1025,10,-2.1579186182586,-1.07256945492632,0.663664866707733,-2.03115344933562,-0.863765841719058,0.709048031816264
1026,26,1.05054758888822,1.35886828459868,0.574229167197378,0.884222098107114,0.396816182702653,0.579750258475702
1027,11,-0.26226724648417,-1.14663754290641,0.632444073414635,-1.49618873020279,-0.669352504954292,0.652367442574406
1028,16,-0.268467849994201,0.124224163375977,0.544009990920299,0.058144109208936,-0.278764675371787,0.5846105813927
1029,18,-0.54975084283812,-0.0869476389930575,0.577024146102681,0.377677416828149,-0.0838612084558746,0.611520485500907
1030,27,2.59865682077233,1.40412516313729,0.617965222718302,2.04633807420233,1.19155600234522,0.671888079518028
1031,26,1.32042608481627,0.990601927722271,0.583290388540581,0.825576738850724,1.06725579516908,0.640399828985284
1032,20,0.0424108813920188,0.106822100453744,0.572094040215252,-0.639802167630148,-0.0392472117127596,0.695475793767203
1033,8,-1.72280770074654,-1.45967995270944,0.680671449503297,-1.02131586982658,-1.09197183479915,0.770488248081974
1034,16,-1.08345873929287,-0.351535183763459,0.550777744070502,-0.200995356623953,-0.110178211300683,0.624249135883566
1035,21,0.454471784797953,-0.124700317509453,0.539813135504054,0.542040063638518,0.806974264868649,0.663732827875449
1036,10,-1.00426392981217,-0.696117951011298,0.596555828584731,-1.46436761625287,-0.648773779985954,0.651392328692113
1037,18,-0.577091268434329,-0.182962857889526,0.555191815017377,0.664844925631832,0.105185922412798,0.603707384512135
1038,12,-1.36661590063168,-0.78701000002616,0.725536634555323,-1.04693623111666,-1.210602715956,0.683010725036733
1039,13,-0.585697494247512,-0.715391262347123,0.561556644890197,-0.780539346884298,-0.294486865071913,0.642858029822067
1040,21,0.536299920944409,0.734307841211063,0.5551711629969,1.26726890494672,0.00678956830990138,0.576152856695485
1041,20,0.231890781346166,0.380347502594616,0.54616913983367,0.874599245911692,0.176495251887571,0.577535471298453
1042,18,-0.784909478992537,0.30713532858987,0.551222845483389,0.0168542772581416,-0.274248058987341,0.600734182951455
1043,19,0.559922773682053,0.340349454891207,0.537681673204568,0.255993790855775,0.0383225222650785,0.595061966061579
1044,24,0.646261653907886,0.89523195708726,0.584425063441706,0.499635061967676,0.453596461465236,0.65665658938707
1045,23,0.697147641650287,0.774159493814574,0.532318379605247,0.406770295117189,0.52114987946913,0.572244826417496
1046,27,0.666653010151545,0.789093896381078,0.567827173872457,0.970394733954541,1.14128204026292,0.633247590623524
1047,12,-0.891240850284126,-0.609779148216235,0.668883936779465,-0.924623293726208,-1.01461195829764,0.695192627448525
1048,15,-0.518287795264581,-0.507795745986444,0.588950355354348,0.381762969682337,0.000665192509860377,0.656639932412872
1049,19,0.449514364442251,0.142662966314631,0.521908376949262,0.471546808406656,0.163391946455751,0.59136540861708
1050,23,0.108132588774518,0.3121770354242,0.50928322893757,0.620393911243973,0.693707504980773,0.590344993924591
1051,14,-1.35020369032082,-0.894999420866964,0.67050550744402,-1.01405553994371,-0.728719166185449,0.711313729298656
1052,6,-0.765388233210306,-1.29877672837418,0.718886556389783,-1.13315564053594,-1.6612427726362,0.70174181232698
1053,19,0.79477113792752,-0.0888254780739347,0.54527543817818,0.546858628301136,0.446294495485276,0.653743664527593
1054,21,0.463411338752325,0.657499279548051,0.534644206572973,0.14755409032396,0.135698453007239,0.585377389003938
1055,27,1.41453528457706,1.69903690584305,0.608560465496721,1.8634154151798,0.631169889581652,0.598298312500822
1056,15,-0.194698519800317,-0.630033519467005,0.575774130514705,-0.429285665941692,0.0819994664695646,0.692690357373942
1057,20,1.01578157337068,0.172458950617174,0.532884321671621,0.64936221908708,0.404039097803499,0.604326712004496
1058,30,2.60206422225166,1.77398403982286,0.698462031557214,1.27562674691905,1.86944834206298,0.705015538999164
1059,10,-0.511746115242348,-1.01008260332672,0.646424342048522,-0.759942118800183,-0.838980842941889,0.686650180567525
1060,12,-0.67987519578283,-0.541758344201185,0.604666580324233,-0.549096353081271,-0.870261925871488,0.661733657566215
1061,21,-0.146786945464482,0.0190325045183254,0.597182199897656,0.169593878635613,0.285718463511523,0.658305909291112
1062,13,-1.08501003363696,-0.517067655485305,0.621044439972363,-0.548072810057265,-0.866274981584666,0.696983104611247
1063,26,1.33311027359748,1.22489457315378,0.570690923370756,1.65845999562107,0.650462675371606,0.587067737613804
1064,20,-0.324772212143795,0.272493692483252,0.54940570499061,0.50537530501535,-0.128511678257091,0.596991691325079
1065,14,-0.770538628480585,-0.710946895001443,0.648199591996408,-0.459657301805068,-0.273054277787743,0.745764416711795
1066,13,-1.06940247160761,-0.894461615977827,0.616959326662834,-1.20634324782664,-0.541624485835317,0.742293488834104
1067,25,1.19210570651898,0.636372112554858,0.573373493173388,0.975008450232117,1.0459914951388,0.653247759097259
1068,28,1.20110152398165,1.33682594417987,0.635637311257966,2.01533516593602,1.56711124575453,0.670230231049867
1069,20,-0.335855046321922,-0.454333471832476,0.588788927373595,0.549592059182771,0.242920621548462,0.723927700565375
1070,22,0.241747175637141,0.436213255333772,0.53375491946048,1.26820542367482,0.247974734264773,0.585868065911966
1071,20,0.452467005400916,0.367616065998494,0.53063384591378,-0.204516654745373,0.225958983979012,0.593784341063584
1072,24,0.971373684184383,0.832589251498956,0.547043363010751,0.303749090982758,0.409706100770942,0.578016570937226
1073,16,-0.935882827343904,-0.772231810120998,0.608113428019383,0.759411516350976,-0.0498074672325404,0.696702339310235
1074,19,0.183044773433507,-0.0808144761985676,0.558811577405683,0.208166646758225,0.182929784671622,0.662526834416037
1075,13,-2.87304788475145,-0.816997425554405,0.653957367182905,-2.42676570984219,-0.559120555283305,0.671299892500676
1076,21,0.248860143740063,0.106053733881045,0.563088092056656,-0.0894950531751924,0.581190687621434,0.679193688174436
1077,20,0.391608394701635,0.692125253593835,0.56508769464135,0.291419228483596,-0.189966570443675,0.591860059041978
1078,16,0.0391084762500292,-0.14897590881842,0.626669482949928,0.396864956907355,-0.359732109223177,0.6954158341725
1079,25,1.00973162555396,0.8985296354342,0.555382288447584,1.00501544739421,0.588036949744132,0.575313919979972
1080,22,1.1167500857226,0.191346924595444,0.555080019648024,0.322807861845371,0.79883036749502,0.661235168193502
1081,11,-1.17271655351913,-1.03796500664266,0.686767597699329,-1.19139205415719,-1.03595062863863,0.720488881287377
1082,17,0.26885698389433,-0.431916896857554,0.581696536823956,0.301507225460252,0.116314869387092,0.694628237213788
1083,18,-0.180276339109224,-0.442079606219049,0.542081949270387,-0.76297972372555,0.611086329494179,0.647467378101131
1084,21,-0.612338100109507,-0.344690899883973,0.529151044417631,1.0469630774361,0.920101184548269,0.634849407434564
1085,25,0.20545200131973,0.607859358957054,0.538595284022662,0.86495940823747,0.868532057805051,0.587167953921734
1086,21,0.183175676072709,0.320442365574851,0.537037408754955,0.749712830095975,0.467119435395148,0.604848458154558
1087,25,1.24911962638479,1.02913924801139,0.5551492435296,1.44062336943702,0.853226325633539,0.58976012809342
1088,16,0.0903981101088339,-0.197860161710251,0.60360841670999,-0.00225829045269153,-0.308550721693541,0.681354933940234
1089,16,-0.321427778421016,-0.177487149774133,0.695000220336278,0.214457424936772,-0.76965679896144,0.708153986981581
1090,21,0.504104192716225,-0.365934810814627,0.520742137302913,0.968023732045138,1.26303850279,0.610577195400045
1091,21,-0.432383703359302,0.175821494792336,0.57402579887902,0.450136848641602,0.357109140744495,0.652228932200693
1092,19,0.13809214242808,-0.349013027134108,0.545228859035442,1.16318360762486,0.627350291280206,0.648975674421165
1093,17,-0.22640762453643,-0.387491248662092,0.568822459724698,0.168972227435523,0.452276705516714,0.638423422043431
1094,21,1.13646780795507,0.222041460227121,0.520909309464021,0.247872969608624,0.47753375670353,0.576735415059312
1095,19,0.482281885966112,-0.106776344005499,0.513577931616083,0.497866219826952,0.2598499759415,0.609971681601325
1096,20,0.394799035157644,0.196913808416712,0.531474195425666,-0.407269112128977,0.218527499177172,0.590095699650971
1097,18,-1.00337467129929,-0.60835331589773,0.570801166675695,-0.990978111610842,0.244043373849008,0.714420431611314
1098,20,-0.0975632585429724,0.279907558161702,0.54795804746148,0.95118669278297,0.0394237967067975,0.595524963774064
1099,10,-1.5381817172873,-1.41210048512198,0.668596238975643,-1.65963863272943,-0.930294180056656,0.756101681870966
1100,11,-1.12088380617296,-0.889615687354335,0.696412627659207,-1.55307361187843,-0.837342713445154,0.700847013419579
1101,22,0.257863765275586,-0.0679100074761436,0.561090358634139,0.306042650669916,0.616325537366944,0.678066211166083
1102,14,-0.769127068114327,-0.994209752527909,0.641313955150416,-0.323521654449688,-0.519061548608802,0.697511248554753
1103,7,-1.5835251147459,-1.63559839115138,0.68663296839289,-1.68928374675016,-1.1736647695707,0.714026983146003
1104,14,-0.38568748456031,-0.0278926925162785,0.59059462644366,-0.547342260104999,-0.914024113373915,0.63180888366447
1105,21,-0.409767955500797,0.418383151499334,0.519302819753842,0.609269116526247,0.463016588636969,0.578142088629397
1106,29,2.85237230617508,1.1820813761342,0.619817824709892,3.24478200639802,1.70578298149577,0.667594149088574
1107,7,-2.7446113104468,-1.39331527818316,0.76847399661912,-1.2175218115194,-1.53584406995698,0.699584724883774
1108,26,0.725128768295853,0.640923473723589,0.572388467702937,0.660773196140079,0.896053639825435,0.655137999506636
1109,25,0.00865688905216214,0.565352535111893,0.567613620073426,0.736756083760003,1.0424371500163,0.630127621447111
1110,30,2.94294257389468,1.77398403982286,0.698462031557214,3.64723368475412,1.86944834206298,0.705015538999164
1111,15,-0.452446283446575,-0.184599824707502,0.595933347696012,-0.950557781118161,-0.650558590205818,0.629770010085075
1112,16,-0.197186769125763,-0.451379625412726,0.557114158271342,0.354820760914334,-0.235065646024632,0.618696392607037
1113,21,0.186282279670813,0.226378794026891,0.561463374983473,1.08244360883534,0.106380560038958,0.625910959698403
1114,7,-1.55613574292619,-0.904504477459427,0.70551786306407,-2.66150407092992,-1.58846448745788,0.692784746037129
1115,16,0.126743151005201,-0.196046605563811,0.534949744664928,-0.733445062336957,-0.103410400805394,0.612675002036988
1116,16,-0.637232683913163,0.210856552784156,0.561502151696401,1.08339614359793,-0.575434847477952,0.632547739894162
1117,15,-0.180532094940172,-0.415443992683125,0.592845309543299,-0.495764770319607,-0.511289156818887,0.637285256722968
1118,19,-0.343149066057933,0.0158950184009433,0.56142140636069,-0.208813133325746,0.183071703975225,0.664643309605285
1119,10,-0.677014022822938,-0.848678987773325,0.690499928274949,-0.663125447091967,-1.13890014416496,0.684944635362751
1120,22,0.418409417763319,-0.0177036379275113,0.555445420442667,-0.424919782423915,0.651720414117414,0.648188311521254
1121,11,-1.510900557432,-0.729849231784164,0.646626361300862,-1.97790737243019,-1.10338721142914,0.682516807424746
1122,13,-0.438968343414333,-0.800233505455371,0.574308742502789,-0.0743728186340893,-0.122292556912516,0.642883210787509
1123,29,2.68910390318997,1.36430851647722,0.645232245820919,2.31555842709479,1.68017243736584,0.675300244080388
1124,17,-0.0409421799145588,-0.601757682038982,0.560213019341375,-0.139096872795153,0.405735367494838,0.683349225814162
1125,9,-0.327060877216372,-1.15748773817128,0.676616660030136,0.00886321868963919,-1.01400948472304,0.700538339420035
1126,9,-1.19846544287275,-0.967034998735834,0.645311512795534,-0.53055961274816,-0.950277257840929,0.674307270952109
1127,17,-0.305898768301585,-0.491865240380664,0.626859331468388,0.350553159298035,-0.234850625167571,0.706016216434756
1128,26,0.712933047564016,1.26381235622379,0.576715425157201,1.88151119171294,0.951769405321341,0.590021197996316
1129,15,-0.569549484335573,-0.588159999404986,0.546432213505312,0.24755963161651,0.0590533020571602,0.643333715377771
1130,22,0.43351572995297,0.791022115671967,0.549231350682828,0.488060209065217,0.0976966612622236,0.586184982858107
1131,22,-0.0766545864804055,0.193690755458302,0.5498183573963,0.388554535796392,0.681597443561059,0.651208941159965
1132,14,-1.18879304103499,-0.719452139705976,0.744593975992006,-0.523789239517108,-1.09431949957172,0.681200714261376
1133,15,-0.122462730513119,-0.314221108198249,0.588033637502948,0.165879397510926,-0.32381438341544,0.633328863714058
1134,16,-0.330740826836324,-0.219766435998945,0.558357005358828,0.100393241393503,-0.0113948024282358,0.592601970297468
1135,9,-1.6762345298519,-1.28686840843504,0.648197346677515,-0.165187421111361,-0.685298340690717,0.725124117490863
1136,7,-1.92269680532989,-1.3981913319337,0.665066322462557,-1.48534321899331,-1.16696899276033,0.687667594205145
1137,16,-1.14438312808783,-0.338128186603432,0.544894374917535,-0.834134346691335,-0.0874353557662483,0.626342388111282
1138,21,-0.0143797172873705,0.1751702060049,0.519319346019209,0.0102310260898778,0.339796365270558,0.608391108627512
1139,21,0.449503832497791,0.771665106129134,0.559346484616453,0.55746140922635,-0.100380636462851,0.602826500144982
1140,12,-0.506444202470797,-0.707252389689922,0.631972924014904,-0.575354101389462,-0.700646653648102,0.688039282877687
1141,26,1.49668560632689,0.743895464696744,0.567584488017993,0.81656258714384,0.945266039986466,0.638173126315994
1142,13,-0.67861324793609,-0.791434776811681,0.622824536890641,-0.625932213967088,-0.257809049388457,0.709610245243396
1143,20,-0.604010655935353,-0.238074365210722,0.534521337356242,0.721666865126226,0.740818539500217,0.631509485447841
1144,18,0.093323949283009,0.0898342207689246,0.592189956163847,-0.0656116990673943,-0.155748425809769,0.656826960510213
1145,18,0.374859575197306,0.0118852817772072,0.535051563046357,0.0245158807267509,0.197952269146177,0.611420815287995
1146,20,0.407527478132973,0.183913979080735,0.518887023994115,0.34019958952436,0.236192700302726,0.610314628997651
1147,26,0.925547599420749,1.36546924808064,0.583647473172338,1.30275291172154,0.66771011880455,0.590813005883203
1148,11,-1.33600133182149,-0.9651902044893,0.629269182904405,-0.608242993099181,-0.351830243345678,0.687598748306247
1149,13,-0.754009434189939,-0.54890535586018,0.564174116411295,-0.392063028362566,-0.31385184992089,0.622549333809035
1150,8,-1.5808047046455,-1.1435804916692,0.671304715216751,-1.9581111796544,-0.945392783816935,0.667304850987644
1151,4,-1.72895133032773,-1.95475899392368,0.69055048329513,-2.23450916686823,-1.43188598486019,0.723483515568482
1152,13,-0.697845436246847,-0.421393334517275,0.646326681847928,-0.499620967087978,-0.718794465864427,0.629930556528848
1153,22,-0.0962982814205686,0.286943534788858,0.530158331414154,-0.195024028738171,0.384710470028252,0.603223488446544
1154,18,0.0695473480797755,-0.0981101055283022,0.5536170141007,0.0531250860272554,0.146485517458648,0.603924134622313
1155,27,0.877642358574678,0.926574993115231,0.594638794682135,1.55752625679801,1.34852889106335,0.635815964053414
1156,14,0.887391063149464,0.243229917721424,0.578243329927921,-0.791842790101732,-0.862542501798676,0.618758942877789
1157,22,0.670514201987719,0.404187117342425,0.541847889945483,-0.309154724036892,0.473542612554026,0.574350047612146
1158,15,-0.542368580458149,-0.240677114392658,0.562438263447627,-0.361926120795834,-0.151933874431413,0.607048092900301
1159,13,-0.0975147983543187,-0.473138286865411,0.585114998214918,-0.718103598456486,-0.498494175132512,0.630000086629907
1160,16,-0.307966689125904,-0.764355029625115,0.572954782031777,-0.291230715328851,0.538424740428983,0.682734799224292
1161,12,-0.629628203193907,-0.941300190862419,0.639457034389095,-0.511745542259951,-0.784467874917376,0.668028341685349
1162,22,0.368521489343048,0.55075402727661,0.540898775999964,0.584609515606891,0.276754411313714,0.581623482176553
1163,9,-0.994000308073591,-1.30004926722356,0.661198746179314,-1.17318696615783,-1.03758081547417,0.699733444633157
1164,8,-1.15748763734802,-1.22501307920723,0.698210951211917,-2.2798033492206,-1.43453485788123,0.73613711184912
1165,30,3.09007426783557,1.77398403982286,0.698462031557214,1.9730917020091,1.86944834206298,0.705015538999164
1166,19,-0.151183620439462,0.0328877544699848,0.571282193450019,-0.00275070425240444,0.17296968269391,0.673411000383132
1167,25,0.522049722917678,1.06108067131086,0.542006912803065,1.17713647051867,0.528955514938736,0.591282395224718
1168,5,-1.49844727229465,-1.55597499441541,0.684381132600321,-1.29457053705336,-1.47612574824872,0.700606152235729
1169,18,-0.449138329528906,0.443020361743935,0.554784874575275,-0.0457512137326189,-0.339331712599831,0.606393082847385
1170,19,-0.0706618849580413,0.195552625881165,0.539453959111044,0.0207978636562786,0.118768781677027,0.612693402653295
1171,12,-0.711015499673932,-0.511010445077063,0.631629231415642,-1.56257932179095,-0.863376990542748,0.668090100453557
1172,28,1.27815746612128,1.47395936862533,0.645083596996328,0.617744759267551,1.45756770937927,0.673904516469871
1173,14,-0.492655395705241,-0.458026756154708,0.581178381947044,-0.31972008658214,-0.348958725386176,0.634325605173326
1174,18,-0.496944084565194,0.107754025046663,0.565568663888536,0.386151084495856,-0.339391405564874,0.603253662678076
1175,24,0.775408508893493,1.02646536143571,0.549910107587492,0.387269332096282,0.558066135962287,0.576100332478069
1176,18,0.814104114832182,-0.16773370262001,0.552441493764075,-0.498227100318955,0.373138015285994,0.662624969967464
1177,16,-0.227478913101015,-0.864783789398643,0.619121956737833,0.22786924154028,0.00923205126742166,0.725457248972222
1178,13,0.0847293504377804,-0.233067149987221,0.652890580578891,-0.929169461433367,-1.24460431441305,0.66355998662897
1179,26,0.492591347641144,1.01651311582616,0.550959603950351,1.68513793761732,0.866076265087061,0.58935007334658
1180,18,0.468946926782206,0.0692751579075985,0.523767364161951,-0.695042949998507,-0.0753722680235028,0.60981067356358
1181,26,0.737248079297473,1.28047029667365,0.576741949638893,0.191212401790291,0.630532685913825,0.593794751211185
1182,16,-0.3181317593371,-0.0236111270927673,0.584163095505907,0.0957341341473624,-0.414236831491067,0.623110251123216
1183,27,2.12015240369375,1.03688989754129,0.60230573795699,2.56138579443258,1.59443892106457,0.658184758030233
1184,12,-0.885302380624359,-0.711888119125473,0.646000803423796,-0.654234273808787,-0.871236175087028,0.676360917451398
1185,17,0.254361269480655,-0.431798247662852,0.61062856658834,1.15313502192811,-0.0329920862479748,0.689729247225611
1186,17,0.0173143089168121,-0.0657553188567229,0.562207737702054,0.330131653163142,-0.311420600719964,0.610893607360189
1187,11,-0.398119914066851,-1.01871482751778,0.651491570597669,-1.03814436388193,-1.07862626327051,0.699618734853566
1188,23,0.630557645935539,0.424749348821339,0.559129476588334,0.702582852796503,0.600380475826266,0.666109077788684
1189,21,1.09160898655911,0.378818754383526,0.562876461025697,1.44292064757452,0.613602563526492,0.630722568401523
1190,22,1.08229442424044,0.453862867644266,0.519478355291207,0.173094312969736,0.329310706035573,0.578353073122869
1191,16,0.813935429180523,-0.0772041651318681,0.603818765480519,-0.762283736188282,-0.520448444041521,0.644459217972561
1192,28,1.56993826189246,1.45078777999696,0.62758391923917,0.606194904192183,1.07689534467685,0.655161174063853
1193,21,0.368522702680741,0.358196697320662,0.514730537974876,0.132611007492461,0.228124495977491,0.578285292898669
1194,13,-0.817323593152709,-0.910507112281204,0.581555487374863,-0.746206786841841,-0.1010762561917,0.624976918223337
1195,25,0.852532074148586,1.03132297379821,0.594799587846254,0.975780649042977,0.651119263044742,0.650085399323837
1196,9,-1.28001947537884,-1.12630510749688,0.681983931549443,-1.35838512192086,-1.14918406916245,0.727574474462045
1197,20,-0.479318642620134,0.393642905664371,0.539089513424096,0.623095614733481,0.107687807178508,0.582670485995002
1198,29,2.87057919147438,1.45161320840184,0.649131833466753,2.4258915679964,1.78472280873519,0.683286013202969
1199,25,1.44483979002703,0.993055163341488,0.542235074585412,1.25505985734659,0.540077663769,0.574196919514271
1200,10,-1.33378245560478,-1.23899528251754,0.658867319923956,0.317899208457602,-0.763804192967869,0.680031892797081
1201,29,3.42373535278989,1.56709407104857,0.658564835244391,2.29529005570905,1.56127609466131,0.678907993408357
1202,18,0.285825930051274,0.437133997596558,0.571091289272543,-0.627615911351045,-0.397949759599338,0.604502756137529
1203,10,-1.11719850305451,-1.30725405556193,0.632122509476875,-0.381432441817236,-0.535283767692697,0.764030228875116
1204,17,-0.0500235413870996,-0.351074333250205,0.547010259421112,-0.458387587795774,0.0596111099528094,0.633114608066385
1205,6,-3.14676839516621,-1.48322390324113,0.707254393996798,-1.44157607135923,-1.75486823485886,0.705105016790509
1206,23,0.633618240555188,0.817126274798788,0.529301229970993,0.970563909410898,0.41343332385266,0.597590012149905
1207,13,-0.0771780741137537,-0.665299061456943,0.6520093155181,-0.562965525076988,-0.402100298472631,0.614704030954334
1208,28,0.850746368608956,0.775109749404631,0.586972271980406,1.40545770653033,1.55471950419716,0.648649561677622
1209,22,0.190990979517497,0.352892327099189,0.541886634633136,0.0125530856046587,0.442149534313345,0.6020715397026
1210,14,-0.318513473515912,-0.526670838990778,0.582619810050574,-0.98745383325067,-0.382233431228121,0.627675928733999
1211,20,0.528011491811806,-0.125239991959936,0.583284901051027,0.120766255970862,0.274521518792587,0.702340973841979
1212,17,-0.525653397308308,-0.253981946079864,0.621522936503161,-0.954503070458258,-0.219589564194014,0.729847318004149
1213,13,0.0669874379060775,-0.134991542283223,0.58764414323358,-1.05241678943538,-0.718999288356481,0.643038666476945
1214,18,0.137782478029499,0.0937043209530735,0.524448978024341,0.174340206810887,-0.0351302567464624,0.602667401342756
1215,22,0.552735436401268,0.635209394658915,0.559129153502462,0.786229835876109,0.230493198304451,0.608584402241359
1216,17,-0.284757818457037,0.244463993946444,0.597909323539185,-0.404310576827645,-0.479825335831311,0.646754322902784
1217,10,-0.0862909074196019,-0.776920829669709,0.669556646653494,-0.948837699003676,-1.05740114066033,0.685169014993566
1218,30,2.23733398648015,1.77398403982286,0.698462031557214,2.10731657212736,1.86944834206298,0.705015538999164
1219,19,0.0602785274196074,0.276504310594982,0.549522048577866,0.767024825744596,0.120425060367457,0.566724071594893
1220,20,-0.053175734308396,-0.557594688531072,0.572826260619448,0.211873832564991,0.873009765402055,0.669652328612881
1221,21,0.0719460668873955,-0.208522228735267,0.526506320237859,0.682188769418746,0.982592497013169,0.644565476814225
1222,10,-0.826823890721321,-0.621470810296352,0.622891140113247,-1.022391750602,-0.962803839650898,0.66363292034417
1223,28,1.26282504212811,0.775109749404631,0.586972271980406,0.810271377845378,1.55471950419716,0.648649561677622
1224,30,1.84662007017643,1.77398403982286,0.698462031557214,2.26415582206614,1.86944834206298,0.705015538999164
1225,16,-0.0552421182618413,-0.329671299867606,0.540505932942645,-0.764226610386581,-0.0441472561444437,0.626086295436874
1226,23,-0.198197358739091,0.894521511075429,0.561368559806581,0.651009955969417,0.112810439245111,0.603092940003819
1227,21,1.10407957863761,0.495564295629755,0.548951472071751,0.621468937157979,0.0225220339494677,0.603735165692701
1228,28,0.73790237566455,1.67557468932184,0.620538220756896,1.4969320734677,0.914396341552572,0.602175113289754
1229,27,1.97876292976553,1.58328304750596,0.595404239238147,1.22356055392893,0.78494837233158,0.583729473971869
1230,28,2.19994210127399,1.25096304380613,0.625825476201781,2.00933583147552,1.48775853048556,0.664880880224838
1231,20,-0.268649172521454,0.174865144086588,0.546396793735424,0.773872961738172,0.403086308801623,0.575773748853129
1232,16,-1.14614478997434,-0.159807351511758,0.711221931035868,-1.00530347004398,-0.731094352696583,0.689994752671882
1233,13,-1.00724228724442,-0.596216821262331,0.69154197900463,-0.737782647653849,-0.876080223155606,0.696553956558283
1234,18,-0.246028394961156,0.194791843428476,0.541449838451438,-0.455178218927354,-0.198554187502797,0.608399474784806
1235,24,0.387638260347102,0.304819682554629,0.539967659643325,1.15047889487962,1.32582483197142,0.63971466516685
1236,21,0.865665498599634,0.73297889697321,0.543170609521566,0.25703008193843,0.11221169286116,0.586120239902154
1237,26,0.321332615092757,0.479082160928851,0.570498146014652,1.19566209844105,1.14578496650619,0.650259233659394
1238,19,0.700767311776509,0.296102843487868,0.51985631255977,-0.211312501237558,0.0888000636743301,0.583836791970991
1239,17,-0.217555093846488,0.0811310079149398,0.568042131732018,-0.0780714395664373,-0.543844100079103,0.613810131279913
1240,30,1.26609561292274,1.77398403982286,0.698462031557214,2.02267522832771,1.86944834206298,0.705015538999164
1241,19,0.419196298017917,-0.00429149901594324,0.54586341299057,-0.440156810587939,0.139737538572844,0.591939556174795
1242,21,0.614179341178405,0.321241066006347,0.5118610490432,1.13554187418878,0.513073671531599,0.572805801912979
1243,16,-0.469248427617193,-0.391351379236837,0.538899939392767,0.0226521552511388,0.020732090683951,0.619949851332757
1244,13,-0.765891382023929,-0.994748467900726,0.671269449436902,-0.632329718895991,-0.51105200502831,0.7325632806096
1245,10,-0.806896165830161,-0.335355904582459,0.619373980996439,-0.85498583885447,-1.02541439661289,0.628411001251288
1246,14,-0.141181538484794,0.0473374081061274,0.544357199643144,-0.939582125958893,-0.44996943867296,0.593389027480535
1247,19,0.164629715191061,0.0922598279209078,0.608672952494269,-0.390487242174909,0.118525106829378,0.670683743297576
1248,24,0.669034932917946,0.497025255467956,0.567492968156361,1.13879361110661,0.932933658791311,0.631504115569659
1249,7,-1.95604378398697,-1.18557879832853,0.692209847264485,-1.88305805686012,-1.38188361419803,0.711038082530776
1250,16,-0.111229603146178,-0.950939727238736,0.565439139978971,-0.530759501907726,0.65791076580681,0.698137567554906
1251,27,1.02537179124629,1.03221557774982,0.604993711535273,2.18516031131877,1.44781717219892,0.656524098506616
1252,27,0.183761429015029,1.14343718330841,0.601641314273395,1.90145214243119,0.949676308610746,0.646885979739849
1253,15,-1.05436874418537,-0.188568811954835,0.589098998506703,-0.739272030083359,-0.358424721694351,0.614482543825151
1254,23,0.655087469698073,0.67210343483781,0.520390317738268,-0.347602791163013,0.471699349550968,0.566964296893842
1255,14,-0.463115173269496,-0.44300244634098,0.576764932664189,-0.799010465240446,-0.472381796015215,0.638977643406244
1256,17,-0.100094275484325,0.310157151386577,0.578098089166226,-0.352163766034762,-0.399435529760793,0.609182334820297
1257,16,-0.264795751762532,-0.397685137093365,0.567816195185697,-0.748446121276052,-0.406436964199673,0.634789744370427
1258,11,-1.10731254880956,-1.07389402589619,0.630458355324861,-1.34546290070406,-0.906093395716559,0.69254001193731
1259,18,-0.318879563315698,0.298491060438462,0.548478003785186,-0.149729745770658,-0.0747566761105059,0.57142337221406
1260,9,-1.79039611793887,-1.29646576119638,0.734326522827925,-1.72058110228458,-1.40131209073074,0.699861292493767
1261,13,-1.49055932224499,-0.221395040748524,0.561165498837718,-0.940784829601669,-0.519522604343043,0.619363326468823
1262,18,0.505779835360853,0.334217323673793,0.522274305489175,-0.592909121658565,-0.0997543965304948,0.587351727242578
1263,6,-2.2812196110547,-1.2689230052743,0.672701055676202,-1.97713062775031,-1.27986424743616,0.684948752788294
1264,23,-0.315078424478571,0.192312333033074,0.544189743107212,0.337031826515049,0.813262826839177,0.639634867440988
1265,10,-1.23266162848266,-0.711112353344739,0.651979475788184,-1.6511648833131,-1.2195538706115,0.674372170938029
1266,17,-0.664274319576983,-0.246215886980617,0.571781867437863,-0.643051665117862,-0.0855948020440413,0.617064680417396
1267,15,0.0579065893334887,-0.30808541781568,0.681911064733985,-0.0887117546687787,-1.03262266997693,0.713474475502078
1268,28,1.54362610888229,1.10058615225682,0.606129358793268,2.40433017632442,1.62591883608528,0.661319391628532
1269,29,2.04405198401329,1.45161320840184,0.649131833466753,2.95493544340098,1.78472280873519,0.683286013202969
1270,16,-0.263533210728072,0.0571967759989797,0.601084711598904,-0.292438949217798,-0.515427964994625,0.607833147582575
1271,19,-0.0158755791509872,0.153496674938893,0.590793388574581,-0.105772071027826,0.121347640094245,0.668595471634057
1272,17,-0.290083308727839,-0.414542771346535,0.546728574959813,-0.0541564822860162,0.0683939219545225,0.636377768806186
1273,13,-0.798962048191535,-0.688409707835542,0.620344240534393,-0.951202747439386,-0.536525571643715,0.65355358255119
1274,21,-0.170213566061219,-0.12932880752326,0.574913967772557,0.629720334013071,0.649612417749924,0.687075648710824
1275,30,1.32021058189463,1.77398403982286,0.698462031557214,2.59042811931672,1.86944834206298,0.705015538999164
1276,10,-1.18445360439634,-0.51998808267749,0.647629571230103,-1.40065045203526,-1.03723981016105,0.635775032388546
1277,20,-0.141330068687837,0.247819471666554,0.55415773545528,0.770167792600073,0.138506435920795,0.646258102333722
1278,17,-0.0938564196056311,-0.414346079091796,0.594102500749922,0.419951370973604,0.0610722019534676,0.686949970835252
1279,14,-0.835573380920453,-0.145496310218685,0.581525804111334,-0.704121776081599,-0.51504894361134,0.631824354760868
1280,8,-1.51788814397477,-1.41587218665221,0.658113214981752,-0.878450191267983,-0.65552614996503,0.737220913006028
1281,23,0.209668922537554,0.128898922980883,0.532694664026599,1.13028235042932,1.10308076343366,0.62212243037613
1282,21,0.652872380483071,0.436715405424363,0.540124827714335,0.10691437403102,0.144699329373386,0.577475112059904
1283,21,0.741597094910389,0.657284760777887,0.536263632902463,0.327235128333837,-0.023467519668805,0.617379606157718
1284,26,1.01442818595107,0.48087536863206,0.562908870791087,0.569965451842094,1.22991162303236,0.623415311966193
1285,18,-0.308136546626561,-0.0954968730394999,0.531796646702949,-0.279473657868816,0.0757852990506244,0.595298613757925
1286,9,-0.560808464075309,-1.00538060075903,0.762929126794581,-0.343884442076498,-1.67888873149593,0.703890649626939
1287,13,-1.32196343283524,-0.876650591114951,0.67636891627413,-0.509141907395291,-0.754981457755574,0.680685576998798
1288,16,-0.00492256429275265,-0.243823179356087,0.609363122289677,0.590360635367256,-0.420998375296683,0.621103308057974
1289,20,0.185692686804939,0.42723398618304,0.541986770547351,0.453753499024619,-0.00602911157614817,0.614334505484204
1290,23,0.758726468524572,0.9603558254622,0.54002865055803,-0.034120762400502,0.113166297903752,0.579772874354301
1291,29,1.84805470294661,2.00050768142834,0.669431113602403,1.32263527073347,1.20504087846765,0.618591623951189
1292,16,-0.855952574367616,-0.667592540419817,0.653585612830148,-0.539154585396137,-0.35221194276159,0.727896857202895
1293,21,0.468944298394829,0.257083930776849,0.582765306942745,0.766483783150813,0.388105832142165,0.659808094297495
1294,23,0.549358867529623,0.272645812502988,0.550536310429415,0.524426352889926,0.936466082502279,0.651404609639081
1295,17,-0.240194997241717,-0.162893566931467,0.538329507627374,0.202807831069228,-0.0751857491289269,0.603735431006222
1296,21,0.933535908400964,0.7939599763283,0.549549283829699,0.865391185628432,-0.0578587038727494,0.579664103538367
1297,15,-0.147730177696172,0.0504022906693742,0.558295001095344,-0.804751195694473,-0.467846928042352,0.631880637237036
1298,26,1.181416917897,0.474399324770101,0.546755220241517,1.07226002138534,1.40456953394833,0.638275066106869
1299,6,-3.58531089526003,-1.83507656958082,0.731618594403451,-3.44176476317006,-1.63559018988967,0.749120684790591
1300,15,-1.41266153908546,-0.715904599901136,0.604301280094523,-1.10394614780187,-0.304437346108559,0.644274403497786
1301,8,-1.24860118979503,-1.28698132622344,0.710248524410312,-0.828430123166757,-1.25477420646014,0.709137152428476
1302,19,-0.162617303935177,0.264581323461204,0.555900013001674,-0.374567830675717,0.0692356052861349,0.600813446366262
1303,10,-1.75607566079277,-1.3291063154408,0.621605268710041,-1.80592468907082,-0.493095197619548,0.690477779139926
1304,9,-1.13432635811495,-0.917841061228089,0.639207950145658,-0.697766549304862,-0.862862794687253,0.644582515606851
1305,23,0.960334733102971,0.865830771567652,0.554328108994287,0.320415601008104,0.192642116191316,0.604211692689773
1306,12,-0.737106980857836,-0.978096969189497,0.6483555876098,-0.493284292686716,-0.625803390123878,0.724739760489107
1307,19,-0.526507730929416,0.452265834980391,0.558754155781515,-0.136206423537052,-0.0161240911430795,0.586890199866867
1308,16,-0.0849275007971528,-0.572373082878652,0.627962565245941,-0.82592700284282,-0.219962306054785,0.709158329568069
1309,29,1.3326494562483,1.38581123277766,0.653715887121141,1.68025014855324,1.80248991223589,0.681488580480459
1310,12,-0.332223856806252,-0.654839383001308,0.610669524451958,0.073333363687335,-0.548470910955997,0.655067943469989
1311,14,-0.590638707217055,-0.277345094443273,0.614400428046441,-0.022444375023387,-0.815880003992478,0.620066573118422
1312,26,0.809626188964139,1.28791685787688,0.575461387978121,1.09858069566961,0.871865697438214,0.5910127056758
1313,12,0.0175425303321887,-0.847207636743932,0.676979492017977,-0.9515162735917,-1.13911789730169,0.724179851777063
1314,17,-0.349580986033545,-0.130106342417491,0.656720360550706,-0.501889259129338,-0.648560557103669,0.732093831295321
1315,15,-0.262856529494674,0.0259187154697737,0.594304105752486,-0.445628763006463,-0.584875085005491,0.614282723271418
1316,25,1.62140081551775,0.550059636945863,0.561350443015835,1.56476482155518,1.19391943030801,0.625627087633466
1317,26,1.40185017016064,0.990280223811784,0.592365156498961,1.7347997655992,0.973260562946009,0.640522348823993
1318,18,-0.63261489827253,0.162215692430251,0.552583866818718,0.105242420123629,-0.190135950960619,0.604570141588784
1319,17,0.0722463423166581,0.183384118504551,0.589528029392677,0.125757772330431,-0.524517975065795,0.65174000036311
1320,10,-1.21801679587759,-1.17885597890344,0.675521738917874,-1.53806608892299,-0.81370575790547,0.75456169913181
1321,8,-0.505351646204887,-1.18103839703531,0.695973931899508,-0.765805939766043,-1.44110637954231,0.706477946384206
1322,16,-0.526262477926966,-0.403260410306745,0.532347680781122,0.409520122457313,-0.0183173126915235,0.637777392065488
1323,28,1.83290682700461,1.26299946794579,0.633013048402253,2.20559721542456,1.6277595002455,0.668625184708413
1324,27,1.51427630558779,1.05141269714402,0.596232457463477,1.45559864742785,1.37221460757611,0.654798907937267
1325,23,0.927851778162561,1.22219445924171,0.567628212864265,1.0087856321863,0.112190553644232,0.598685418494375
1326,11,-1.13426273541251,-1.1756575096198,0.669086299184596,-1.7643825979676,-0.830832949426636,0.711488337330986
1327,27,1.85712968364992,1.58776831169904,0.601526894085956,1.68705631282115,0.653097416664545,0.599973134942486
1328,22,0.608602620584728,0.645525589277986,0.529893743607969,0.349134892533044,0.335095438933239,0.572853408637277
1329,12,-1.11039040519749,-1.23892044312859,0.666681437171716,-0.571212159939191,-0.198655609861524,0.721111431690177
1330,21,0.331211153331413,0.58057378444689,0.538005935626451,0.606473764482897,0.119623725773462,0.598516529640071
1331,6,-2.13580594022232,-1.46747181496424,0.734238053581115,-2.39260152783123,-1.449788790916,0.718037650813147
1332,15,-1.19167795913939,-0.424836830532877,0.640036342280583,-1.31296004734937,-0.786099367515297,0.717822871098199
1333,17,-0.369287917327213,-0.6462285945308,0.569357807370036,-0.162051991638516,0.552850622803152,0.700655356820688
1334,20,-0.224993511790313,0.013774904229866,0.567046541733597,0.162548558497597,0.0957918031355183,0.716323638773665
1335,12,-0.782429739523117,-0.793939000138379,0.597530760236827,0.144837097661203,-0.349816521429282,0.658781305270911
1336,22,0.828153716306513,0.629820149268146,0.528203986860344,0.988165057390869,0.433470119845259,0.576215045452088
1337,22,0.576977473808648,0.779559885889181,0.537413671290406,0.967096133041691,0.117642205500568,0.593130904052013
1338,27,1.31287600518319,1.08293419602349,0.597911378920872,1.61293772800335,1.00694506204955,0.644454854877836
1339,17,-0.278104988121493,-0.00645596887661546,0.546669478826352,-0.199079465717148,-0.0240998685239702,0.595645278705524
1340,15,-0.670793153974047,-0.288182495875255,0.644724399029954,-0.605063897899689,-0.766157786190172,0.747960979376179
1341,15,-0.446571167112055,-0.0604082322256615,0.548286846762051,0.268249932887124,-0.380984649016713,0.620969066142462
1342,19,0.678351042373491,0.138280760825142,0.561165852050291,-0.120961319646031,0.395054397221135,0.650791064078451
1343,19,-0.263301681217571,0.215025448163354,0.569488969799219,0.0929755759110967,-0.198205706812094,0.615864755774138
1344,25,0.719747064419352,0.747797606447473,0.556393145615658,1.16323372546392,0.838471196892958,0.635980036049155
1345,24,1.04385562186914,0.966018896544434,0.551166615073664,1.39352843431059,0.630396397469123,0.571295374692299
1346,15,-0.465467421352897,-0.513736599660226,0.606245404264881,0.336785388798476,-0.143805048594695,0.695739915682224
1347,13,-1.06810200360726,-0.511760407210057,0.567694469312232,-0.378624037545581,-0.437638951209187,0.634556696446383
1348,25,0.264151978665379,0.562870159131908,0.556982751525894,1.03489067291258,0.878869241135896,0.635074547449296
1349,15,-0.574473230829752,-0.599023550308881,0.565215435952905,-0.863773305684824,-0.242688604196385,0.653066375536977
1350,23,0.840679583359752,0.308851170916702,0.559414910757794,1.0903150021331,0.672769590316662,0.644911321165207
1351,17,-0.747425588518953,-0.137756917194631,0.576622992456315,-0.282775534224457,-0.289729973206834,0.603319865631529
1352,15,-0.229705915141973,-0.0498874368755426,0.578921648609136,-0.951131058043097,-0.528322761816313,0.681090356009883
1353,9,-1.52679189684676,-1.20723894410734,0.62748269801803,-1.32176272864217,-0.775063874344038,0.676346741509291
1354,14,-0.560966882784357,-0.494183178990531,0.59778225440183,-0.491918140491059,-0.399784006571523,0.619424284694301
1355,10,-1.6433030800657,-1.18576348158017,0.620163618546124,-1.93261620318287,-0.793051432074135,0.676288597657759
1356,12,-0.964080732492894,-0.53392815110539,0.613899562150996,-0.576890798013388,-0.700999769657521,0.638779952751559
1357,22,1.34210034852348,0.330788997426684,0.582035036206474,1.30699316855318,0.590630599369942,0.640877372943718
1358,19,0.446233809337411,0.0614808544949989,0.542715325599707,-0.759677926602084,0.307040293393838,0.583193676623762
1359,16,0.154863698002142,0.014326585397974,0.552323047600636,-0.787282443902951,-0.118677492766882,0.60395011267981
1360,18,0.436932826802457,0.133110926551412,0.535043527858817,0.473203064166409,-0.0907233569948066,0.597264782951169
1361,10,-1.17654438668588,-0.771704037050959,0.620268780755946,-0.940822009430411,-0.848375302600677,0.682449649774206
1362,25,0.738693103829628,1.35016025505148,0.569333081088385,1.32111881359123,0.480828313292639,0.593558299025795
1363,21,0.715884183440607,0.561670244717135,0.545861117345744,-0.0422105595142178,0.15265207135021,0.588486663859056
1364,19,-0.957875093953188,-0.257659184455662,0.544217390923386,-0.275603579448532,0.263972483833575,0.623448612612386
1365,29,1.6228209164032,1.57498055581409,0.647036700396396,2.26099974727774,1.3074093343131,0.664032523694386
1366,23,0.547793665654541,0.446097098716512,0.569368155806927,0.303366380330911,0.999829202137881,0.627914392168533
1367,19,0.438383779438664,0.0296213975029565,0.515792812341032,0.210043141665795,0.197059838394704,0.60191786681172
1368,11,-0.870527302569117,-0.886562141775301,0.677456257261377,-0.945207044667424,-0.779590785412739,0.7188464410024
1369,16,-0.589867671165186,-0.218601723617105,0.550045565734947,-0.657070884934311,-0.235006017669473,0.631177235580929
1370,21,0.349814087117223,0.282553800418683,0.530508909303321,0.166215946307713,0.410006107294831,0.592328606243558
1371,16,-0.821018161697854,0.140549831346551,0.60885816314761,-0.279719008442271,-0.771380315525546,0.614003428266025
1372,8,-3.02717593909918,-1.41770751657072,0.745741026138988,-3.61689760467368,-1.446744106693,0.733807712398779
1373,15,-0.353162762972848,-0.481507900584143,0.607057152564876,-1.12792684297726,-0.408000654656014,0.711204983190628
1374,10,-3.11487886637189,-0.97314835603107,0.663680752093206,-2.80815064659824,-1.01394529918745,0.707300953625126
1375,15,-0.92511936173496,-0.487597175116601,0.586185755383957,-0.170963074582633,-0.0435677110384087,0.686979163857637
1376,22,1.27186908151981,-0.0728867885116517,0.541688973848612,0.409141969204449,0.839280023883255,0.660814919922206
1377,17,-0.671042348307166,-0.0555456483830933,0.539931924925696,-0.458219480636611,-0.250634468295061,0.608756332794607
1378,18,-0.238555224872034,-0.149311089624583,0.590135287287485,-0.186691913935348,-0.0654098940439171,0.68100777038844
1379,19,1.07580487143364,0.139219774123752,0.515003346991728,0.183318301077616,0.276936751368852,0.583927447676651
1380,14,-1.28651266450623,-0.214285628263368,0.551135757941977,-1.1556608379678,-0.269073959889613,0.623336663470603
1381,13,-0.990760380138731,-0.603444589824613,0.609369730511219,-0.815626263899285,-0.576664005341018,0.636241403164833
1382,23,1.02071816195892,0.619747430965392,0.532602692971852,1.02831293556931,0.404571187584112,0.573633467263476
1383,17,-0.403986822305455,-0.132342670261045,0.564607888116341,-0.0823965434556044,-0.199346677515789,0.594112774120742
1384,22,0.168984898333838,0.47338148463631,0.575673134999651,-0.0991265816673001,0.345226272270355,0.666251253383527
1385,28,1.24387996767594,1.62306148937123,0.644967261265018,1.33925497917758,1.15812666446937,0.679487438029494
1386,11,-1.30652177293843,-0.83136607230345,0.583265510167223,-0.63217721872435,-0.584343562685055,0.679378986346435
1387,24,0.203101882683045,0.897003515007683,0.580098268227324,0.380133691332838,0.678200260006313,0.669768845514228
1388,19,0.0690754755468438,0.103511746327247,0.554852601704379,-0.249297176016067,0.182169498413909,0.660275346377006
1389,23,0.779740433870936,0.731207288097651,0.534644531130347,0.546686808748398,0.550893065191384,0.591661082360483
1390,11,-0.709889408977645,-1.03879699175456,0.578691015367336,-0.104478276728796,-0.429685571260473,0.68787211018376
1391,20,0.508963473906163,0.746473783032206,0.539788414256749,0.487831347174987,-0.0518585462016225,0.57604397891974
1392,21,-0.375393683685913,0.508538757986899,0.551468044874197,1.18658711350251,0.296722526626777,0.638174393350251
1393,25,1.99161734795923,0.87711301497026,0.5395946634264,0.565836645848893,0.741183126290229,0.588538739430992
1394,21,0.268363836773052,0.270735777771514,0.580880766945369,-0.56099989156579,0.0960531672624284,0.66592555032448
1395,14,-0.780997238150462,-0.202497700317919,0.624430805742332,-0.860348383697108,-0.585462158502903,0.632642826438686
1396,13,-1.06544159867004,-0.770173279962068,0.63747570565643,-1.07481936890878,-0.782758595751224,0.645125820713865
1397,16,-0.0862339493596505,-0.467951444348408,0.622795325715222,-0.534026831599525,-0.146469013313957,0.723871208546685
1398,16,-0.269372390016082,-0.134905646191582,0.555851093942918,0.190627576359968,-0.262141954333522,0.616574384910616
1399,24,1.37015350130804,0.140918703249277,0.531781942275935,0.712507658243853,1.23378302764656,0.639153178664516
1400,11,-0.916941628742304,-1.01529208322833,0.632235407554241,-0.821003362514229,-0.529241556077457,0.749591383751841
1401,27,1.46861390724751,1.21466097304134,0.57973992938413,1.60851790138213,0.904177628059697,0.592441309622277
1402,17,-0.574471029054415,-0.464868058260438,0.563510076242825,0.78893489957499,0.331171236238097,0.679651851646741
1403,25,0.416654217931168,0.430049548267815,0.555728096428316,1.45835991298163,1.00287919051598,0.649884458346237
1404,18,0.32946709622016,0.0320459045602951,0.60418365177703,-0.218543409170837,-0.410612760846674,0.6573445019172
1405,25,0.849867905479619,1.05607424584927,0.559967620356598,0.725213666052367,0.798372785544335,0.591130367794117
1406,8,-1.20093747470416,-1.06760462639788,0.789652226752209,-1.61279302061886,-1.69907313461978,0.699824295198447
1407,22,0.680683369187563,1.01710349935975,0.552258727872713,-0.463737670579132,-0.038710294309857,0.584746654100687
1408,20,-0.00638823466915849,-0.0557267492999263,0.591066205290626,0.464480124315325,0.213256645474935,0.677029316554472
1409,15,-0.479397154055329,-0.742215343440765,0.587796789518772,0.651083042650212,0.0543846541202743,0.696676953147473
1410,15,-0.220410197871361,0.157284179131919,0.610110044309544,-0.313604157172148,-0.771746354911743,0.626790194077306
1411,24,-0.234008682889181,0.246460306501551,0.564833915096672,-0.193149059116475,0.869725195542385,0.668827179413292
1412,19,0.644173626014523,0.496347081719737,0.547310272057553,0.315069097534901,-0.180557747484651,0.590807164584201
1413,17,-0.212444660478366,0.272641092821978,0.624527261942284,-1.28390583576497,-0.3282912470297,0.672698704740671
1414,14,-1.00208074218026,-0.294502389497723,0.623494286186667,-0.617049207630666,-0.543889485925677,0.622331675264372
1415,22,0.0946010189765302,0.637642396342163,0.593414578401714,0.440190792751518,0.148357637607606,0.65468875761379
1416,27,0.841345252957951,0.662119176542533,0.568425672263242,0.837884559265585,1.44470538445465,0.645529822707693
1417,20,0.620857221136425,0.524996052683327,0.573071610346132,0.23181136271009,-0.0413669963460121,0.656532834500918
1418,21,0.617610594771379,0.0831644950017452,0.558514879590255,1.48996956907516,0.504792567419555,0.66399886625718
1419,13,-1.46041742472906,-0.724718362155846,0.66803557896702,-0.676831073435016,-0.997451815108729,0.689672506860047
1420,28,1.7019212827391,1.11555721861428,0.609224136969004,1.71519204626126,1.57980160048223,0.661548933039463
1421,16,0.436477213327846,-0.336948399496961,0.571403648120449,-0.144040303121812,-0.364854476122817,0.665172575264467
1422,20,-0.0567804745876418,0.428855232067007,0.576004076233792,0.755902795887021,-0.108225694946774,0.59502030176193
1423,19,1.26228539749981,0.25065174886253,0.543053255272279,-0.116360921745689,-0.0757060950768476,0.5972735690509
1424,15,-0.448701036650576,-0.721175416703084,0.645144081555232,-0.113474728027217,-0.113574911507905,0.730999189007614
1425,21,0.307267970284311,0.565819815384088,0.530363571200033,0.37226147649848,0.303166664020476,0.579546088538797
1426,22,0.79620296529812,0.0313166416222701,0.535649801610997,1.43506915593228,1.02804659487796,0.650133056306016
1427,14,-0.626759277782014,-0.602832808222881,0.578499723834507,-0.311752954183536,-0.382719240956395,0.6376247559888
1428,15,-0.816339723368033,-0.367931134628829,0.623587755442195,-0.280631148407262,-0.460517446029043,0.696865857476311
1429,17,0.432216348460661,0.334017013937086,0.549393080654899,-0.129551332028552,-0.33890647960085,0.605820374241613
1430,22,-0.0544399926150213,0.133377985675623,0.539270215742223,0.204458785754084,0.695665401339959,0.63800751758687
1431,14,-0.898522952872997,-0.677835734271207,0.601919586542134,-0.850958554352528,-0.49602640593823,0.652659542634902
1432,26,1.06180517603405,0.80318053374866,0.571466724925785,0.72669567477015,0.935873328568019,0.639359949823266
1433,19,1.11832076553568,0.164008447921374,0.513329351436439,0.607129745419176,0.165336705913934,0.585569919392469
1434,13,-0.177162917574863,-0.393294367498083,0.592939004375585,-1.00870668869044,-0.777949542427804,0.645639321853928
1435,14,-0.305152735779643,-0.701347524024602,0.606202196742349,-0.260364226505057,-0.438873134417157,0.639458711679976
1436,7,-1.90028886302438,-1.68339866306578,0.737841476073932,-1.56598489571419,-1.46219476685167,0.756451708327391
1437,18,-0.0578062058412488,0.186051560063067,0.557076007355767,-0.903163404095193,-0.26354545491832,0.605916846932804
1438,17,-0.216499715362388,0.386442572963607,0.537015029280196,0.280544142576227,-0.189391415276329,0.58365598085914
1439,17,-0.44431065634405,0.120988029238976,0.547542380359886,0.321710089678107,-0.430192023921132,0.611131838333771
1440,5,-3.29020395862395,-1.71520020909344,0.725286867744061,-2.12527162386445,-1.69026153254497,0.706459070619474
1441,27,0.763217955788583,0.819888529524243,0.568530062073959,1.64810610247603,1.33450524358703,0.650889998335567
1442,20,-0.151116075654036,0.453793227319124,0.518886541117848,0.460447455715923,0.226326164801963,0.579081971375216
1443,17,-0.0461117621054952,-0.399606160783541,0.556260722255175,-0.186113047014591,0.385399418625928,0.703600397607959
1444,10,-0.823944211730442,-1.41077739829773,0.632168906688318,-0.255419777105118,-0.544066201889286,0.685812533227323
1445,11,-0.780551701851564,-0.753640019638594,0.645479509664542,-0.374126248141107,-0.852274954163414,0.668398509843782
1446,20,-0.486807449530401,0.316822504919478,0.528818973313225,0.0807612181481085,0.136779651129636,0.586439802929564
1447,9,-0.54082933125762,-0.99234530670784,0.657654833277578,0.0390472413119687,-0.948295589568528,0.668095545672934
1448,25,1.26394731792959,1.13424715180459,0.56578588375393,0.78028969945193,0.633511403479297,0.593299111784724
1449,10,-1.46052336338893,-1.02883867458084,0.779682517629218,-1.76219466523314,-1.712019279754,0.68902671336511
1450,25,1.18315682777386,0.962763361224665,0.561554056373297,0.876731935583561,0.590348547867192,0.591830304989913
1451,19,-0.472941009090725,0.224696390080979,0.543368661355772,0.381217857498519,-0.0859520000437359,0.608194417777782
1452,13,-0.485778888800226,-0.68883659115729,0.581849169802221,-0.299058665385811,-0.410843436392952,0.642887344008601
1453,14,-1.09121129353923,-0.998197006060233,0.645434201470727,-1.26508865546474,-0.483320634574322,0.760797251673931
1454,16,0.304228758758955,-0.151950241226658,0.628204095038552,-0.685459396996975,-0.358897300823964,0.619245903059957
1455,17,0.588872370440061,-0.10432084920259,0.513171774563437,-0.144371552806485,0.285046714241208,0.578435489201753
1456,16,0.169649320743153,-0.178116175270864,0.605318855108849,-0.296624968680336,-0.448168057664567,0.648410089389937
1457,20,-0.255442656889972,0.307085065930944,0.537958048065482,0.231160306545704,0.160942994152076,0.580209191904476
1458,19,0.147692157332161,0.212974096263542,0.600426995567108,0.374275449333632,-0.219762087459273,0.699664841500018
1459,23,-0.0706363427362794,0.346845059500915,0.578171531135139,1.18446411386783,0.634882980497412,0.637909595802983
1460,16,0.981147687745883,0.40311775883186,0.561406941455189,-0.772227201113421,-0.541224340322734,0.618797098469991
1461,22,0.622574931608511,0.239396581291548,0.549747333161729,0.169210090786487,0.621799324996822,0.63750121349544
1462,17,-0.405803673650955,-0.0744896258528704,0.570149606457431,-0.461097967175946,-0.0869229780514327,0.609553553292054
1463,21,1.24425851789525,0.639187577173921,0.558917520163779,0.228735891475416,-0.0209382558905793,0.593656751429298
1464,25,0.32191594229108,0.61918562460817,0.574322876061456,0.906371751988841,0.80175664633506,0.642398198484437
1465,14,-0.628023288914942,-0.707113429822438,0.632376747487112,-0.517702345431862,-0.810984537495377,0.662634226490713
1466,8,-2.18243329231367,-0.945545652839178,0.708857434701809,-1.72639978621954,-1.34530327740159,0.699162258588952
1467,19,0.88109435143285,0.431819464408279,0.549571488058189,0.00864102748254947,-0.197090482874048,0.60929043848625
1468,15,-0.152375019734603,0.0583686676986814,0.585305864318963,-0.643016093397728,-0.508634133072343,0.600115318052141
1469,15,-0.333416232266763,-0.168869590888405,0.63355062377388,-1.53468920452461,-0.453361288745031,0.626921787791466
1470,7,-0.550724975484182,-1.263828275662,0.708539806167528,-1.07210742682448,-1.39112933560643,0.676956920444918
1471,16,0.300943200023446,-0.621563219116304,0.582040281477998,0.41447280619482,0.517485188819698,0.668129768541871
1472,12,-0.97815032463902,-0.743811578381573,0.579168538492111,-0.940656404737994,-0.500288742038045,0.64212007195157
1473,20,0.375290304909895,-0.336915407511882,0.522283016965038,0.486169807713629,0.63332202673887,0.609927120603274
1474,20,0.390496171614703,0.344381463440814,0.521858691762007,0.597703788335194,0.262234695528857,0.587538882148144
1475,10,-0.66396337659584,-0.996588106541074,0.684449194824485,-1.28774396856549,-1.08327534030373,0.694934354166891
1476,16,-0.580413286809609,-0.433524914098982,0.614523977851109,-1.12341780589079,-0.201780551851766,0.694083113307859
1477,8,-1.63558210649415,-1.27190017850183,0.705220865475412,-2.33505916121095,-1.54929498984695,0.719095701436252
1478,16,0.0615073821090932,-0.105992717338697,0.561601274596232,-0.166395098754155,-0.0273130714048672,0.590356091549572
1479,18,-0.557309046339653,0.0152703525457774,0.579811819014937,-0.734161678251468,0.0466514826187587,0.664053827830441
1480,11,-1.35059453364202,-0.865499314696819,0.62260201902854,-1.04403800475326,-0.699379606136819,0.634809989300607
1481,15,-0.346734685107536,-0.0331540655653655,0.559079961507552,0.379036647043646,-0.336552526855136,0.59421935915009
1482,28,1.75522247182434,1.31783729778215,0.623399296392803,1.56168053066798,1.25357899122496,0.666440265464118
1483,16,-0.850271231900845,-0.757667920114138,0.55539625480538,0.578102268552496,0.449657845028568,0.699971384387162
1484,22,-0.0215537607973267,0.0375085060091139,0.564351046399112,0.176968844769481,0.616607619356772,0.64333725466074
1485,13,-1.27158368323063,-0.906340624840886,0.62925120895375,-0.511557447163286,-0.520747146266681,0.710198055937292
1486,13,-0.311780877141054,-0.660483750044611,0.622777286612438,-0.620257239335131,-0.909050758473786,0.715634300205276
1487,23,0.573105011489072,0.00697031605398874,0.535408632880846,1.33259756215847,1.09897798134738,0.639477444666419
1488,21,1.30839518133021,0.366264711595364,0.518371182311512,0.968095612448419,0.564212290562159,0.574711874597829
1489,28,2.21438812765041,1.33264713436864,0.61517502365866,1.70255125430389,1.28302055674725,0.652133157141864
1490,13,-0.586504757389828,-0.885053105415185,0.624927936237444,-1.02745784802082,-0.626940096861898,0.696180093214637
1491,14,0.0331875857960449,-0.31846424601767,0.588943301949137,-0.55218534166273,-0.548718952621174,0.650316083699261
1492,16,-1.59594130589521,-0.386907149578983,0.621284548698827,-0.422354903674373,-0.139304218297908,0.686605703916642
1493,16,-1.11333420143328,-0.0167360513135646,0.631927961252824,-0.812247653455275,-0.740362104153805,0.618943838773831
1494,26,0.994731394928239,0.483427386077525,0.551760382821126,0.504966133704045,1.47532074933758,0.640968413475306
1495,27,2.08355297155583,1.32329365638663,0.595118921470243,1.55096315045763,1.06943876301224,0.594672796428332
1496,29,2.2610279965205,1.45161320840184,0.649131833466753,1.98813504813182,1.78472280873519,0.683286013202969
1497,7,-2.52489493128112,-1.57816616273552,0.711154479263332,-1.95854926058593,-1.50303948145921,0.726501032716724
1498,17,0.284890579517113,0.0946997776378319,0.553491322190215,0.164565665432902,0.00606472018755783,0.595296032887684
1499,30,1.69228695605018,1.77398403982286,0.698462031557214,1.80069043165499,1.86944834206298,0.705015538999164
1500,16,-0.194179833846486,0.00919931709892439,0.565623889652092,-0.0595085960039899,-0.572089463691804,0.628495874355186
1501,23,1.06358415105568,0.926167814694277,0.530789688802205,0.653477841377824,0.370560763768267,0.604046389158151
1502,25,1.07724949059097,0.38322356883325,0.561925173114136,0.994886339091396,1.11414812542389,0.647128122604046
1503,20,-0.432870095446733,-0.352882588822474,0.552016790519633,0.555777086270182,0.955738187206398,0.653424816686636
1504,22,0.0393706989540146,0.0291387510971891,0.5577199279163,0.953112156277563,0.624713462407559,0.695920911392706
1505,27,0.740976710267541,1.71796801832097,0.608146892747941,1.13091489174637,0.595777150591156,0.585657240409783
1506,8,-1.25106256358726,-1.13437329094636,0.66742519113295,-1.29325605034477,-1.159174359554,0.673512798148611
1507,13,-0.139129970396516,-0.0850264472125183,0.566463565804834,-0.569679417710221,-0.669576272431921,0.634991833976044
1508,26,1.28972324047036,0.558232284242615,0.561170692615801,0.289506210005281,1.0880385826618,0.629867896091515
1509,21,1.38856698825225,-0.276236946100755,0.540485631687616,0.27475070485069,0.716169498912765,0.670081185033004
1510,19,0.878631930038368,-0.00913975542784663,0.641044574922646,0.485767922797297,-0.166290015803501,0.69065932755586
1511,15,-0.240259866928559,-0.630791054138329,0.574223195948103,-0.836242887094075,0.143767300368388,0.705875470203053
1512,18,0.0658752398417326,-0.442578837161706,0.544851383561175,0.277075544999629,0.648570547302335,0.684154826878812
1513,9,-0.980501930420702,-1.04060085604776,0.671730958146848,-1.39099168517953,-0.986899821484283,0.682970848910697
1514,9,-1.05255857976928,-1.2212655197085,0.69251851943005,-0.813542002477318,-1.29350807280343,0.70230923467722
1515,21,-0.0808377683851708,-0.133126036897078,0.548293223306306,0.421345687221041,0.568024343357702,0.65459179374496
1516,21,-0.212441950016679,0.154529882755103,0.505978328414399,0.540982226606647,0.449485076577731,0.58303733700739
1517,26,0.888487517665701,0.723369993419402,0.562783461019362,1.14528741616661,1.08962728554577,0.645243485821661
1518,16,-0.199765474028828,-0.42845371579261,0.523531998446567,-0.362589049569394,0.347967936351234,0.584744247105875
1519,12,-2.01705249524636,-1.05095746791462,0.686636728435904,-1.74486491407992,-1.03678698918539,0.677278688027152
1520,22,0.45029906040759,0.55181588414944,0.578076106935647,0.81357310055931,0.384151578436026,0.652830504926724
1521,23,1.32927998238573,0.774618900224048,0.546281643026827,0.231829852009849,0.451180224575005,0.59668045676383
1522,9,-1.72729392901391,-1.24557318982902,0.734823140915806,-2.19814855173049,-1.22379369311545,0.73076701239721
1523,17,-0.162727312171102,0.119890838106635,0.591594235618241,-0.15924565463428,-0.393525042557354,0.62376160145696
1524,25,0.229041122537628,1.14628866552531,0.562514707194132,0.629389679051009,0.51691657654108,0.576652120763091
1525,18,-0.54502236127876,-0.293872743426726,0.560144108337997,0.187062954099531,-0.0489605804673907,0.64932971481597
1526,24,0.992965485762023,1.0237677448685,0.556414724334734,0.613589432020615,0.546782926750888,0.57406544504253
1527,12,-1.71394591387336,-0.76426156882203,0.60276931397849,-0.969407020546211,-0.551211475821708,0.654118482458316
1528,19,-0.155234334643681,0.331366659580239,0.543383681784308,0.964946497001759,-0.10352796575518,0.592289907787521
1529,12,-0.893203628353725,-0.800328456421046,0.584273748522793,-1.00388668598316,-0.405231417362047,0.645297664381347
1530,11,-1.1933633536937,-1.06034416395398,0.713261757985158,-0.741567202604851,-1.1332247756078,0.762205759652817
1531,20,0.603341205122991,0.386054842692725,0.564413617095345,0.441499452273179,0.310823123356943,0.661638703333146
1532,19,0.555255685438346,0.454306761046554,0.525425511333423,-0.624756887975484,-0.0805084964431606,0.584973815431883
1533,11,-0.56779306790839,-1.14082581469227,0.622710341580247,-0.884621542385829,-0.482634614328957,0.67585311073969
1534,7,-2.62364871614566,-1.35824022941862,0.716523227192754,-2.28560077269649,-1.73160351184873,0.706161856894372
1535,18,-0.362531365533567,-0.470497859366012,0.568358389897519,-0.336457024267853,0.306627673664452,0.682333849457924
1536,16,-0.764833121073848,0.0460176812272715,0.561494003367205,-0.455463948774449,-0.212088827290507,0.609511423515067
1537,22,0.497598397433083,0.694049661514105,0.526659635648609,0.879000385618514,0.262537449244233,0.596047508040782
1538,22,0.188933907633415,0.823219055475349,0.561717207718589,0.598464339045629,-0.0478826954445771,0.625705049227026
1539,14,0.656601875837983,-0.345909321934008,0.588637905671768,-0.222320038886343,-0.553833095586709,0.654854817631981
1540,19,0.47555330944073,-0.295497919283116,0.561972862921275,0.0299502030005919,0.406374944118194,0.687059545980844
1541,24,1.88091089191409,0.505817061870351,0.546860399354976,0.442400894266578,1.0008126413524,0.630687078452931
1542,20,0.215491078935441,0.59908234197523,0.530150654906705,0.48844691679209,-0.155083942487146,0.576864832303845
1543,23,0.910191582675094,0.0479069570466605,0.544244162598402,0.9516729349061,1.09414077831529,0.642696668304954
1544,23,1.42153280311961,1.13607082166617,0.559342452226792,0.35510705505872,0.0929090526120724,0.588941891280294
1545,19,-0.0433596778676777,-0.0349058435686582,0.571898553867947,-0.247633608040302,-0.00412770303827425,0.668461587304743
1546,23,0.68274174307788,0.538668211681856,0.580161277611219,0.122702334424288,0.303967335044817,0.692772140778679
1547,22,0.969354805315406,0.513948936786168,0.525764999903768,0.389465502355353,0.362485333042354,0.605273063130297
1548,14,0.280738168953511,-0.441644566853618,0.5933102864145,-0.406707922442938,-0.621207110890479,0.647675482743828
1549,25,1.59528312483935,0.924350438847037,0.590324608138481,1.71563101807036,0.749742584299656,0.643119487128537
1550,21,0.854727128073327,0.163712697241708,0.556019866751375,0.034258504236496,0.600003042781816,0.681583729427046
1551,27,1.58830769882679,1.56732441928548,0.607799536939557,1.43210686544157,0.921357534982752,0.596809411389972
1552,18,0.299449708247501,0.363576284175732,0.550155714623768,-0.538864361123389,-0.526872031405057,0.637587793551028
1553,30,3.02016877496633,1.77398403982286,0.698462031557214,3.45404912405911,1.86944834206298,0.705015538999164
1554,8,-1.86879128837941,-1.30496228401576,0.657369053317965,-1.98990762634778,-1.36042370680353,0.714429026714127
1555,16,-1.05573883750979,-0.659036237228043,0.627832393997961,0.150780300895804,-0.414621258214124,0.676515575210843
1556,18,0.614215067398656,-0.00959289882280845,0.560561337603784,-0.135063908888942,0.0717384588922372,0.659908826973359
1557,17,-0.995834648382377,-0.819278967393948,0.572627224250729,-0.244797124497917,0.513946768034351,0.687769948829717
1558,15,-0.577284008847743,-0.262143741508772,0.548223097522694,-0.371305377352749,-0.193474990832262,0.609445926284853
1559,8,-1.1349003866206,-1.32221174997454,0.715944604682126,-1.8559037231108,-1.51159082064734,0.745356705001022
1560,9,-1.34914285792114,-1.47718997749844,0.655007710967275,-1.24323476850806,-0.762682197206895,0.761678850357058
1561,12,-0.634622959285785,-0.683080140461938,0.571980047119588,-0.342521104615404,-0.503907240036769,0.63536369529141
1562,18,0.108217390868688,0.528547256359746,0.589680543316249,0.302793129309226,-0.737233366963463,0.616227360784945
1563,18,-0.585610710537384,0.0164732420367383,0.547721004140696,0.170995640433688,-0.0451053761091995,0.620933876009218
1564,25,0.479389358651451,0.71644061483114,0.568101371000785,1.50370287434123,0.679008593491216,0.646671805403949
1565,29,3.23525639109647,2.00050768142834,0.669431113602403,2.53620890264702,1.20504087846765,0.618591623951189
1566,18,-0.693347925793062,-0.00959383698823106,0.572461933204118,0.234654994322677,-0.169899073509801,0.606509767849621
1567,11,-1.05466437177445,-1.29815821999897,0.680031501906893,-1.97533676956938,-0.739464665847284,0.703298165612863
1568,25,2.02570654813399,1.29201370432742,0.558864950868691,0.814801313397775,0.303205027165714,0.578261570296339
1569,14,-0.977319180250534,-0.454378032303431,0.580933224622429,-0.494028057771973,-0.358655756862268,0.644056192610494
1570,24,0.314221854247974,0.827750323903417,0.572959311656721,0.856956664657294,0.446421443492133,0.655749405178519
1571,23,1.02051111193053,0.633387728455194,0.538182663637906,0.886028894954938,0.623029432734243,0.591801210473376
1572,17,-0.950154590953901,-0.246477579582138,0.59391635322194,-0.238577763957218,0.0735960709083708,0.672149130637344
1573,12,-0.856470657564734,-0.545378183034273,0.621413074516737,-1.4014607259469,-0.787521284425951,0.651753279510483
1574,29,1.70071021729398,1.45161320840184,0.649131833466753,1.83093428260231,1.78472280873519,0.683286013202969
1575,25,0.401988087313034,0.956805567361433,0.568399400142354,0.349654494162033,0.800322214680479,0.636157250874524
1576,10,-1.84557243063888,-1.28979501084492,0.688257708308743,-0.786372318932549,-0.895839019462127,0.706966738066432
1577,30,2.24720097268727,1.77398403982286,0.698462031557214,2.79699990145848,1.86944834206298,0.705015538999164
1578,16,-0.286154758077773,-0.364054015320986,0.615805693803325,-0.224964486158175,-0.417359375428732,0.626307605784471
1579,26,2.28863455270585,1.49914183092156,0.589452725337036,0.85200477901812,0.787452400540942,0.595107798053274
1580,12,-1.26523571924685,-1.191627722582,0.660483093938727,-0.457838853209527,-0.499381052040618,0.808496483580678
1581,13,-0.90797879387883,-0.714053955296544,0.559565939023042,0.202573887855472,-0.330353601041226,0.631533239157776
1582,15,-0.608212534462251,-0.931086041736157,0.581141205329847,-0.5722436775592,0.260346653702922,0.69465421931065
1583,25,0.577332813608494,0.177585454176204,0.534137327646492,0.48187391485973,1.30362109534111,0.639409319989055
1584,10,-0.496320077931009,-1.00204510368542,0.651844345967491,-0.717341036362384,-0.819529640098006,0.65900576050674
1585,9,-1.958573527223,-1.3696670563516,0.689272178574468,-1.84381604304968,-1.40320411519231,0.747854260542357
1586,9,-1.67036027697569,-1.2780926741901,0.727175836565486,-1.90981439466523,-1.66046725872752,0.724124505109853
1587,13,-1.12276247629265,-0.919653609305022,0.631952171192708,-0.933203731001382,-0.291191107764057,0.716220097734735
1588,9,-1.55097238257221,-1.27323619867293,0.656707771053067,-1.31665310030631,-0.923784635957817,0.716593697177466
1589,28,1.65744091896912,0.761454144509296,0.577924510231555,1.53559616878009,1.53744278037694,0.648414702693035
1590,17,-0.00677511701039552,-0.121989505399634,0.563920948458881,-0.230371388428778,-0.281427814221611,0.608193220364796
1591,15,-0.923486332124191,-0.641431422876786,0.641113750645004,-0.0832747129619912,-0.788444596238398,0.682070639238932
1592,19,-0.380932556184538,-0.0337808779915781,0.599492441373154,0.583045848388596,-0.0364526468878579,0.67414047516486
1593,27,1.45672251759234,1.56553312926784,0.603160762274079,0.36202587230513,0.763166007749053,0.598589283168582
1594,20,0.174232736250428,0.0465607298255521,0.580222450316878,0.22563290515419,0.167770363288298,0.667534323025043
1595,22,-0.229838846695955,-0.0589648480505867,0.55515430349979,-0.14574359947689,0.558023225552721,0.68104943264246
1596,21,-0.00878809005356367,-0.259820933258567,0.576972119423629,0.134789292465777,0.768959221497432,0.674933581450333
1597,23,0.666239826714322,1.27622446112794,0.56488645111988,1.106378176607,0.0152213676187466,0.614007939388311
1598,13,-0.767349676286398,-0.817590875378503,0.60777664898797,-0.00970438116013495,-0.562895936782713,0.702521487737127
1599,25,1.23814158305236,0.653646832781164,0.564582527564971,0.940513395982002,0.967704418409762,0.654614616035872
1600,16,0.173113431351674,0.142164809736906,0.542125676742194,-0.475394150863319,-0.427690529273102,0.60809945189599
1601,22,0.564442145335668,1.14428136139686,0.560325726676193,0.337733571003794,0.0109730383957913,0.5840493850523
1602,14,-0.293960265282158,-0.580154180133097,0.605799558998923,-0.77000737788708,-0.386422027442141,0.698090139444052
1603,12,-0.769456708203744,-0.647448160234815,0.600207124210056,-0.343840274794914,-0.458740110730947,0.639476027514211
1604,28,1.7575420937962,1.22875165731975,0.621782226613189,2.09444903269166,1.50064529009487,0.664114472706289
1605,27,0.977674952269656,1.46836656928795,0.598247478909698,1.51796588646717,1.09128155117284,0.598222698436374
1606,10,-0.344686164906663,-0.786549920005813,0.636239619503258,-0.4901607183866,-1.0717086576811,0.680769511503205
1607,15,-0.950880631075274,-0.328744811976145,0.56860552027088,-0.409489216930297,-0.282294765771316,0.630539419060899
1608,28,2.57699731009006,1.85009741588416,0.644496404319291,1.66676000164937,1.05659357521926,0.608587620634871
1609,22,1.27272529272111,0.90635017338465,0.553835208736965,0.546487192964167,0.0259955173750022,0.591925001717514
1610,16,-0.222241962274995,-0.858268128571257,0.590598072361522,0.120897287528671,0.196448392620863,0.708621547537714
1611,7,-1.93627295333614,-1.09130354471319,0.674565226385315,-1.49180781430481,-1.09547200409425,0.667203510844884
1612,23,0.863415615770331,0.794085944284472,0.529728098150533,0.53499345579237,0.345536597958748,0.577241496785447
1613,21,0.719113000239529,-0.193975833514715,0.53524181881886,-0.167015142062652,0.767475851378725,0.648453042921681
1614,11,-2.55041271211554,-0.790982763418632,0.683911551082944,-1.51562461689554,-1.25464293536483,0.70091677372898
1615,17,0.456181537025528,-0.103311596874752,0.596452159252163,0.10870929160598,-0.2575873409222,0.704626315428113
1616,22,0.345144605716021,0.698034259768731,0.521784104451648,0.407488627345465,0.327032757034822,0.596236071464382
1617,20,-0.0388146586321961,0.141478344454217,0.523618300378007,0.099969874941273,0.232577057507523,0.587576749190264
1618,7,-1.56680055723092,-1.31166595261444,0.655407887582493,-1.68956382582378,-1.05544792715416,0.695802355317414
1619,23,0.985319250583151,0.987179640014733,0.55661662625939,0.304380272761057,0.143506451810683,0.582387247177423
1620,13,-1.03610471538505,-1.19731496713318,0.676342167873073,-0.616565511955676,-0.838594724331975,0.778681501444649
1621,21,-0.14616596602979,-0.0567552080089972,0.549911068932312,-0.0235875907270749,0.478920742736642,0.67048226178058
1622,13,-0.546609915908133,-0.582689228083529,0.672133633253007,-1.17352162376282,-0.718672301582634,0.671739175705134
1623,9,-1.34109760255405,-1.10740629100807,0.622885899078223,-0.781063342296325,-0.872120555927698,0.663808447425875
1624,11,-0.67480706480943,-0.650639996453384,0.588099446069264,-0.561678241812849,-0.51887930370051,0.628428079308187
1625,20,0.0944951212409402,0.731531250930324,0.538975887484962,0.182338259941934,-0.118633658794273,0.577808989351272
1626,25,0.985275926399692,1.18861165133911,0.563820163891138,0.519242993389265,0.30282620100687,0.58144202788578
1627,22,-0.00019566852260003,0.442240027250023,0.585158608944083,0.180815676749047,0.249287103443525,0.655553728997504
1628,19,0.0597683294172563,0.261560938412391,0.592086759111514,-0.271718874608561,-0.191804015267775,0.664028249942719
1629,21,0.439363738509585,0.661455662749708,0.534330608119715,0.090650099383048,0.118660554079272,0.582590577337068
1630,18,-0.236719315644968,0.301710211283762,0.542946988726021,0.00176485183882477,-0.2153081800575,0.596337963810138
1631,24,0.626111410301701,1.21693534460494,0.593904789910649,1.19821486478718,0.199908955299408,0.688066148618744
1632,21,0.126338135722142,0.242379264866675,0.560680786562232,1.51280237162838,0.579074017271237,0.667055007132539
1633,18,-0.826149105141107,-0.386812761037755,0.553808806813633,0.435541362608962,0.380922245328412,0.653103939055769
1634,16,-0.628300972395239,-0.168333245155155,0.53346245042532,0.130016093040021,-0.021675603001389,0.592132354195752
1635,13,-0.433911054253418,-0.524206642328466,0.67658751273196,-1.00050816055476,-0.930222252067704,0.73564340237791
1636,14,-0.434130679275888,-0.611732827036973,0.613976483754573,0.320791564947831,-0.476535313902788,0.680591528202929
1637,19,0.181638585168633,0.0833925911105504,0.527347950308905,-0.0641806517389777,0.180302779555343,0.601657793227128
1638,26,0.134169126279267,0.516217999795812,0.552171996354786,1.5174770539162,1.19661403850526,0.625478550392147
1639,9,-1.30301447676324,-1.22114042709484,0.697279811266243,-1.89775677801465,-1.04700683817497,0.745482225827422
1640,9,-1.32438351252918,-0.947154792106255,0.75310727202525,-0.983944473820996,-1.49333289596949,0.71001677847365
1641,17,-0.175805557034532,-0.0162680989971002,0.608805622057026,-0.178543900226069,-0.0607086758271726,0.67437989083641
1642,9,-1.12491171299823,-1.34459063864014,0.603276096777937,-1.40189824602971,-0.686813354703187,0.691719499203591
1643,23,1.16998905592331,0.713900024490511,0.540396506119191,1.58638163712332,0.473806898547022,0.575541152477217
1644,15,-0.173151510934362,-0.230324023017742,0.565592247902968,-1.22779992858307,-0.311446501983724,0.619489999773741
1645,23,0.372143134826748,0.744047654183337,0.523502069682953,0.855754698158848,0.498669004278124,0.585427365405272
1646,21,0.263855181366618,0.296435487503174,0.569570057634316,-0.139807706673998,0.0553937022244756,0.59910272016753
1647,15,0.295778869791173,-0.412756158542045,0.595348182009081,-0.194452403491039,-0.387101358059574,0.633004356657245
1648,13,-0.123063589919867,-0.542580823255832,0.586442597025327,-0.539752543432015,-0.4480252673013,0.658304550979524
1649,15,0.0577356819163744,-0.0104006101714934,0.539528332004802,-0.107082849234369,-0.258153971240375,0.597945485813499
1650,22,0.991154087497179,1.05844750947978,0.552087552674325,0.214026617275643,-0.0509138548423259,0.592481160328389
1651,16,-0.428677548183749,-0.225832947908842,0.559839356782043,-0.555742902386886,-0.0240652475715374,0.614681341944503
1652,19,0.807788745423636,0.342277253995087,0.560358432959826,-1.01682053830124,-0.287870625770578,0.604393538540646
1653,9,-1.13976501659652,-1.49405175266101,0.647386256817482,-1.67205911467863,-0.755475498732289,0.697807863441351
1654,20,0.450733283333773,0.197377735985825,0.545874301726251,0.0455807463334188,0.117907682683057,0.620836322897736
1655,25,1.27934677028885,0.747007372242199,0.56202967696567,1.52537702570107,0.780477229303871,0.652367830680207
1656,3,-1.50612134843473,-1.6102203407414,0.713290771902738,-0.789077541141241,-1.89421212721491,0.705041395193834
1657,26,1.49229368209265,0.727196004318259,0.559979540479868,1.68179359832837,1.1354959991427,0.631885630169695
1658,25,1.00298312142491,1.31915110034041,0.567600034643772,0.536449604800241,0.456005893333755,0.580874618024414
1659,24,0.681344443561611,0.873393574664402,0.551580585427574,0.814979212663003,0.530196086721137,0.599482397193958
1660,19,0.373606620853344,-0.0391519541196332,0.508916272023264,-0.323575260735878,0.407939635463404,0.585734990547858
1661,16,-0.625004177706333,-0.281389889853253,0.544999189233037,-0.295948787423569,-0.0737600201080363,0.617010589103623
1662,18,-1.21981348127634,-0.130171006057046,0.523783718431849,-0.494097274018934,0.17262711156693,0.596598396568928
1663,14,-0.437038420357672,-0.779342575389217,0.54273148895774,0.182033265546479,0.201865197303782,0.633189298477368
1664,14,-0.0415325567719534,-0.462798651709042,0.583355681286658,-0.35377341279968,-0.411916703188718,0.624735910346794
1665,18,-0.0640091529492525,-0.421272624499205,0.560804320424249,0.260967361759562,0.44964940019958,0.667851159266352
1666,9,-1.24431249205047,-0.757261744243415,0.679444319434043,-0.942164961599518,-1.04523362924761,0.658452162352263
1667,7,-0.226123305409289,-1.08136247302839,0.68190840635734,-1.70577450646792,-1.28475881156571,0.666542694884645
1668,17,-0.182395401533328,-0.517490555224082,0.518479825323584,0.12212990055596,0.358386093662595,0.621822868279133
1669,22,1.54773788121552,0.624911023026982,0.536168222199972,0.134408238311342,0.364313942914096,0.579454764004959
1670,15,0.00891463403381657,-0.147356375000599,0.588378803624456,-0.955706692918586,-0.458470789121032,0.615729227615806
1671,22,0.811055406297096,0.0664006830076225,0.568129685538608,0.897707661221147,0.695661488845036,0.671516882646507
1672,13,-0.0831376170297934,-0.137650420209354,0.609824974641952,-0.334569483119024,-0.889674622269996,0.687961620754287
1673,14,0.027601230471299,0.0541919034700715,0.578145293020475,-0.292249344944335,-0.675067421793182,0.60874012247539
1674,20,0.252511763598603,0.0745843655014897,0.61648226359949,0.834092126425414,0.161963099517915,0.662093136633699
1675,21,-0.103911448861433,-0.249553631645582,0.524455567053879,0.11162458505906,1.34471801392227,0.636022005892546
1676,8,-0.840672551136871,-0.91513329117214,0.745301865444761,-2.06287060193229,-1.54292524854259,0.696956284771401
1677,15,-1.12206776288918,-0.544836770710836,0.654638479897919,-0.774754184877712,-0.760434669182745,0.683823572019411
1678,24,0.467497612939189,0.700423540377582,0.583855936532436,0.768873768640179,0.665400023086746,0.632994161924978
1679,20,0.830218094834046,0.556249155568734,0.541794727918004,0.395790728212056,0.0609268449517951,0.596864758983646
1680,23,0.275478456960464,-0.0274717746260833,0.533375634536266,-0.0754060268535798,1.26745389836393,0.635497843553985
1681,11,-1.02252948754452,-0.999941057294502,0.616160731177289,-1.37408019128454,-0.532397313215489,0.651955577302735
1682,15,-0.135385408362984,-0.138857508394476,0.642205001723832,-0.342466589576155,-0.544624046641888,0.677466024398809
1683,25,0.948518324815842,0.882386044994957,0.542632632334105,1.07391467772473,0.653062692792706,0.572935550920997
1684,10,-1.9240768882459,-1.69962358424199,0.688225178218445,-1.64621766483717,-0.840611109304947,0.818660467089198
1685,20,0.838080253624804,-0.397217970212195,0.532191268969452,0.446984864196427,0.853906491637724,0.637693972321376
1686,15,-0.0937045965733781,-0.0856698261145783,0.557940571558847,-0.388432560527894,-0.454756927687739,0.624175704111649
1687,22,0.635758765521813,0.369445257341313,0.52646197049556,0.576881643729667,0.385047656635915,0.609662898875893
1688,18,0.346601443271117,-0.204801673564443,0.572526259633377,0.501582261603752,0.397838098916428,0.694130944566201
1689,27,1.19306818789992,1.00200387920387,0.590510631006363,1.37771199665656,1.32432470330897,0.638495368381005
1690,15,-0.828319730503027,-0.414840923597716,0.640071958670753,-0.419532752833261,-0.879876631258785,0.723018562879008
1691,23,0.579637863443924,0.530386741229278,0.573329212291108,1.16264846260742,0.487167289796397,0.644863957245075
1692,20,0.607597008799353,0.441576138430818,0.543297596940057,-0.182867612467116,-0.0293540187051088,0.598333970069361
1693,10,-0.871449819782325,-1.29378449371964,0.717945853611159,-1.23264065954962,-1.20371141785344,0.760479267192201
1694,17,-0.114767451955976,0.308490921259552,0.570499372000897,-1.2519869695225,-0.483221372491537,0.661526844483182
1695,14,-0.295973035530614,-0.270238345134018,0.604564167293935,-0.847821952328913,-0.48987577035636,0.603262029398692
1696,20,0.802267042647839,0.380399410335154,0.519350598136233,0.868285318062813,0.16941503194558,0.576477959525584
1697,22,-0.306449902212771,0.279989464057368,0.512636123280207,0.993328740887013,0.561136863940833,0.600368791431796
1698,26,1.49502889659168,1.49315989991898,0.58806308816781,1.19694629285107,0.469610518454171,0.585098676211022
1699,19,0.122758481973907,-0.336922254227595,0.570697475213815,0.0035563006182761,0.256964957957391,0.688305554850448
1700,23,0.721410874794093,0.26444136966657,0.561192668713141,0.808003095894685,0.894502529041854,0.630815074466231
1701,21,0.337718106825849,0.435187217977205,0.550895466449147,-0.408864901997466,0.325691585229456,0.598631467190352
1702,10,-1.13000109506837,-1.03706561975288,0.624606481752713,-0.97652165797265,-0.604971039816441,0.674501670411901
1703,28,1.64780810961764,1.71298490386979,0.632653723675607,1.34149070911953,1.12175225312248,0.605997647903445
1704,25,1.37509741200738,0.289280058120492,0.56727360094902,2.26120314038302,1.77147951126127,0.63782733698299
1705,11,-1.9121486176099,-0.885529990591978,0.690499181079244,-0.489345990274368,-0.887279867493855,0.671936994156312
1706,16,0.181151281142647,0.0106554172624751,0.554292001936844,0.29516832439149,-0.0933975157989182,0.598162653452374
1707,12,-1.22824691823339,-0.787256100992153,0.624455573446882,-0.520927962358051,-0.687264378349596,0.6482481299126
1708,15,-0.431949020267323,-0.391879776402921,0.592638039553406,-0.282978402199241,-0.224265144287044,0.631562519330195
1709,20,0.214339485543438,-0.301697588364455,0.585323642758163,0.297521299926866,0.360918413795784,0.714256788957638
1710,26,1.42757813975792,1.29609586339841,0.566884436484576,0.724960112471083,0.66252695537185,0.577924839921939
1711,14,-0.770917189513324,-0.256464034482542,0.614520022091234,-0.341265871186399,-0.83658147294846,0.647311799052865
1712,13,-0.519713422046863,-0.212202330214748,0.547531507385536,-1.08050284771745,-0.443207557848354,0.596885563748403
1713,15,-0.742784266674362,-0.391372099807989,0.57698797244315,-0.545831470340293,-0.425631916003604,0.640204444977838
1714,15,-0.890404315387818,-0.253609263798897,0.550470894648803,-0.436539998888486,-0.412556966915831,0.616170209911731
1715,26,1.24313805159964,0.460716043032663,0.550383030343214,1.46559997432408,1.61784524429486,0.640174304758624
1716,21,-0.30708340230873,0.181449550881358,0.513307244215816,0.311138473214032,0.696164386832106,0.58971440613409
1717,14,-0.705636975512151,-0.294359009930634,0.544114978150054,-0.438631603533277,-0.189910531849514,0.625614866263524
1718,10,-0.401922686869973,-0.971868280141432,0.644600426549387,-0.222745330586123,-0.878194579532055,0.671231850157025
1719,28,0.399288706011058,1.48658750810396,0.606223068435421,0.564595081139079,1.02069009483184,0.59785609815255
1720,19,0.146913112611912,0.0973199622474658,0.511997101885236,-0.121323267897116,0.250878739339501,0.5921255211335
1721,15,-0.129445509716104,-0.707242506128608,0.580080170226962,-0.587997410831213,0.195314511148091,0.669535453389024
1722,29,2.43931903998291,1.45161320840184,0.649131833466753,2.36743714060878,1.78472280873519,0.683286013202969
1723,25,1.15142554540215,0.849109906319169,0.53662323545067,0.307690982792339,0.59798793432275,0.574219044080472
1724,18,0.76431524690457,-0.0056827525504091,0.557359064509833,0.000379230912314399,-0.0447884606456452,0.600350727603141
1725,20,0.493350211209942,0.528755101646312,0.539064120182881,0.79274937035727,-0.0133897287385871,0.585754783041595
1726,20,-0.0277111127654209,0.24881171976394,0.562675304941289,0.376110856083412,0.0700671115044491,0.586167191703451
1727,27,0.849249163717068,0.653710555931634,0.564812564930963,0.866363889816047,1.49130863868386,0.644519382004736
1728,22,1.00859929508406,0.347135992766709,0.582521928821613,0.623696605332507,0.332131513115776,0.650070646336963
1729,14,0.0494151753232218,-0.280452434654594,0.580701774240368,-0.789423474338778,-0.30797601526587,0.60832000460215
1730,11,-1.07042624897494,-0.622374537262556,0.638372194313105,-1.58047633285502,-0.927496466624263,0.728587821288091
1731,26,1.59916556571533,1.59066647100164,0.6003484889992,1.27232907854657,0.626571412985939,0.597851553059593
1732,23,0.454062775923024,0.853235282124336,0.593245784632842,0.263319002246912,-0.00717705678575477,0.660375821976548
1733,26,1.3847681870365,1.33036475503598,0.564285401766871,1.19132456923664,0.472082244540761,0.577474294897561
1734,12,-0.462336392445976,-0.582921992754906,0.597903546653557,-1.1647905797746,-0.580896048663747,0.622144950641638
1735,16,0.486807617034547,-0.0607059143032323,0.591942040233034,-0.110717888407981,-0.483337292174236,0.631680646450665
1736,18,-0.906636334102444,-0.588436978891481,0.550251053628722,-0.645937392646301,0.561434739622516,0.693689109339821
1737,21,0.056664629722723,0.418839349179908,0.539389247714072,1.0117739282147,-0.00221350871583551,0.619554826822948
1738,26,1.54365686226352,0.928789502194897,0.595108774932077,1.37567384894637,0.858830466083765,0.665737489139194
1739,17,0.176180287737767,-1.06448317175888,0.552378974656704,-1.0997804877983,0.925558435464214,0.658626016563684
1740,27,1.47043020606023,1.00626071893273,0.590752496043111,0.927862301330043,1.39717463008623,0.652559051883605
1741,20,0.605051343335718,0.149194298818701,0.532666503321333,0.263454720328747,0.421379162475537,0.578935042218005
1742,18,-0.880463623683255,-0.405856188401634,0.593326310272468,0.820463439513939,0.436853307129464,0.656870158850326
1743,21,0.00823565534102031,0.41770780125417,0.543629197997771,-0.0895990527176714,0.0464780523920283,0.591707717882026
1744,7,-1.19706742473858,-1.49159702463433,0.664210686697758,-0.357755048961053,-1.01481362919802,0.76891877462022
1745,11,-1.88349701281963,-1.26143224933853,0.719227187353806,-1.34926277969006,-1.17111758289455,0.774119825839696
1746,21,0.0042308101820171,0.459798686800384,0.526699835113975,0.143330308323477,0.239871079791783,0.587177617373326
1747,17,-0.326427400621582,-0.0990686165183812,0.601286506594941,-0.749938544196935,-0.596848046606523,0.726878036419276
1748,18,0.112127886259886,0.361673453832166,0.552574578155771,1.05606927783291,-0.0920019494542782,0.592849066606015
1749,17,0.571752646777788,0.566657779915523,0.579239047284146,0.600388768521443,-0.564562599270739,0.60258165700824
1750,27,1.89800451929369,1.68842710011625,0.606268715988386,0.807660677129615,0.622945015749001,0.584821758052184
1751,15,-0.592776337344956,-0.449498472567632,0.639360066821026,-0.159139528925539,-0.339359877581176,0.639086744480523
1752,11,-2.17610639073552,-0.672222559613969,0.599142061935418,-1.36388306147126,-0.753485895060583,0.649906480314089
1753,13,-0.781581773343285,-0.328607270568766,0.611193123912831,-0.600212080670925,-0.727098881815486,0.654156126966435
1754,13,-0.0518591456462631,-0.92082563966103,0.603741047505309,-0.557048985575232,-0.300170380681495,0.661698707340259
1755,13,-0.342582055882648,-0.694349800493625,0.602043463183776,-0.511385880205402,-0.356748301008689,0.717031443319717
1756,16,-0.338179140743161,0.338569589333128,0.578016574447524,-0.512683849874046,-0.814303445964252,0.621416635884909
1757,24,0.0331146737585113,0.0462830014049025,0.554052079528719,1.0099062451808,0.980096981982711,0.659087058340968
1758,6,-2.28712868921335,-1.29521420939338,0.705285824685686,-2.0196013739903,-1.2401591312387,0.70371485167354
1759,12,-0.984348338916264,-1.21823236433361,0.662725696649542,-0.812948642549518,-0.973654128120923,0.724475815151982
1760,11,-0.281914195326497,-0.695510278965965,0.713015570051551,-0.396431380182079,-1.39396933665038,0.72548714708723
1761,28,1.81240136079388,1.25116272637675,0.627018605555503,1.51334954621848,1.51358305605198,0.665687991808473
1762,19,0.603385210567986,0.300663774996467,0.547650976765771,-0.355185127368896,0.138611545529558,0.61381656890833
1763,27,0.394626650901078,0.99508363530022,0.59184935557358,0.785521248217723,0.875476583610138,0.663026032883845
1764,12,0.0363114796479786,-1.07121471390437,0.678050711455114,-0.947767398664646,-0.818202860493031,0.733127448903623
1765,17,-0.220144289760725,-0.317075808779567,0.587329814440607,-1.50221877888877,-0.222070347762702,0.699944965804744
1766,30,2.7168310329402,1.77398403982286,0.698462031557214,2.36950785380594,1.86944834206298,0.705015538999164
1767,13,-0.400261279388416,-0.650445224655447,0.557648001028168,-0.708403398772962,-0.184138783977953,0.621214156528581
1768,18,0.141124296672725,0.109457346433228,0.556263043074912,-0.509351987428151,0.00254272368663886,0.59398827583758
1769,21,1.08652187668553,0.0700353942881893,0.55988651159105,0.468478303955194,0.421131094842404,0.669499068581856
1770,19,0.355825231414103,0.205037414454834,0.523557096815661,0.498306496274965,0.0360662084608002,0.586904461841855
1771,25,0.456582877666401,0.54664145919852,0.565067279554207,0.601684828736692,1.00020823840203,0.632613021327698
1772,21,0.901524451727304,0.950153640661232,0.58175030376134,0.446615218990261,-0.356926026922446,0.668087252544561
1773,21,0.323605568117054,0.579183377449766,0.531208764326843,0.664245937688425,0.230791325484274,0.581011418497521
1774,9,-1.42651688530058,-0.852750688024807,0.67448618287709,-0.813298065890856,-1.16400565983208,0.721653915189996
1775,29,2.62154537040249,1.59750765489341,0.652162007908151,2.10762765831119,1.3577191876859,0.677340770354638
1776,19,0.0802836293608079,-0.0454625421254419,0.536268169605863,0.162519732340211,0.329782683777249,0.600304133365314
1777,16,-0.0783604878702818,-0.574783771416293,0.587393365197588,-0.891393742066709,-0.284440548429361,0.654688784360239
1778,10,-0.546218109280252,-1.18991747080825,0.680390011276099,-1.19702819687259,-1.17365640543133,0.750846647823888
1779,16,-0.38767064100742,-0.143634958665171,0.590119185253246,-0.0466325357558853,-0.190868101217251,0.680251096290069
1780,9,-0.875707961807167,-0.864737642809359,0.704882731635834,-1.42372604610046,-1.21371171849572,0.699223476249773
1781,24,0.594539678860376,0.887876057257151,0.544310090709961,0.459347007735886,0.565841924869084,0.57243162032044
1782,21,-0.0884324263338325,0.401041598046253,0.534091409492181,0.482727534365485,0.133532948550684,0.585315799959789
1783,19,-0.412652807432659,-0.0967297617521956,0.520832030113137,-0.243946001497977,0.355494974062313,0.606029360694398
1784,23,1.04779472441972,0.739507531242013,0.585490380296947,0.950542657202838,0.514439377260519,0.650236571674053
1785,8,-0.785363071141459,-1.10856295201806,0.681454589128388,-1.59989394502173,-1.20872638309284,0.66625465048924
1786,13,0.0356177836924751,-0.424640508459805,0.617049501273839,0.00204879200184645,-0.801481430942667,0.62122268234663
1787,21,0.77151680627912,0.0508872305536141,0.586992396840481,-0.319281548940369,0.397948252004043,0.687733813149793
1788,19,-0.311771023928926,0.0122601875510368,0.517287009417597,0.0649987399325632,0.315775934787048,0.577589587937794
1789,19,0.594543290201492,-0.367699212737094,0.568417388921913,-0.990888320880748,0.656456172821007,0.68132483463287
1790,11,-1.28770513429512,-0.828353790936198,0.627030264763275,-0.275703601802071,-0.487772630093971,0.645742969860058
1791,23,1.00018188340601,0.960402824663639,0.543697613427162,0.504219662957041,0.275565671774735,0.58352433526154
1792,21,1.01773523904418,-0.13910757969905,0.559886423145164,-0.251976902727193,0.689839784450999,0.675002173845901
1793,21,0.285926887331075,0.124811783785432,0.557494568011721,0.292278152939473,0.693214445487985,0.641061967971
1794,15,-0.245651200062932,-0.824169327444631,0.655957388536843,-0.881702042318677,-0.491896439579134,0.709921192083612
1795,27,0.877835119825398,1.46836656928795,0.598247478909698,1.47252867214542,1.09128155117284,0.598222698436374
1796,14,-0.422148877004731,-0.381201660188676,0.596936699150443,-0.430347893418573,-0.583444534898868,0.618360773567175
1797,24,1.49251228682872,0.836710922487754,0.551133337145282,0.745709800391627,0.504213914855229,0.577543928165509
1798,17,-0.236289810851394,-0.429205365681699,0.517508689899201,-0.881075118658118,0.248243583873709,0.605309840726414
1799,11,0.144185192591227,-0.828977727954573,0.636653825250773,-1.00636844165823,-1.0331199792899,0.702427230505831
1800,20,-0.680803509539106,-0.0211143626557729,0.529713369877139,0.233857217059323,0.282453224850207,0.585586553747371
1801,24,0.705387072045575,0.910017024977583,0.58544850559741,0.998744395415122,0.441165679681477,0.65445222683166
1802,14,-0.451857745018178,-0.501458316270099,0.601656279054645,-0.358508607784883,-0.46049381153395,0.634981529886818
1803,18,-0.392199111114732,0.081409029848303,0.537037514991889,0.380403158599275,0.0774235751839908,0.593132250031017
1804,18,0.733090613403195,0.204595252530363,0.534479541705364,-0.134166824635476,-0.0910465274606838,0.614996008815871
1805,7,-1.59925063788123,-1.29850768748847,0.732755305640898,-2.39718538268533,-1.46656307941502,0.685228344588001
1806,13,-0.354713675734542,-0.658412054392437,0.611199862443568,-0.305450023010217,-0.564470464240494,0.665649554604985
1807,21,0.175095279304603,0.661719593884427,0.568974789496322,-0.379275161508849,-0.0408710638484074,0.589584402223368
1808,22,0.987753147088404,0.848242267517614,0.537003822948817,0.665215131849333,0.184913449150138,0.575960110753194
1809,17,-0.0298897147417733,-0.294253354187536,0.635071614703735,0.984206445697252,-0.181872648107827,0.668232885294198
1810,13,-1.29913735931569,-0.520179909807081,0.641676562633184,-0.899469907372493,-0.814667097830167,0.692812580024698
1811,21,-0.262045748630914,0.0279936473250566,0.577396082255557,-0.443837795267146,0.359557556324295,0.667092392786318
1812,15,-0.457377521848266,-0.166507278968143,0.572638788279424,-0.147968159132534,-0.2963460291893,0.613643670119597
1813,13,-1.06560303090525,-0.293477457683341,0.61089813102082,-1.00026134173586,-0.728215938339289,0.615595522817396
1814,29,1.37447478381593,1.41109852063345,0.666283839774999,1.89917826980948,1.96269855219516,0.691294734092847
1815,14,-0.517464087355418,-0.825615926209571,0.703316075064862,-1.17403102222389,-1.03881835393918,0.703398191998586
1816,16,-0.492736107555211,-0.333586988769266,0.563188354019153,-0.0479139610060394,-0.29374527111317,0.624795027337784
1817,19,-0.353957911126214,-0.354045936296333,0.54058320902956,0.737831280986771,0.21003795176404,0.645261152349338
1818,19,0.191407645110163,-0.212771624669862,0.631558916019675,-0.175108545650972,-0.084146714487118,0.693581165975571
1819,29,1.61516643275432,1.33635536192482,0.639155550043836,1.03601143270892,1.66393979722337,0.672953321247699
1820,17,-0.102327683199696,0.126131278779306,0.568774150836342,-0.257162001264569,-0.441687262990194,0.619895160555325
1821,23,0.376971418794216,0.661830109702676,0.566982805065053,1.26566249514333,0.465017851560562,0.642059998066282
1822,12,-1.7444731580518,-0.863253509103182,0.643076597194585,-1.3527060880847,-0.849744959142277,0.661013472386929
1823,30,3.31090481939488,1.77398403982286,0.698462031557214,2.62760021629311,1.86944834206298,0.705015538999164
1824,18,0.49802817832001,-0.337805265899572,0.596778312146696,-0.267196824625577,0.268018898378135,0.68600040527334
1825,20,0.278593182386,0.513123819960183,0.526945340983845,0.108822123326683,0.116814502855172,0.583020266064268
1826,25,1.02862750880095,1.0155638156764,0.553709989881326,1.98249024953486,0.403886891035232,0.581639118020125
1827,25,0.541274328768719,1.35581911446853,0.570346573095083,0.664365764820545,0.221476659187711,0.579064713991391
1828,10,-0.352519444594532,-1.09903119069192,0.649399001830291,-0.721378487394022,-0.547101419944515,0.660020229253647
1829,13,-1.11216347801016,-0.889795975370485,0.634922991764068,-0.925401725184222,-0.628996645522308,0.659767854101759
1830,20,-0.00309831727293171,0.366603012693207,0.541480731809461,0.654252367625614,0.111354561352903,0.615547377675275
1831,12,-1.07572743718761,-0.750897605475249,0.620540232781064,-1.15732776765667,-0.577195295318807,0.708991131411474
1832,25,0.599137505797,0.619606432894522,0.5578845281774,0.580812673665545,1.00745359116062,0.633077341325086
1833,7,-1.48914182539221,-1.21257639911337,0.69083832700934,-2.19072809008609,-1.55690111073566,0.703891556017057
1834,16,-0.263300281570587,-0.0352610999580018,0.586561789503574,-0.266750616367452,-0.425717054675669,0.607021778392771
1835,11,-1.83717651833867,-0.756244752466957,0.593083698486299,-1.74172663327119,-0.456487255151944,0.636468114026661
1836,29,1.77925248571957,1.31634813555518,0.647781171243816,1.30541995033633,1.82404766488285,0.679162519347229
1837,26,1.26209913347853,1.42367934414281,0.588860883237551,0.567689899957979,0.687655851322801,0.596584329412337
1838,21,0.391522505921382,0.214664209670831,0.5605660799617,-0.832999072086963,0.412340926014079,0.648762932456269
1839,14,-0.494447924912437,-0.443742611083592,0.624648722945459,-0.856788676848061,-0.568754938750186,0.678928156368855
1840,19,0.247566122287896,0.184481472946496,0.573042655638426,0.454339491033387,0.160522952187487,0.649242201763294
1841,10,-1.31434860898182,-0.676022476626852,0.649240784382418,-1.50219142599974,-1.06009902244069,0.652877364584935
1842,26,0.698078541889139,1.39369858773715,0.568688827448306,1.06146005699266,0.497851338048872,0.573191188059381
1843,20,-0.368526606642252,0.0100877187044819,0.57470271117543,-0.508610848371704,0.143866366889912,0.687110187735371
1844,22,0.5188385284472,0.538414632957754,0.521354866246686,0.324657844009074,0.462189319969396,0.576968328930893
1845,29,1.97209942219659,1.36430851647722,0.645232245820919,1.81350189618205,1.68017243736584,0.675300244080388
1846,13,-0.524088927429086,-0.497395497073503,0.625423992867574,-0.975689820629378,-0.783591987031509,0.633899839119978
1847,16,-0.336325044559609,-0.0704034355875786,0.541937729352567,-0.55453492430278,-0.154074258292423,0.60066293642696
1848,7,-0.919419839717193,-1.38323424277002,0.699561737831357,-0.850356675014632,-1.34469114815431,0.712142805244646
1849,10,-0.670520626800783,-0.734632898816575,0.652706479185125,-0.906142653867424,-1.04285887554948,0.649125112543014
1850,25,1.52662953010213,0.869167076003136,0.565697750426141,1.44320829129193,0.850652306680715,0.637695442863603
1851,9,-1.02273773313227,-0.992956095665562,0.705165812241473,-1.34762042107099,-1.41640151639032,0.698668232839404
1852,20,0.282288811488296,0.518643403976062,0.551460878915097,0.321996805145305,0.0060795266539511,0.604640750094713
1853,24,0.593828162956965,0.245670060632515,0.537135149449402,0.589535768190383,1.15461455379045,0.63988458649897
1854,12,-0.672719895859581,-0.475093763154969,0.584037255466139,-0.239702840448421,-0.789220717929708,0.630422875073726
1855,26,0.359090187865747,0.516775801038175,0.566129996480976,0.456177039145524,1.36138185220412,0.642769782897246
1856,21,0.558958820032693,0.339992845624823,0.564543193599193,-0.315194417752869,0.333853068165263,0.657832562169
1857,23,0.909644558611313,0.694854951074635,0.547143967983057,1.00600321219241,0.345546491733992,0.596779736540961
1858,16,-0.30986200614855,0.162097185230211,0.556796909805439,-0.368170536723308,-0.606327721259456,0.616125376251731
1859,15,-0.941098380318323,-0.754168329473256,0.579203348855279,-0.591337799968924,-0.300878793059083,0.659213785648313
1860,9,-1.12822580355407,-1.47782363708927,0.67373486564229,-0.997805700199133,-0.935728127364563,0.698773690219986
1861,25,0.13125302057383,0.61451121374379,0.567754434592087,1.18909178513532,0.966472999407483,0.658469402834362
1862,7,-1.56420181550137,-1.38577426414605,0.660058164608655,-1.52860729078611,-1.06202429639854,0.718251128741414
1863,18,0.195060950866064,0.0638498209729424,0.570495104904639,0.364441039060079,0.177501391683019,0.646627117745986
1864,19,-0.289718208264752,-0.256863425561999,0.521480852769435,0.503040778243875,0.304367914525647,0.596300228507345
1865,20,0.336533044084036,0.15768231979942,0.506606923499404,0.406296556534381,0.425316197050349,0.578865809612818
1866,9,-0.930431972173741,-1.20359306952943,0.723504573705201,-1.47911240242906,-1.60974849123191,0.729733787403622
1867,19,-0.0535180384727447,-0.364127633047822,0.613949178786343,0.137471134528076,0.362037739167952,0.67482257752634
1868,22,-0.0151370572525826,0.712292484794257,0.5462419400812,0.0599865038866218,0.464848994543094,0.575240167609653
1869,28,1.55845248689374,0.969561004688562,0.589502313645178,1.25525265000848,1.67405565019812,0.657626753580779
1870,10,-3.21080589901991,-0.999629137645397,0.722155175468175,-1.6198597521121,-1.32985506425345,0.70078034809036
1871,22,0.205304176500019,0.480032168934893,0.552025935250894,0.943360210387385,0.532464778448988,0.632496382008692
1872,13,-0.166832978359335,-1.07565621917631,0.615281102230186,-1.00121123435762,-0.321511189585208,0.758779354420457
1873,15,-0.687708321252315,-0.883577601874811,0.608609411925278,-0.569794662348069,-0.0424052409735582,0.70110777848512
1874,11,-0.698449278093828,-0.868374180165849,0.645067598187985,-0.972583146205744,-0.767767642976705,0.726131561696962
1875,22,-0.250826153236944,0.778909092530317,0.566265779451656,0.769577505305908,-0.0646501673013816,0.590853238599524
1876,12,-1.34075128004861,-1.02873274200323,0.626693089248072,-1.40052978781486,-0.760037100171897,0.680183778280355
1877,11,-0.702918298202032,-0.847713322237531,0.575801111510535,-1.1538217060904,-0.512640077327678,0.651765997556995
1878,28,2.17212090787552,1.33264713436864,0.61517502365866,2.11277294543097,1.28302055674725,0.652133157141864
1879,23,1.40888304937063,1.16543227802311,0.560450460582394,1.1854178399032,0.0550187156953918,0.58273354931723
1880,11,-0.589103011254629,-1.11672116150432,0.623114493633231,-1.09144752389036,-0.544528294816855,0.674504445215629
1881,24,1.5785128407032,1.22869025931325,0.563605677505418,0.636626077534629,0.582825906330669,0.592739982328201
1882,15,-1.4223645470655,-0.286766645492689,0.55733909617693,-1.79891803943203,-0.0726428808708896,0.606523564835316
1883,22,0.806663985364962,0.0953514874257625,0.55270274830323,0.812095036840269,0.769005488255355,0.668179781359026
1884,10,-1.16001840274477,-1.20343544332876,0.699448111583043,-1.07025382798717,-1.24489671511131,0.760879017842491
1885,29,2.38072383778963,1.60486765364538,0.666795030511647,2.26894354103577,1.63543479654684,0.684682907649454
1886,17,0.339155095172829,-0.14278294987037,0.571518318358774,-0.531416137185074,0.207733423323196,0.662842722632992
1887,19,-0.195150355296148,0.1699313917046,0.521977577874355,0.115947402088,0.17712894669864,0.591070827951057
1888,14,-1.70567094091759,-0.722949383607695,0.634593815564521,-1.37156683021446,-0.283501662508527,0.674674168406616
1889,14,-0.465400455182329,-0.539787288417942,0.669950651116825,0.119603913239827,-0.952935295153445,0.763963244790801
1890,12,-0.872933468299517,-0.683432893832133,0.623605495692674,-1.75513530894523,-0.807679693874619,0.643484914371165
1891,19,0.127273955635023,0.299731064047041,0.585285268451673,-0.156373144699376,-0.154834028522998,0.596748261533846
1892,18,-0.871305996789229,-0.584021923602463,0.58359504503517,-0.734780139304368,0.325506331330318,0.69744369178977
1893,11,-0.716257748823526,-0.801034570290159,0.673999397830264,-0.895137161440807,-1.01974009155512,0.682882456732181
1894,16,-0.339756094446989,-0.504682927160161,0.571240382816404,0.373495255499544,-0.167818230586917,0.649464109274657
1895,12,-0.690732711246994,-0.491717538036106,0.600472073314507,-0.737245603915221,-0.699715949521976,0.638890540660708
1896,26,1.75737186026943,1.13815724843845,0.598570631510701,1.57591722666286,1.19548886885285,0.658760594444422
1897,21,0.259125570777646,0.203622191958377,0.574697977758446,0.24546261734987,0.675004761108095,0.642498614370845
1898,12,-1.653313804758,-1.32928993165018,0.679071012842604,-1.41661355672858,-0.67330160119703,0.725930022041729
1899,16,-0.401910195184653,-0.73808073607687,0.558514260833932,-0.955412764463849,0.399451783442087,0.687683990243314
1900,25,0.998694657304374,1.01715300285584,0.548095919165536,0.65749970561742,0.64939213852331,0.586364631513008
1901,19,1.20176572179471,0.200419351272985,0.569684768058813,-0.112016265745151,0.398176550554821,0.652087752864564
1902,17,-0.648334750754606,-0.171306507952613,0.558867701812543,0.0405190777401231,-0.111085278407864,0.605522492594528
1903,20,0.915980103269685,0.367297517602133,0.57434030937231,0.183190807400935,0.0650046909436578,0.69678922347406
1904,19,-0.6919816682097,0.475254690647108,0.568283084652415,-0.149169099420981,-0.416540610203552,0.611587153636472
1905,23,1.21375368225461,1.15774687365266,0.560581005085268,1.01029999744401,0.179589405399723,0.581351395089248
1906,21,1.18585584505144,0.656513146830667,0.531298378892308,-0.250874680089419,0.161470223074056,0.589422230619097
1907,16,-0.269221258213794,-0.235248573574914,0.586387095366263,0.0370711315469261,0.178887455675046,0.64700622805337
1908,28,1.35851153160144,1.33264713436864,0.61517502365866,2.71060265774743,1.28302055674725,0.652133157141864
1909,12,-0.593813819853541,-0.422269513728232,0.644662606375522,-0.797691920266039,-0.924690271829653,0.644199914467819
1910,22,0.305534442673239,0.544501409929185,0.531409043614357,-0.107839259952725,0.256112869862681,0.58260987919893
1911,11,-0.835771863220326,-0.509378222737386,0.610292439270591,-1.42005842935973,-0.760794480398984,0.624497001550957
1912,13,0.121182875163334,-0.880926455146215,0.655578432308543,-0.154297902096897,-0.314357753614552,0.758535850365386
1913,15,-0.835555697889293,-0.382465650801822,0.573066143472111,-0.236174117125606,-0.269166721667812,0.64352043626294
1914,8,-1.49490250365552,-1.07220162710552,0.646706315853814,-1.50230717701676,-0.938002370796518,0.674273976974985
1915,22,0.573405689876823,0.845224924039281,0.544778790280475,-0.244654823750285,0.010418591937857,0.586961821334849
1916,13,-0.551318949295952,-0.404575144660942,0.616877149223348,-0.0860652646705158,-0.567693909866149,0.612587836613568
1917,21,0.303200200782622,0.258052862425159,0.529296148412103,1.16749882539327,0.363483610867137,0.583661421576978
1918,12,-0.792261163219127,-0.863768883188144,0.593634774542194,-1.37328964577357,-0.520152024145455,0.656233275224939
1919,27,2.12582724558,1.36701641192482,0.580997692355911,1.28190529684532,0.890594767520711,0.592310276849685
1920,15,-0.422594336739205,-0.130546271727261,0.587044714384961,0.173408794642231,-0.450840133970551,0.666967587119299
1921,18,-0.252610414787052,0.188155468257407,0.56132817370578,-0.661362500965835,-0.27561968743429,0.600626876477341
1922,24,1.14207556463636,1.06738211104144,0.552959156738503,0.857297688495839,0.480588866948926,0.598244075764297
1923,25,0.414501481608199,1.09824286170007,0.595003651564593,1.22593355149823,0.361742223389777,0.66032145938472
1924,22,1.29936330832426,0.407971428289563,0.545221415298104,0.688015583122919,0.654272340884883,0.645716580033926
1925,14,-0.40900423245922,-0.278658120768304,0.609719007242812,-0.743554738116551,-0.828534352085899,0.64779592566188
1926,18,0.127691853317239,0.318641888118312,0.559374366328311,-0.466882080384721,-0.3591213050877,0.618648384142279
1927,11,-1.10448833042366,-0.838900492440842,0.594604138246276,-0.870796840949382,-0.502460231071469,0.643755133499519
1928,10,-1.00363987834126,-1.17309093094891,0.655599670947664,-1.3271257608251,-0.996271378376702,0.692672701746214
1929,14,-0.458906055821188,-0.461142388282808,0.576091547029309,-0.980407915373335,-0.454289318024265,0.639263571940182
1930,14,-0.977884212580646,-0.209087187097741,0.629158830578101,-0.971653752258338,-0.78556343609187,0.647377615610266
1931,20,-0.144205170075137,0.498744553320748,0.539867843429413,0.501590543897595,-0.00421051712227882,0.572823464748305
1932,16,0.298899877450485,-0.0858872162589489,0.559231101001997,0.346493454697765,-0.376653054418863,0.628287338181843
1933,7,-1.05144790706731,-1.21265570214566,0.637874852155681,-0.876404154081006,-0.841329427045082,0.684548911485243
1934,14,-1.0928308998228,-0.784986453883119,0.606045821678053,-0.677927859370933,-0.419851229466241,0.667915540002316
1935,26,1.99386220167836,0.951798612991524,0.587603436924723,2.04677382256233,1.2144931260839,0.653726071712667
1936,22,0.584998309995547,0.143943214469646,0.541365285497225,0.277489484082431,0.781587140421111,0.631606268906843
1937,13,-0.202084407842651,-0.43279188262524,0.58152437216521,-0.959757046317727,-0.588980413249488,0.629064494893496
1938,21,0.876850979132651,0.0197471374013629,0.5505618596124,-0.5639407798929,0.5601664502458,0.651871622578658
1939,16,-1.16257193262734,0.0363343206778933,0.565759048953263,-0.155724245957827,-0.41607870862569,0.599327305844167
1940,22,1.0246425520574,0.733608242643967,0.531044823242259,0.390594358999254,0.107005879579668,0.582686478131149
1941,21,-0.998911828854788,0.21284370230511,0.593036353570414,0.435719383757849,0.408755307521085,0.657493763489438
1942,27,0.629011500813513,0.817581897849927,0.57416529550112,0.909163250943075,1.32045240611743,0.646551593869282
1943,8,-1.599617359641,-1.30684927642654,0.620863533986927,-1.31098951278148,-0.799646853984645,0.687675187870735
1944,21,0.691640735427206,0.193772261419942,0.548607778826682,0.606711664599825,0.50384299951433,0.675982283290509
1945,23,0.0162677581140275,0.665353096852786,0.54240426230242,1.5431941301762,0.25671428665873,0.574831170284993
1946,6,-1.56587499127888,-1.11839740757539,0.665145913613914,-0.843316012158931,-0.961210115625778,0.647624621680391
1947,18,-0.319314993497697,0.02528544596578,0.531083831914349,0.0553996824954341,0.0641905926789736,0.610273173191134
1948,24,-0.015399080042405,0.967872830083219,0.549680700313238,0.895910964021795,0.205872166482879,0.602833085638293
1949,18,0.249412758672268,0.341359660063806,0.553578535558314,0.390990491596507,-0.153556791168738,0.586522112928238
1950,14,0.385203696537647,-0.286484942463156,0.612033034924362,-0.733227642402186,-0.627881392002187,0.625630976477334
1951,11,-2.97324542424209,-1.23731202090516,0.790417691522935,-2.90570639775255,-1.44756934107513,0.711665834228377
1952,16,-0.185521246936838,-0.170868789308769,0.542704920677272,0.0244846754440878,-0.167546729290118,0.610264415641648
1953,19,-0.414358830566786,0.241400140838326,0.543241869612542,0.372563842930052,-0.0481150591781668,0.607069030819769
1954,9,-1.25094337747091,-1.65689919167623,0.734467062562398,-1.21255814094322,-1.16208627349223,0.758407951004211
1955,10,-0.722293012727158,-1.02130662763125,0.630417688362267,-1.13621169921857,-1.02093188621515,0.703022917625701
1956,19,-0.718824777298139,-0.198328466313582,0.599964256890484,0.619581674854015,0.246197246936839,0.673338346334103
1957,12,-1.07810717782182,-1.27204806853358,0.628309568532771,-1.19733131598472,-0.322883698128882,0.762776217342853
1958,25,1.48895675646487,1.22894400184665,0.571236097669674,0.73106035093504,0.397942968798369,0.598186621499598
1959,16,-0.0718974260683851,-0.485296364195442,0.579637591093845,-0.0890880447355235,-0.0887723465791184,0.677701863368047
1960,14,-0.110739366703508,0.108941286272465,0.577977190946956,-1.08450790040415,-0.725022951045152,0.622780144436514
1961,21,0.758770692300158,0.347996539653161,0.536576308503766,0.589080356064372,0.601831748227973,0.584173505180926
1962,20,0.299469962772832,0.289712389878817,0.515054841138442,0.687433568092666,0.41214747176454,0.594424825460813
1963,18,-0.147236838796084,0.139298648432056,0.607896376474016,-0.271515750215304,-0.390660122422581,0.678872477675486
1964,24,1.18648143009759,1.22821972584208,0.568956883559764,0.892720773104633,0.103304425652387,0.58454890422073
1965,23,0.545590598943934,1.02561446860642,0.540207093021952,0.973222779990134,0.15645636466688,0.588990521614437
1966,26,1.18442511280204,1.20423510056405,0.60453140851436,0.695810446769456,0.875602659276184,0.649065723224045
1967,19,-0.263266091151113,0.0471879905241755,0.525229425921161,-0.286274902049929,0.257884925770397,0.580610080567458
1968,8,-1.16362336752674,-0.849019619657431,0.645304834483811,-0.617948514613719,-1.09264007044287,0.65281252821277
1969,18,-0.173228373426876,0.338065416278496,0.56187404888577,0.100555238343464,-0.41319105811238,0.629158107715154
1970,9,-1.92743277536091,-0.901350439348775,0.643014826012237,-2.64178705348001,-1.13056925173786,0.677100460910141
1971,12,-1.00255286043706,-0.591597009950992,0.620642568227655,-0.558023445731218,-0.612873754034605,0.639420790596071
1972,20,-0.0334626031056692,0.600274365608892,0.545870322029063,0.0425650464412176,-0.0777188447987022,0.602374121576402
1973,8,-0.47947105535003,-1.14757035722892,0.634356642289665,-0.873924779683563,-1.07763716942996,0.666010220963664
1974,11,-0.991903365810448,-1.0814208266413,0.638593086961487,-1.08102687461693,-0.573843772466621,0.77741887617025
1975,19,0.332862542688631,-0.0534928095465135,0.516642993525623,0.106228180824084,0.242838054403413,0.606652150450674
1976,25,1.53117325400152,0.591153044302309,0.573669102562567,1.09952942828247,1.03169983596463,0.653450217150761
1977,26,0.628345278284126,0.617509315818879,0.562728601562862,1.14893611543464,1.1706583753609,0.645418961265305
1978,11,-0.478949462852117,-1.20123921516113,0.632194649554256,-0.53843704665176,-0.904967366765413,0.702741549638577
1979,22,0.828036049617018,0.600439575777454,0.524813261370089,1.44675419066425,0.27000456620015,0.577722342506341
1980,17,0.297241850413476,0.292717846122496,0.637422245646157,-0.648448284163307,-0.452710110069703,0.66939428084618
1981,20,1.29715364286644,0.51972134202588,0.540030967020379,-0.0993618467375945,-0.118631938856446,0.592227304263018
1982,21,0.0649643976972576,0.807891869951137,0.535016096358489,0.614627514131968,-0.00836705746133182,0.573878679334669
1983,6,-2.95024170005979,-1.46856200212111,0.694290416399107,-1.32303854050057,-1.20160655732475,0.75427961449832
1984,29,1.73930179906217,1.60284099033284,0.660837837850227,1.98963165128439,1.52926146456781,0.680169747721079
1985,10,-1.01635415811021,-0.984867089389861,0.653612791080684,-1.11231689617971,-1.07413059305078,0.65893793071267
1986,25,1.22469858667631,0.409771483068256,0.555377775207206,0.185124759197754,0.80225875423544,0.640651372808161
1987,15,0.131076391542798,-0.901821659034037,0.638810102354149,-0.391942499884602,-0.142409643002152,0.72987690600077
1988,15,-0.938795289911667,0.103084759971475,0.62530258285613,-0.706948753423587,-0.933968635611355,0.625755358602602
1989,10,0.0213156437200947,-0.439791071325795,0.642996434168882,-1.49819198367801,-1.16653996351209,0.659968900448294
1990,15,-0.28356362722923,-0.361547909557484,0.553089455373334,0.038295632669785,-0.0419404606789483,0.616188940524575
1991,23,1.03317026634263,1.02795232893436,0.588678974182609,1.00797095183827,0.132977019622797,0.684618964582548
1992,14,0.159586782508237,-0.551753307195241,0.565215513599533,-0.378074906741035,-0.0910904553598781,0.610040017676097
1993,19,-0.442125613083076,0.304514873163157,0.599359909854577,-0.562496033788746,-0.326110480955016,0.607912367459852
1994,11,-0.527449123868538,-0.528315456883339,0.625834330558724,-0.957613302123803,-0.869855784261454,0.632079952831842
1995,24,1.09126494877555,0.430907969483907,0.55611727666279,0.696736380199663,0.859160253485159,0.662243870683895
1996,24,0.652978288501555,0.2190295092933,0.542894811860399,0.450593823762367,1.09899898750776,0.647332018866711
1997,24,0.888853442546614,0.750267591483093,0.566888421512317,1.4906537087781,0.526680908898004,0.645726037218677
1998,12,-0.480004131282849,-0.755264886365027,0.677696171994067,-0.942566749320499,-0.938243377514607,0.656830283565542
1999,17,-0.40674815636817,-0.515616273754781,0.606199827789769,0.105745233147975,0.207069521999651,0.696417547670628
2000,28,2.21502088489623,1.85009741588416,0.644496404319291,1.1801850375756,1.05659357521926,0.608587620634871
